ISO-10303-21;
HEADER;
/* Generated by software containing ST-Developer
 * from STEP Tools, Inc. (www.steptools.com) 
 */

FILE_DESCRIPTION(
/* description */ (''),
/* implementation_level */ '2;1');

FILE_NAME(
/* name */ 'Main Body Design 11.2 final as STEP.step',
/* time_stamp */ '2025-11-11T14:16:04-05:00',
/* author */ (''),
/* organization */ (''),
/* preprocessor_version */ 'ST-DEVELOPER v20.1',
/* originating_system */ 'Autodesk Translation Framework v14.21.0.0',
/* authorisation */ '');

FILE_SCHEMA (('AUTOMOTIVE_DESIGN { 1 0 10303 214 3 1 1 }'));
ENDSEC;

DATA;
#10=MECHANICAL_DESIGN_GEOMETRIC_PRESENTATION_REPRESENTATION('',(#49,#50),
#6371);
#11=SHAPE_REPRESENTATION_RELATIONSHIP('SRR','None',#6377,#12);
#12=ADVANCED_BREP_SHAPE_REPRESENTATION('',(#51,#52),#6370);
#13=(
BOUNDED_SURFACE()
B_SPLINE_SURFACE(2,2,((#6294,#6295,#6296),(#6297,#6298,#6299),(#6300,#6301,
#6302)),.UNSPECIFIED.,.F.,.F.,.F.)
B_SPLINE_SURFACE_WITH_KNOTS((3,3),(3,3),(0.,1.5707963267949),(-1.5707963267949,
0.),.UNSPECIFIED.)
GEOMETRIC_REPRESENTATION_ITEM()
RATIONAL_B_SPLINE_SURFACE(((1.,0.707106781186548,1.),(0.707106781186547,
0.499999999999999,0.707106781186547),(1.,0.707106781186548,1.)))
REPRESENTATION_ITEM('')
SURFACE()
);
#14=(
BOUNDED_SURFACE()
B_SPLINE_SURFACE(2,2,((#6308,#6309,#6310),(#6311,#6312,#6313),(#6314,#6315,
#6316)),.UNSPECIFIED.,.F.,.F.,.F.)
B_SPLINE_SURFACE_WITH_KNOTS((3,3),(3,3),(-1.5707963267949,0.),(-1.5707963267949,
0.),.UNSPECIFIED.)
GEOMETRIC_REPRESENTATION_ITEM()
RATIONAL_B_SPLINE_SURFACE(((1.,0.707106781186548,1.),(0.707106781186548,
0.5,0.707106781186548),(1.,0.707106781186548,1.)))
REPRESENTATION_ITEM('')
SURFACE()
);
#15=(
BOUNDED_SURFACE()
B_SPLINE_SURFACE(2,2,((#6322,#6323,#6324),(#6325,#6326,#6327),(#6328,#6329,
#6330)),.UNSPECIFIED.,.F.,.F.,.F.)
B_SPLINE_SURFACE_WITH_KNOTS((3,3),(3,3),(0.,1.5707963267949),(0.,1.5707963267949),
 .UNSPECIFIED.)
GEOMETRIC_REPRESENTATION_ITEM()
RATIONAL_B_SPLINE_SURFACE(((1.,0.707106781186548,1.),(0.707106781186547,
0.499999999999999,0.707106781186547),(1.,0.707106781186548,1.)))
REPRESENTATION_ITEM('')
SURFACE()
);
#16=(
BOUNDED_SURFACE()
B_SPLINE_SURFACE(2,2,((#6338,#6339,#6340),(#6341,#6342,#6343),(#6344,#6345,
#6346)),.UNSPECIFIED.,.F.,.F.,.F.)
B_SPLINE_SURFACE_WITH_KNOTS((3,3),(3,3),(0.,1.5707963267949),(1.5707963267949,
3.14159265358979),.UNSPECIFIED.)
GEOMETRIC_REPRESENTATION_ITEM()
RATIONAL_B_SPLINE_SURFACE(((1.,0.707106781186548,1.),(0.707106781186546,
0.499999999999999,0.707106781186546),(1.,0.707106781186548,1.)))
REPRESENTATION_ITEM('')
SURFACE()
);
#17=SPHERICAL_SURFACE('',#3961,4.);
#18=SPHERICAL_SURFACE('',#3965,4.);
#19=SPHERICAL_SURFACE('',#3969,4.);
#20=SPHERICAL_SURFACE('',#3974,4.);
#21=B_SPLINE_CURVE_WITH_KNOTS('',3,(#5920,#5921,#5922,#5923,#5924,#5925,
#5926,#5927,#5928,#5929,#5930,#5931,#5932,#5933,#5934,#5935,#5936),
 .UNSPECIFIED.,.F.,.F.,(4,1,1,1,1,1,1,1,1,1,1,1,1,1,4),(-3.40284995684393,
-2.91672853443765,-2.43060711203138,-1.78244521548968,-1.45836426721883,
-0.810202370677126,-0.486121422406276,0.162040474135425,0.486121422406276,
0.810202370677126,1.45836426721883,1.9444856896251,2.43060711203138,2.91672853443765,
3.40196737925284),.UNSPECIFIED.);
#22=B_SPLINE_CURVE_WITH_KNOTS('',3,(#5937,#5938,#5939,#5940),
 .UNSPECIFIED.,.F.,.F.,(4,4),(3.40196737925284,3.40284995684393),
 .UNSPECIFIED.);
#23=B_SPLINE_CURVE_WITH_KNOTS('',3,(#5941,#5942,#5943,#5944,#5945,#5946,
#5947,#5948,#5949,#5950,#5951,#5952,#5953,#5954,#5955,#5956,#5957),
 .UNSPECIFIED.,.T.,.F.,(4,1,1,1,1,1,1,1,1,1,1,1,1,1,4),(-3.40284995684393,
-2.91672853443765,-2.43060711203138,-1.9444856896251,-1.45836426721883,
-0.810202370677126,-0.486121422406276,-0.162040474135425,0.486121422406276,
0.810202370677126,1.45836426721883,1.78244521548968,2.43060711203138,2.91672853443765,
3.40284995684393),.UNSPECIFIED.);
#24=B_SPLINE_SURFACE_WITH_KNOTS('',3,3,((#5831,#5832,#5833,#5834,#5835,
#5836,#5837,#5838,#5839,#5840,#5841,#5842,#5843,#5844,#5845,#5846,#5847),
(#5848,#5849,#5850,#5851,#5852,#5853,#5854,#5855,#5856,#5857,#5858,#5859,
#5860,#5861,#5862,#5863,#5864),(#5865,#5866,#5867,#5868,#5869,#5870,#5871,
#5872,#5873,#5874,#5875,#5876,#5877,#5878,#5879,#5880,#5881),(#5882,#5883,
#5884,#5885,#5886,#5887,#5888,#5889,#5890,#5891,#5892,#5893,#5894,#5895,
#5896,#5897,#5898),(#5899,#5900,#5901,#5902,#5903,#5904,#5905,#5906,#5907,
#5908,#5909,#5910,#5911,#5912,#5913,#5914,#5915)),.UNSPECIFIED.,.F.,.T.,
 .F.,(4,1,4),(4,1,1,1,1,1,1,1,1,1,1,1,1,1,4),(0.,0.5,1.),(-3.40284995684393,
-2.91672853443765,-2.43060711203138,-1.9444856896251,-1.45836426721883,
-0.810202370677126,-0.486121422406276,-0.162040474135425,0.486121422406276,
0.810202370677126,1.45836426721883,1.78244521548968,2.43060711203138,2.91672853443765,
3.40284995684393),.UNSPECIFIED.);
#25=ELLIPSE('',#3748,1.4142135623731,1.);
#26=ELLIPSE('',#3749,1.01542661188575,1.);
#27=ELLIPSE('',#3750,1.41421356237309,1.);
#28=ELLIPSE('',#3752,1.41421356237309,1.);
#29=ELLIPSE('',#3756,1.4142135623731,1.);
#30=ELLIPSE('',#3758,1.01542661188575,1.);
#31=ELLIPSE('',#3764,1.41421356237309,1.);
#32=ELLIPSE('',#3765,1.41421356237309,1.);
#33=ELLIPSE('',#3767,1.01542661188575,1.);
#34=ELLIPSE('',#3768,1.41421356237309,1.);
#35=ELLIPSE('',#3771,1.4142135623731,1.);
#36=ELLIPSE('',#3774,1.01542661188575,1.);
#37=ELLIPSE('',#3780,1.4142135623731,1.);
#38=ELLIPSE('',#3781,1.4142135623731,1.);
#39=ELLIPSE('',#3783,1.01542661188575,1.);
#40=ELLIPSE('',#3784,1.41421356237309,1.);
#41=ELLIPSE('',#3787,1.4142135623731,1.);
#42=ELLIPSE('',#3790,1.01542661188575,1.);
#43=ELLIPSE('',#3796,1.41421356237309,1.);
#44=ELLIPSE('',#3797,1.01542661188575,1.);
#45=ELLIPSE('',#3798,1.41421356237309,1.);
#46=ELLIPSE('',#3800,1.41421356237309,1.);
#47=ELLIPSE('',#3804,1.4142135623731,1.);
#48=ELLIPSE('',#3806,1.01542661188575,1.);
#49=STYLED_ITEM('',(#6386),#51);
#50=STYLED_ITEM('',(#6386),#52);
#51=MANIFOLD_SOLID_BREP('Top',#3566);
#52=MANIFOLD_SOLID_BREP('Bottom',#3567);
#53=TOROIDAL_SURFACE('',#3616,1.75,0.5);
#54=TOROIDAL_SURFACE('',#3624,1.75,0.5);
#55=TOROIDAL_SURFACE('',#3632,1.75,0.5);
#56=TOROIDAL_SURFACE('',#3640,1.75,0.5);
#57=TOROIDAL_SURFACE('',#3651,3.,1.);
#58=TOROIDAL_SURFACE('',#3657,3.,1.);
#59=TOROIDAL_SURFACE('',#3663,3.,1.);
#60=TOROIDAL_SURFACE('',#3669,3.,1.);
#61=TOROIDAL_SURFACE('',#3683,3.,0.449999999999999);
#62=TOROIDAL_SURFACE('',#3690,3.,0.449999999999999);
#63=TOROIDAL_SURFACE('',#3696,3.,0.449999999999999);
#64=TOROIDAL_SURFACE('',#3702,3.,0.449999999999999);
#65=TOROIDAL_SURFACE('',#3832,9.,1.);
#66=TOROIDAL_SURFACE('',#3841,9.2,0.8);
#67=TOROIDAL_SURFACE('',#3845,1.75,0.5);
#68=TOROIDAL_SURFACE('',#3855,1.75,0.5);
#69=TOROIDAL_SURFACE('',#3864,1.75,0.5);
#70=TOROIDAL_SURFACE('',#3874,1.75,0.5);
#71=TOROIDAL_SURFACE('',#3883,3.,0.449999999999999);
#72=TOROIDAL_SURFACE('',#3890,3.,0.449999999999999);
#73=TOROIDAL_SURFACE('',#3896,3.,0.449999999999999);
#74=TOROIDAL_SURFACE('',#3902,3.,0.449999999999999);
#75=CYLINDRICAL_SURFACE('',#3575,2.7);
#76=CYLINDRICAL_SURFACE('',#3578,2.7);
#77=CYLINDRICAL_SURFACE('',#3581,2.7);
#78=CYLINDRICAL_SURFACE('',#3584,2.7);
#79=CYLINDRICAL_SURFACE('',#3587,2.5);
#80=CYLINDRICAL_SURFACE('',#3590,2.5);
#81=CYLINDRICAL_SURFACE('',#3593,2.5);
#82=CYLINDRICAL_SURFACE('',#3596,2.5);
#83=CYLINDRICAL_SURFACE('',#3613,12.5);
#84=CYLINDRICAL_SURFACE('',#3648,1.);
#85=CYLINDRICAL_SURFACE('',#3655,1.);
#86=CYLINDRICAL_SURFACE('',#3661,1.);
#87=CYLINDRICAL_SURFACE('',#3667,1.);
#88=CYLINDRICAL_SURFACE('',#3672,4.);
#89=CYLINDRICAL_SURFACE('',#3675,4.);
#90=CYLINDRICAL_SURFACE('',#3688,0.449999999999999);
#91=CYLINDRICAL_SURFACE('',#3694,0.449999999999999);
#92=CYLINDRICAL_SURFACE('',#3700,0.449999999999999);
#93=CYLINDRICAL_SURFACE('',#3706,0.449999999999999);
#94=CYLINDRICAL_SURFACE('',#3712,0.75);
#95=CYLINDRICAL_SURFACE('',#3715,0.75);
#96=CYLINDRICAL_SURFACE('',#3717,0.75);
#97=CYLINDRICAL_SURFACE('',#3719,0.75);
#98=CYLINDRICAL_SURFACE('',#3721,1.75);
#99=CYLINDRICAL_SURFACE('',#3724,1.75);
#100=CYLINDRICAL_SURFACE('',#3727,1.75);
#101=CYLINDRICAL_SURFACE('',#3730,1.75);
#102=CYLINDRICAL_SURFACE('',#3733,2.);
#103=CYLINDRICAL_SURFACE('',#3734,2.);
#104=CYLINDRICAL_SURFACE('',#3736,2.);
#105=CYLINDRICAL_SURFACE('',#3738,2.);
#106=CYLINDRICAL_SURFACE('',#3740,4.);
#107=CYLINDRICAL_SURFACE('',#3743,4.);
#108=CYLINDRICAL_SURFACE('',#3747,1.);
#109=CYLINDRICAL_SURFACE('',#3751,1.);
#110=CYLINDRICAL_SURFACE('',#3753,1.);
#111=CYLINDRICAL_SURFACE('',#3757,1.);
#112=CYLINDRICAL_SURFACE('',#3763,1.);
#113=CYLINDRICAL_SURFACE('',#3766,1.);
#114=CYLINDRICAL_SURFACE('',#3769,1.);
#115=CYLINDRICAL_SURFACE('',#3773,1.);
#116=CYLINDRICAL_SURFACE('',#3779,1.);
#117=CYLINDRICAL_SURFACE('',#3782,1.);
#118=CYLINDRICAL_SURFACE('',#3785,1.);
#119=CYLINDRICAL_SURFACE('',#3789,1.);
#120=CYLINDRICAL_SURFACE('',#3795,1.);
#121=CYLINDRICAL_SURFACE('',#3799,1.);
#122=CYLINDRICAL_SURFACE('',#3801,1.);
#123=CYLINDRICAL_SURFACE('',#3805,1.);
#124=CYLINDRICAL_SURFACE('',#3811,1.);
#125=CYLINDRICAL_SURFACE('',#3816,1.);
#126=CYLINDRICAL_SURFACE('',#3822,1.);
#127=CYLINDRICAL_SURFACE('',#3828,1.);
#128=CYLINDRICAL_SURFACE('',#3837,10.);
#129=CYLINDRICAL_SURFACE('',#3888,0.449999999999999);
#130=CYLINDRICAL_SURFACE('',#3894,0.449999999999999);
#131=CYLINDRICAL_SURFACE('',#3900,0.449999999999999);
#132=CYLINDRICAL_SURFACE('',#3906,0.449999999999999);
#133=CYLINDRICAL_SURFACE('',#3912,0.75);
#134=CYLINDRICAL_SURFACE('',#3916,0.75);
#135=CYLINDRICAL_SURFACE('',#3920,0.75);
#136=CYLINDRICAL_SURFACE('',#3924,0.75);
#137=CYLINDRICAL_SURFACE('',#3928,2.5);
#138=CYLINDRICAL_SURFACE('',#3934,2.);
#139=CYLINDRICAL_SURFACE('',#3936,2.);
#140=CYLINDRICAL_SURFACE('',#3940,2.5);
#141=CYLINDRICAL_SURFACE('',#3943,2.);
#142=CYLINDRICAL_SURFACE('',#3944,2.5);
#143=CYLINDRICAL_SURFACE('',#3950,2.);
#144=CYLINDRICAL_SURFACE('',#3952,2.);
#145=CYLINDRICAL_SURFACE('',#3953,2.5);
#146=CYLINDRICAL_SURFACE('',#3958,2.);
#147=CYLINDRICAL_SURFACE('',#3960,2.);
#148=CYLINDRICAL_SURFACE('',#3973,4.);
#149=CYLINDRICAL_SURFACE('',#3978,4.);
#150=CYLINDRICAL_SURFACE('',#3979,4.);
#151=CYLINDRICAL_SURFACE('',#3981,4.);
#152=CYLINDRICAL_SURFACE('',#3982,4.);
#153=CYLINDRICAL_SURFACE('',#3984,4.);
#154=CYLINDRICAL_SURFACE('',#3985,4.);
#155=CYLINDRICAL_SURFACE('',#3987,4.);
#156=CYLINDRICAL_SURFACE('',#4004,1.);
#157=CYLINDRICAL_SURFACE('',#4005,1.);
#158=CYLINDRICAL_SURFACE('',#4006,2.);
#159=CYLINDRICAL_SURFACE('',#4007,1.);
#160=CYLINDRICAL_SURFACE('',#4008,1.);
#161=FACE_BOUND('',#409,.T.);
#162=FACE_BOUND('',#439,.T.);
#163=FACE_BOUND('',#443,.T.);
#164=FACE_BOUND('',#446,.T.);
#165=FACE_BOUND('',#461,.T.);
#166=FACE_BOUND('',#462,.T.);
#167=FACE_BOUND('',#463,.T.);
#168=FACE_BOUND('',#464,.T.);
#169=FACE_BOUND('',#474,.T.);
#170=FACE_BOUND('',#475,.T.);
#171=FACE_BOUND('',#476,.T.);
#172=FACE_BOUND('',#477,.T.);
#173=FACE_BOUND('',#478,.T.);
#174=FACE_BOUND('',#485,.T.);
#175=FACE_BOUND('',#488,.T.);
#176=FACE_BOUND('',#491,.T.);
#177=FACE_BOUND('',#494,.T.);
#178=FACE_BOUND('',#502,.T.);
#179=FACE_BOUND('',#508,.T.);
#180=FACE_BOUND('',#514,.T.);
#181=FACE_BOUND('',#522,.T.);
#182=FACE_BOUND('',#530,.T.);
#183=FACE_BOUND('',#538,.T.);
#184=FACE_BOUND('',#545,.T.);
#185=FACE_BOUND('',#550,.T.);
#186=FACE_BOUND('',#555,.T.);
#187=FACE_BOUND('',#561,.T.);
#188=FACE_BOUND('',#567,.T.);
#189=FACE_BOUND('',#591,.T.);
#190=FACE_BOUND('',#603,.T.);
#191=FACE_BOUND('',#610,.T.);
#192=FACE_BOUND('',#616,.T.);
#193=FACE_BOUND('',#623,.T.);
#194=FACE_BOUND('',#650,.T.);
#195=FACE_BOUND('',#653,.T.);
#196=FACE_OUTER_BOUND('',#408,.T.);
#197=FACE_OUTER_BOUND('',#410,.T.);
#198=FACE_OUTER_BOUND('',#411,.T.);
#199=FACE_OUTER_BOUND('',#412,.T.);
#200=FACE_OUTER_BOUND('',#413,.T.);
#201=FACE_OUTER_BOUND('',#414,.T.);
#202=FACE_OUTER_BOUND('',#415,.T.);
#203=FACE_OUTER_BOUND('',#416,.T.);
#204=FACE_OUTER_BOUND('',#417,.T.);
#205=FACE_OUTER_BOUND('',#418,.T.);
#206=FACE_OUTER_BOUND('',#419,.T.);
#207=FACE_OUTER_BOUND('',#420,.T.);
#208=FACE_OUTER_BOUND('',#421,.T.);
#209=FACE_OUTER_BOUND('',#422,.T.);
#210=FACE_OUTER_BOUND('',#423,.T.);
#211=FACE_OUTER_BOUND('',#424,.T.);
#212=FACE_OUTER_BOUND('',#425,.T.);
#213=FACE_OUTER_BOUND('',#426,.T.);
#214=FACE_OUTER_BOUND('',#427,.T.);
#215=FACE_OUTER_BOUND('',#428,.T.);
#216=FACE_OUTER_BOUND('',#429,.T.);
#217=FACE_OUTER_BOUND('',#430,.T.);
#218=FACE_OUTER_BOUND('',#431,.T.);
#219=FACE_OUTER_BOUND('',#432,.T.);
#220=FACE_OUTER_BOUND('',#433,.T.);
#221=FACE_OUTER_BOUND('',#434,.T.);
#222=FACE_OUTER_BOUND('',#435,.T.);
#223=FACE_OUTER_BOUND('',#436,.T.);
#224=FACE_OUTER_BOUND('',#437,.T.);
#225=FACE_OUTER_BOUND('',#438,.T.);
#226=FACE_OUTER_BOUND('',#440,.T.);
#227=FACE_OUTER_BOUND('',#441,.T.);
#228=FACE_OUTER_BOUND('',#442,.T.);
#229=FACE_OUTER_BOUND('',#444,.T.);
#230=FACE_OUTER_BOUND('',#445,.T.);
#231=FACE_OUTER_BOUND('',#447,.T.);
#232=FACE_OUTER_BOUND('',#448,.T.);
#233=FACE_OUTER_BOUND('',#449,.T.);
#234=FACE_OUTER_BOUND('',#450,.T.);
#235=FACE_OUTER_BOUND('',#451,.T.);
#236=FACE_OUTER_BOUND('',#452,.T.);
#237=FACE_OUTER_BOUND('',#453,.T.);
#238=FACE_OUTER_BOUND('',#454,.T.);
#239=FACE_OUTER_BOUND('',#455,.T.);
#240=FACE_OUTER_BOUND('',#456,.T.);
#241=FACE_OUTER_BOUND('',#457,.T.);
#242=FACE_OUTER_BOUND('',#458,.T.);
#243=FACE_OUTER_BOUND('',#459,.T.);
#244=FACE_OUTER_BOUND('',#460,.T.);
#245=FACE_OUTER_BOUND('',#465,.T.);
#246=FACE_OUTER_BOUND('',#466,.T.);
#247=FACE_OUTER_BOUND('',#467,.T.);
#248=FACE_OUTER_BOUND('',#468,.T.);
#249=FACE_OUTER_BOUND('',#469,.T.);
#250=FACE_OUTER_BOUND('',#470,.T.);
#251=FACE_OUTER_BOUND('',#471,.T.);
#252=FACE_OUTER_BOUND('',#472,.T.);
#253=FACE_OUTER_BOUND('',#473,.T.);
#254=FACE_OUTER_BOUND('',#479,.T.);
#255=FACE_OUTER_BOUND('',#480,.T.);
#256=FACE_OUTER_BOUND('',#481,.T.);
#257=FACE_OUTER_BOUND('',#482,.T.);
#258=FACE_OUTER_BOUND('',#483,.T.);
#259=FACE_OUTER_BOUND('',#484,.T.);
#260=FACE_OUTER_BOUND('',#486,.T.);
#261=FACE_OUTER_BOUND('',#487,.T.);
#262=FACE_OUTER_BOUND('',#489,.T.);
#263=FACE_OUTER_BOUND('',#490,.T.);
#264=FACE_OUTER_BOUND('',#492,.T.);
#265=FACE_OUTER_BOUND('',#493,.T.);
#266=FACE_OUTER_BOUND('',#495,.T.);
#267=FACE_OUTER_BOUND('',#496,.T.);
#268=FACE_OUTER_BOUND('',#497,.T.);
#269=FACE_OUTER_BOUND('',#498,.T.);
#270=FACE_OUTER_BOUND('',#499,.T.);
#271=FACE_OUTER_BOUND('',#500,.T.);
#272=FACE_OUTER_BOUND('',#501,.T.);
#273=FACE_OUTER_BOUND('',#503,.T.);
#274=FACE_OUTER_BOUND('',#504,.T.);
#275=FACE_OUTER_BOUND('',#505,.T.);
#276=FACE_OUTER_BOUND('',#506,.T.);
#277=FACE_OUTER_BOUND('',#507,.T.);
#278=FACE_OUTER_BOUND('',#509,.T.);
#279=FACE_OUTER_BOUND('',#510,.T.);
#280=FACE_OUTER_BOUND('',#511,.T.);
#281=FACE_OUTER_BOUND('',#512,.T.);
#282=FACE_OUTER_BOUND('',#513,.T.);
#283=FACE_OUTER_BOUND('',#515,.T.);
#284=FACE_OUTER_BOUND('',#516,.T.);
#285=FACE_OUTER_BOUND('',#517,.T.);
#286=FACE_OUTER_BOUND('',#518,.T.);
#287=FACE_OUTER_BOUND('',#519,.T.);
#288=FACE_OUTER_BOUND('',#520,.T.);
#289=FACE_OUTER_BOUND('',#521,.T.);
#290=FACE_OUTER_BOUND('',#523,.T.);
#291=FACE_OUTER_BOUND('',#524,.T.);
#292=FACE_OUTER_BOUND('',#525,.T.);
#293=FACE_OUTER_BOUND('',#526,.T.);
#294=FACE_OUTER_BOUND('',#527,.T.);
#295=FACE_OUTER_BOUND('',#528,.T.);
#296=FACE_OUTER_BOUND('',#529,.T.);
#297=FACE_OUTER_BOUND('',#531,.T.);
#298=FACE_OUTER_BOUND('',#532,.T.);
#299=FACE_OUTER_BOUND('',#533,.T.);
#300=FACE_OUTER_BOUND('',#534,.T.);
#301=FACE_OUTER_BOUND('',#535,.T.);
#302=FACE_OUTER_BOUND('',#536,.T.);
#303=FACE_OUTER_BOUND('',#537,.T.);
#304=FACE_OUTER_BOUND('',#539,.T.);
#305=FACE_OUTER_BOUND('',#540,.T.);
#306=FACE_OUTER_BOUND('',#541,.T.);
#307=FACE_OUTER_BOUND('',#542,.T.);
#308=FACE_OUTER_BOUND('',#543,.T.);
#309=FACE_OUTER_BOUND('',#544,.T.);
#310=FACE_OUTER_BOUND('',#546,.T.);
#311=FACE_OUTER_BOUND('',#547,.T.);
#312=FACE_OUTER_BOUND('',#548,.T.);
#313=FACE_OUTER_BOUND('',#549,.T.);
#314=FACE_OUTER_BOUND('',#551,.T.);
#315=FACE_OUTER_BOUND('',#552,.T.);
#316=FACE_OUTER_BOUND('',#553,.T.);
#317=FACE_OUTER_BOUND('',#554,.T.);
#318=FACE_OUTER_BOUND('',#556,.T.);
#319=FACE_OUTER_BOUND('',#557,.T.);
#320=FACE_OUTER_BOUND('',#558,.T.);
#321=FACE_OUTER_BOUND('',#559,.T.);
#322=FACE_OUTER_BOUND('',#560,.T.);
#323=FACE_OUTER_BOUND('',#562,.T.);
#324=FACE_OUTER_BOUND('',#563,.T.);
#325=FACE_OUTER_BOUND('',#564,.T.);
#326=FACE_OUTER_BOUND('',#565,.T.);
#327=FACE_OUTER_BOUND('',#566,.T.);
#328=FACE_OUTER_BOUND('',#568,.T.);
#329=FACE_OUTER_BOUND('',#569,.T.);
#330=FACE_OUTER_BOUND('',#570,.T.);
#331=FACE_OUTER_BOUND('',#571,.T.);
#332=FACE_OUTER_BOUND('',#572,.T.);
#333=FACE_OUTER_BOUND('',#573,.T.);
#334=FACE_OUTER_BOUND('',#574,.T.);
#335=FACE_OUTER_BOUND('',#575,.T.);
#336=FACE_OUTER_BOUND('',#576,.T.);
#337=FACE_OUTER_BOUND('',#577,.T.);
#338=FACE_OUTER_BOUND('',#578,.T.);
#339=FACE_OUTER_BOUND('',#579,.T.);
#340=FACE_OUTER_BOUND('',#580,.T.);
#341=FACE_OUTER_BOUND('',#581,.T.);
#342=FACE_OUTER_BOUND('',#582,.T.);
#343=FACE_OUTER_BOUND('',#583,.T.);
#344=FACE_OUTER_BOUND('',#584,.T.);
#345=FACE_OUTER_BOUND('',#585,.T.);
#346=FACE_OUTER_BOUND('',#586,.T.);
#347=FACE_OUTER_BOUND('',#587,.T.);
#348=FACE_OUTER_BOUND('',#588,.T.);
#349=FACE_OUTER_BOUND('',#589,.T.);
#350=FACE_OUTER_BOUND('',#590,.T.);
#351=FACE_OUTER_BOUND('',#592,.T.);
#352=FACE_OUTER_BOUND('',#593,.T.);
#353=FACE_OUTER_BOUND('',#594,.T.);
#354=FACE_OUTER_BOUND('',#595,.T.);
#355=FACE_OUTER_BOUND('',#596,.T.);
#356=FACE_OUTER_BOUND('',#597,.T.);
#357=FACE_OUTER_BOUND('',#598,.T.);
#358=FACE_OUTER_BOUND('',#599,.T.);
#359=FACE_OUTER_BOUND('',#600,.T.);
#360=FACE_OUTER_BOUND('',#601,.T.);
#361=FACE_OUTER_BOUND('',#602,.T.);
#362=FACE_OUTER_BOUND('',#604,.T.);
#363=FACE_OUTER_BOUND('',#605,.T.);
#364=FACE_OUTER_BOUND('',#606,.T.);
#365=FACE_OUTER_BOUND('',#607,.T.);
#366=FACE_OUTER_BOUND('',#608,.T.);
#367=FACE_OUTER_BOUND('',#609,.T.);
#368=FACE_OUTER_BOUND('',#611,.T.);
#369=FACE_OUTER_BOUND('',#612,.T.);
#370=FACE_OUTER_BOUND('',#613,.T.);
#371=FACE_OUTER_BOUND('',#614,.T.);
#372=FACE_OUTER_BOUND('',#615,.T.);
#373=FACE_OUTER_BOUND('',#617,.T.);
#374=FACE_OUTER_BOUND('',#618,.T.);
#375=FACE_OUTER_BOUND('',#619,.T.);
#376=FACE_OUTER_BOUND('',#620,.T.);
#377=FACE_OUTER_BOUND('',#621,.T.);
#378=FACE_OUTER_BOUND('',#622,.T.);
#379=FACE_OUTER_BOUND('',#624,.T.);
#380=FACE_OUTER_BOUND('',#625,.T.);
#381=FACE_OUTER_BOUND('',#626,.T.);
#382=FACE_OUTER_BOUND('',#627,.T.);
#383=FACE_OUTER_BOUND('',#628,.T.);
#384=FACE_OUTER_BOUND('',#629,.T.);
#385=FACE_OUTER_BOUND('',#630,.T.);
#386=FACE_OUTER_BOUND('',#631,.T.);
#387=FACE_OUTER_BOUND('',#632,.T.);
#388=FACE_OUTER_BOUND('',#633,.T.);
#389=FACE_OUTER_BOUND('',#634,.T.);
#390=FACE_OUTER_BOUND('',#635,.T.);
#391=FACE_OUTER_BOUND('',#636,.T.);
#392=FACE_OUTER_BOUND('',#637,.T.);
#393=FACE_OUTER_BOUND('',#638,.T.);
#394=FACE_OUTER_BOUND('',#639,.T.);
#395=FACE_OUTER_BOUND('',#640,.T.);
#396=FACE_OUTER_BOUND('',#641,.T.);
#397=FACE_OUTER_BOUND('',#642,.T.);
#398=FACE_OUTER_BOUND('',#643,.T.);
#399=FACE_OUTER_BOUND('',#644,.T.);
#400=FACE_OUTER_BOUND('',#645,.T.);
#401=FACE_OUTER_BOUND('',#646,.T.);
#402=FACE_OUTER_BOUND('',#647,.T.);
#403=FACE_OUTER_BOUND('',#648,.T.);
#404=FACE_OUTER_BOUND('',#649,.T.);
#405=FACE_OUTER_BOUND('',#651,.T.);
#406=FACE_OUTER_BOUND('',#652,.T.);
#407=FACE_OUTER_BOUND('',#654,.T.);
#408=EDGE_LOOP('',(#2239,#2240,#2241,#2242,#2243,#2244,#2245,#2246));
#409=EDGE_LOOP('',(#2247));
#410=EDGE_LOOP('',(#2248,#2249,#2250,#2251));
#411=EDGE_LOOP('',(#2252,#2253,#2254,#2255));
#412=EDGE_LOOP('',(#2256,#2257,#2258,#2259));
#413=EDGE_LOOP('',(#2260,#2261,#2262,#2263));
#414=EDGE_LOOP('',(#2264,#2265,#2266,#2267));
#415=EDGE_LOOP('',(#2268,#2269,#2270,#2271));
#416=EDGE_LOOP('',(#2272,#2273,#2274,#2275));
#417=EDGE_LOOP('',(#2276,#2277,#2278,#2279));
#418=EDGE_LOOP('',(#2280,#2281,#2282,#2283));
#419=EDGE_LOOP('',(#2284,#2285,#2286,#2287));
#420=EDGE_LOOP('',(#2288,#2289,#2290,#2291));
#421=EDGE_LOOP('',(#2292,#2293,#2294,#2295));
#422=EDGE_LOOP('',(#2296,#2297,#2298,#2299,#2300));
#423=EDGE_LOOP('',(#2301,#2302,#2303,#2304,#2305));
#424=EDGE_LOOP('',(#2306,#2307,#2308,#2309,#2310));
#425=EDGE_LOOP('',(#2311,#2312,#2313,#2314,#2315));
#426=EDGE_LOOP('',(#2316,#2317,#2318,#2319,#2320));
#427=EDGE_LOOP('',(#2321,#2322,#2323,#2324,#2325));
#428=EDGE_LOOP('',(#2326,#2327,#2328,#2329));
#429=EDGE_LOOP('',(#2330,#2331,#2332,#2333,#2334));
#430=EDGE_LOOP('',(#2335,#2336,#2337,#2338,#2339));
#431=EDGE_LOOP('',(#2340,#2341,#2342,#2343));
#432=EDGE_LOOP('',(#2344));
#433=EDGE_LOOP('',(#2345,#2346,#2347,#2348,#2349,#2350));
#434=EDGE_LOOP('',(#2351,#2352,#2353,#2354));
#435=EDGE_LOOP('',(#2355,#2356,#2357,#2358));
#436=EDGE_LOOP('',(#2359,#2360,#2361,#2362,#2363));
#437=EDGE_LOOP('',(#2364,#2365,#2366,#2367));
#438=EDGE_LOOP('',(#2368));
#439=EDGE_LOOP('',(#2369));
#440=EDGE_LOOP('',(#2370,#2371,#2372,#2373,#2374,#2375));
#441=EDGE_LOOP('',(#2376,#2377,#2378,#2379));
#442=EDGE_LOOP('',(#2380));
#443=EDGE_LOOP('',(#2381));
#444=EDGE_LOOP('',(#2382,#2383,#2384,#2385,#2386));
#445=EDGE_LOOP('',(#2387));
#446=EDGE_LOOP('',(#2388));
#447=EDGE_LOOP('',(#2389,#2390,#2391,#2392));
#448=EDGE_LOOP('',(#2393,#2394,#2395,#2396));
#449=EDGE_LOOP('',(#2397,#2398,#2399,#2400));
#450=EDGE_LOOP('',(#2401,#2402,#2403,#2404));
#451=EDGE_LOOP('',(#2405,#2406,#2407,#2408));
#452=EDGE_LOOP('',(#2409,#2410,#2411,#2412));
#453=EDGE_LOOP('',(#2413,#2414,#2415,#2416));
#454=EDGE_LOOP('',(#2417,#2418,#2419,#2420));
#455=EDGE_LOOP('',(#2421,#2422,#2423,#2424));
#456=EDGE_LOOP('',(#2425,#2426,#2427,#2428));
#457=EDGE_LOOP('',(#2429,#2430,#2431,#2432));
#458=EDGE_LOOP('',(#2433,#2434,#2435,#2436));
#459=EDGE_LOOP('',(#2437,#2438,#2439,#2440));
#460=EDGE_LOOP('',(#2441,#2442,#2443,#2444,#2445,#2446,#2447,#2448));
#461=EDGE_LOOP('',(#2449));
#462=EDGE_LOOP('',(#2450));
#463=EDGE_LOOP('',(#2451));
#464=EDGE_LOOP('',(#2452));
#465=EDGE_LOOP('',(#2453,#2454,#2455,#2456));
#466=EDGE_LOOP('',(#2457,#2458,#2459,#2460));
#467=EDGE_LOOP('',(#2461,#2462,#2463,#2464));
#468=EDGE_LOOP('',(#2465,#2466,#2467,#2468));
#469=EDGE_LOOP('',(#2469,#2470,#2471,#2472));
#470=EDGE_LOOP('',(#2473,#2474,#2475,#2476));
#471=EDGE_LOOP('',(#2477,#2478,#2479,#2480));
#472=EDGE_LOOP('',(#2481,#2482,#2483,#2484));
#473=EDGE_LOOP('',(#2485,#2486,#2487,#2488,#2489,#2490,#2491,#2492));
#474=EDGE_LOOP('',(#2493,#2494,#2495,#2496));
#475=EDGE_LOOP('',(#2497,#2498,#2499,#2500));
#476=EDGE_LOOP('',(#2501,#2502,#2503,#2504));
#477=EDGE_LOOP('',(#2505,#2506,#2507,#2508,#2509,#2510,#2511,#2512));
#478=EDGE_LOOP('',(#2513,#2514,#2515,#2516));
#479=EDGE_LOOP('',(#2517,#2518,#2519,#2520));
#480=EDGE_LOOP('',(#2521,#2522,#2523,#2524));
#481=EDGE_LOOP('',(#2525,#2526,#2527,#2528));
#482=EDGE_LOOP('',(#2529,#2530,#2531,#2532));
#483=EDGE_LOOP('',(#2533,#2534,#2535,#2536));
#484=EDGE_LOOP('',(#2537));
#485=EDGE_LOOP('',(#2538));
#486=EDGE_LOOP('',(#2539,#2540,#2541,#2542));
#487=EDGE_LOOP('',(#2543));
#488=EDGE_LOOP('',(#2544));
#489=EDGE_LOOP('',(#2545,#2546,#2547,#2548));
#490=EDGE_LOOP('',(#2549));
#491=EDGE_LOOP('',(#2550));
#492=EDGE_LOOP('',(#2551,#2552,#2553,#2554));
#493=EDGE_LOOP('',(#2555));
#494=EDGE_LOOP('',(#2556));
#495=EDGE_LOOP('',(#2557,#2558,#2559,#2560));
#496=EDGE_LOOP('',(#2561,#2562,#2563,#2564));
#497=EDGE_LOOP('',(#2565,#2566,#2567,#2568,#2569));
#498=EDGE_LOOP('',(#2570,#2571,#2572,#2573));
#499=EDGE_LOOP('',(#2574,#2575,#2576,#2577,#2578));
#500=EDGE_LOOP('',(#2579,#2580,#2581,#2582));
#501=EDGE_LOOP('',(#2583));
#502=EDGE_LOOP('',(#2584));
#503=EDGE_LOOP('',(#2585,#2586,#2587,#2588));
#504=EDGE_LOOP('',(#2589,#2590,#2591,#2592));
#505=EDGE_LOOP('',(#2593,#2594,#2595,#2596));
#506=EDGE_LOOP('',(#2597,#2598,#2599,#2600));
#507=EDGE_LOOP('',(#2601,#2602,#2603,#2604,#2605,#2606,#2607,#2608));
#508=EDGE_LOOP('',(#2609,#2610,#2611,#2612,#2613,#2614,#2615,#2616));
#509=EDGE_LOOP('',(#2617,#2618,#2619,#2620,#2621));
#510=EDGE_LOOP('',(#2622,#2623,#2624,#2625));
#511=EDGE_LOOP('',(#2626,#2627,#2628,#2629,#2630,#2631));
#512=EDGE_LOOP('',(#2632,#2633,#2634,#2635,#2636));
#513=EDGE_LOOP('',(#2637,#2638,#2639,#2640,#2641));
#514=EDGE_LOOP('',(#2642));
#515=EDGE_LOOP('',(#2643,#2644,#2645,#2646,#2647));
#516=EDGE_LOOP('',(#2648,#2649,#2650,#2651));
#517=EDGE_LOOP('',(#2652,#2653,#2654,#2655));
#518=EDGE_LOOP('',(#2656,#2657,#2658,#2659,#2660));
#519=EDGE_LOOP('',(#2661,#2662,#2663,#2664,#2665,#2666));
#520=EDGE_LOOP('',(#2667,#2668,#2669,#2670,#2671));
#521=EDGE_LOOP('',(#2672,#2673,#2674,#2675,#2676));
#522=EDGE_LOOP('',(#2677));
#523=EDGE_LOOP('',(#2678,#2679,#2680,#2681,#2682));
#524=EDGE_LOOP('',(#2683,#2684,#2685,#2686));
#525=EDGE_LOOP('',(#2687,#2688,#2689,#2690));
#526=EDGE_LOOP('',(#2691,#2692,#2693,#2694,#2695));
#527=EDGE_LOOP('',(#2696,#2697,#2698,#2699,#2700,#2701));
#528=EDGE_LOOP('',(#2702,#2703,#2704,#2705,#2706));
#529=EDGE_LOOP('',(#2707,#2708,#2709,#2710,#2711));
#530=EDGE_LOOP('',(#2712));
#531=EDGE_LOOP('',(#2713,#2714,#2715,#2716,#2717));
#532=EDGE_LOOP('',(#2718,#2719,#2720,#2721));
#533=EDGE_LOOP('',(#2722,#2723,#2724,#2725,#2726));
#534=EDGE_LOOP('',(#2727,#2728,#2729,#2730));
#535=EDGE_LOOP('',(#2731,#2732,#2733,#2734,#2735,#2736));
#536=EDGE_LOOP('',(#2737,#2738,#2739,#2740,#2741));
#537=EDGE_LOOP('',(#2742,#2743,#2744,#2745,#2746));
#538=EDGE_LOOP('',(#2747));
#539=EDGE_LOOP('',(#2748,#2749,#2750,#2751,#2752));
#540=EDGE_LOOP('',(#2753,#2754,#2755,#2756));
#541=EDGE_LOOP('',(#2757,#2758,#2759,#2760));
#542=EDGE_LOOP('',(#2761,#2762,#2763,#2764,#2765,#2766,#2767));
#543=EDGE_LOOP('',(#2768,#2769,#2770,#2771));
#544=EDGE_LOOP('',(#2772,#2773,#2774,#2775,#2776));
#545=EDGE_LOOP('',(#2777));
#546=EDGE_LOOP('',(#2778,#2779,#2780,#2781));
#547=EDGE_LOOP('',(#2782,#2783,#2784,#2785,#2786,#2787,#2788));
#548=EDGE_LOOP('',(#2789,#2790,#2791,#2792));
#549=EDGE_LOOP('',(#2793,#2794,#2795,#2796,#2797));
#550=EDGE_LOOP('',(#2798));
#551=EDGE_LOOP('',(#2799,#2800,#2801,#2802));
#552=EDGE_LOOP('',(#2803,#2804,#2805,#2806));
#553=EDGE_LOOP('',(#2807,#2808,#2809,#2810,#2811,#2812,#2813));
#554=EDGE_LOOP('',(#2814,#2815,#2816,#2817,#2818));
#555=EDGE_LOOP('',(#2819));
#556=EDGE_LOOP('',(#2820,#2821,#2822,#2823,#2824,#2825,#2826,#2827,#2828,
#2829,#2830,#2831));
#557=EDGE_LOOP('',(#2832,#2833,#2834,#2835));
#558=EDGE_LOOP('',(#2836,#2837,#2838,#2839));
#559=EDGE_LOOP('',(#2840,#2841,#2842,#2843,#2844,#2845,#2846));
#560=EDGE_LOOP('',(#2847,#2848,#2849,#2850,#2851));
#561=EDGE_LOOP('',(#2852));
#562=EDGE_LOOP('',(#2853,#2854,#2855,#2856));
#563=EDGE_LOOP('',(#2857));
#564=EDGE_LOOP('',(#2858,#2859,#2860,#2861));
#565=EDGE_LOOP('',(#2862,#2863,#2864,#2865,#2866));
#566=EDGE_LOOP('',(#2867,#2868,#2869,#2870));
#567=EDGE_LOOP('',(#2871));
#568=EDGE_LOOP('',(#2872,#2873,#2874,#2875,#2876));
#569=EDGE_LOOP('',(#2877));
#570=EDGE_LOOP('',(#2878,#2879,#2880,#2881,#2882,#2883));
#571=EDGE_LOOP('',(#2884,#2885,#2886,#2887));
#572=EDGE_LOOP('',(#2888,#2889,#2890,#2891,#2892));
#573=EDGE_LOOP('',(#2893,#2894,#2895,#2896,#2897));
#574=EDGE_LOOP('',(#2898,#2899,#2900,#2901));
#575=EDGE_LOOP('',(#2902,#2903,#2904,#2905));
#576=EDGE_LOOP('',(#2906,#2907,#2908,#2909,#2910,#2911));
#577=EDGE_LOOP('',(#2912,#2913,#2914,#2915));
#578=EDGE_LOOP('',(#2916,#2917,#2918,#2919,#2920));
#579=EDGE_LOOP('',(#2921,#2922,#2923,#2924,#2925));
#580=EDGE_LOOP('',(#2926,#2927,#2928,#2929));
#581=EDGE_LOOP('',(#2930,#2931,#2932,#2933));
#582=EDGE_LOOP('',(#2934,#2935,#2936,#2937));
#583=EDGE_LOOP('',(#2938,#2939,#2940,#2941));
#584=EDGE_LOOP('',(#2942,#2943,#2944,#2945));
#585=EDGE_LOOP('',(#2946,#2947,#2948,#2949));
#586=EDGE_LOOP('',(#2950,#2951,#2952,#2953));
#587=EDGE_LOOP('',(#2954,#2955,#2956,#2957));
#588=EDGE_LOOP('',(#2958,#2959,#2960,#2961));
#589=EDGE_LOOP('',(#2962,#2963,#2964,#2965));
#590=EDGE_LOOP('',(#2966,#2967,#2968,#2969,#2970,#2971,#2972,#2973));
#591=EDGE_LOOP('',(#2974,#2975,#2976,#2977,#2978,#2979,#2980,#2981));
#592=EDGE_LOOP('',(#2982,#2983,#2984,#2985));
#593=EDGE_LOOP('',(#2986));
#594=EDGE_LOOP('',(#2987,#2988,#2989,#2990));
#595=EDGE_LOOP('',(#2991));
#596=EDGE_LOOP('',(#2992,#2993,#2994,#2995));
#597=EDGE_LOOP('',(#2996));
#598=EDGE_LOOP('',(#2997,#2998,#2999,#3000));
#599=EDGE_LOOP('',(#3001));
#600=EDGE_LOOP('',(#3002,#3003,#3004,#3005));
#601=EDGE_LOOP('',(#3006,#3007,#3008,#3009));
#602=EDGE_LOOP('',(#3010));
#603=EDGE_LOOP('',(#3011));
#604=EDGE_LOOP('',(#3012,#3013,#3014,#3015,#3016,#3017,#3018,#3019,#3020,
#3021,#3022,#3023,#3024,#3025));
#605=EDGE_LOOP('',(#3026,#3027,#3028,#3029));
#606=EDGE_LOOP('',(#3030,#3031,#3032,#3033));
#607=EDGE_LOOP('',(#3034,#3035,#3036,#3037));
#608=EDGE_LOOP('',(#3038,#3039,#3040,#3041));
#609=EDGE_LOOP('',(#3042));
#610=EDGE_LOOP('',(#3043));
#611=EDGE_LOOP('',(#3044,#3045,#3046,#3047,#3048,#3049,#3050,#3051,#3052,
#3053,#3054,#3055,#3056,#3057));
#612=EDGE_LOOP('',(#3058,#3059,#3060,#3061));
#613=EDGE_LOOP('',(#3062,#3063,#3064,#3065));
#614=EDGE_LOOP('',(#3066,#3067,#3068,#3069));
#615=EDGE_LOOP('',(#3070));
#616=EDGE_LOOP('',(#3071));
#617=EDGE_LOOP('',(#3072,#3073,#3074,#3075,#3076,#3077,#3078,#3079,#3080,
#3081,#3082,#3083,#3084,#3085));
#618=EDGE_LOOP('',(#3086,#3087,#3088,#3089));
#619=EDGE_LOOP('',(#3090,#3091,#3092,#3093));
#620=EDGE_LOOP('',(#3094,#3095,#3096,#3097));
#621=EDGE_LOOP('',(#3098,#3099,#3100,#3101));
#622=EDGE_LOOP('',(#3102));
#623=EDGE_LOOP('',(#3103));
#624=EDGE_LOOP('',(#3104,#3105,#3106,#3107));
#625=EDGE_LOOP('',(#3108,#3109,#3110,#3111));
#626=EDGE_LOOP('',(#3112,#3113,#3114));
#627=EDGE_LOOP('',(#3115,#3116,#3117));
#628=EDGE_LOOP('',(#3118,#3119,#3120));
#629=EDGE_LOOP('',(#3121,#3122,#3123,#3124));
#630=EDGE_LOOP('',(#3125,#3126,#3127));
#631=EDGE_LOOP('',(#3128,#3129,#3130,#3131));
#632=EDGE_LOOP('',(#3132,#3133,#3134,#3135,#3136,#3137));
#633=EDGE_LOOP('',(#3138,#3139,#3140,#3141));
#634=EDGE_LOOP('',(#3142,#3143,#3144,#3145,#3146,#3147));
#635=EDGE_LOOP('',(#3148,#3149,#3150,#3151));
#636=EDGE_LOOP('',(#3152,#3153,#3154,#3155,#3156,#3157));
#637=EDGE_LOOP('',(#3158,#3159,#3160,#3161,#3162,#3163));
#638=EDGE_LOOP('',(#3164,#3165,#3166,#3167,#3168,#3169,#3170,#3171,#3172,
#3173,#3174,#3175));
#639=EDGE_LOOP('',(#3176,#3177,#3178,#3179));
#640=EDGE_LOOP('',(#3180,#3181,#3182,#3183));
#641=EDGE_LOOP('',(#3184,#3185,#3186,#3187));
#642=EDGE_LOOP('',(#3188,#3189,#3190,#3191));
#643=EDGE_LOOP('',(#3192,#3193,#3194,#3195));
#644=EDGE_LOOP('',(#3196,#3197,#3198,#3199));
#645=EDGE_LOOP('',(#3200,#3201,#3202,#3203));
#646=EDGE_LOOP('',(#3204,#3205,#3206,#3207));
#647=EDGE_LOOP('',(#3208,#3209,#3210,#3211));
#648=EDGE_LOOP('',(#3212,#3213,#3214,#3215));
#649=EDGE_LOOP('',(#3216,#3217,#3218,#3219,#3220,#3221,#3222,#3223));
#650=EDGE_LOOP('',(#3224));
#651=EDGE_LOOP('',(#3225,#3226,#3227,#3228,#3229,#3230,#3231,#3232,#3233,
#3234,#3235,#3236,#3237,#3238));
#652=EDGE_LOOP('',(#3239,#3240,#3241,#3242,#3243,#3244,#3245,#3246));
#653=EDGE_LOOP('',(#3247,#3248,#3249,#3250,#3251,#3252,#3253,#3254));
#654=EDGE_LOOP('',(#3255,#3256,#3257,#3258));
#655=LINE('',#5179,#925);
#656=LINE('',#5183,#926);
#657=LINE('',#5187,#927);
#658=LINE('',#5190,#928);
#659=LINE('',#5195,#929);
#660=LINE('',#5198,#930);
#661=LINE('',#5201,#931);
#662=LINE('',#5202,#932);
#663=LINE('',#5205,#933);
#664=LINE('',#5209,#934);
#665=LINE('',#5210,#935);
#666=LINE('',#5213,#936);
#667=LINE('',#5217,#937);
#668=LINE('',#5218,#938);
#669=LINE('',#5221,#939);
#670=LINE('',#5224,#940);
#671=LINE('',#5230,#941);
#672=LINE('',#5233,#942);
#673=LINE('',#5239,#943);
#674=LINE('',#5242,#944);
#675=LINE('',#5248,#945);
#676=LINE('',#5251,#946);
#677=LINE('',#5257,#947);
#678=LINE('',#5260,#948);
#679=LINE('',#5263,#949);
#680=LINE('',#5265,#950);
#681=LINE('',#5267,#951);
#682=LINE('',#5268,#952);
#683=LINE('',#5271,#953);
#684=LINE('',#5273,#954);
#685=LINE('',#5275,#955);
#686=LINE('',#5276,#956);
#687=LINE('',#5279,#957);
#688=LINE('',#5281,#958);
#689=LINE('',#5283,#959);
#690=LINE('',#5284,#960);
#691=LINE('',#5287,#961);
#692=LINE('',#5289,#962);
#693=LINE('',#5291,#963);
#694=LINE('',#5292,#964);
#695=LINE('',#5295,#965);
#696=LINE('',#5297,#966);
#697=LINE('',#5299,#967);
#698=LINE('',#5300,#968);
#699=LINE('',#5303,#969);
#700=LINE('',#5305,#970);
#701=LINE('',#5307,#971);
#702=LINE('',#5308,#972);
#703=LINE('',#5311,#973);
#704=LINE('',#5323,#974);
#705=LINE('',#5335,#975);
#706=LINE('',#5344,#976);
#707=LINE('',#5369,#977);
#708=LINE('',#5376,#978);
#709=LINE('',#5379,#979);
#710=LINE('',#5390,#980);
#711=LINE('',#5391,#981);
#712=LINE('',#5402,#982);
#713=LINE('',#5403,#983);
#714=LINE('',#5414,#984);
#715=LINE('',#5415,#985);
#716=LINE('',#5421,#986);
#717=LINE('',#5424,#987);
#718=LINE('',#5427,#988);
#719=LINE('',#5428,#989);
#720=LINE('',#5431,#990);
#721=LINE('',#5435,#991);
#722=LINE('',#5436,#992);
#723=LINE('',#5457,#993);
#724=LINE('',#5459,#994);
#725=LINE('',#5469,#995);
#726=LINE('',#5471,#996);
#727=LINE('',#5481,#997);
#728=LINE('',#5483,#998);
#729=LINE('',#5492,#999);
#730=LINE('',#5493,#1000);
#731=LINE('',#5497,#1001);
#732=LINE('',#5500,#1002);
#733=LINE('',#5507,#1003);
#734=LINE('',#5512,#1004);
#735=LINE('',#5516,#1005);
#736=LINE('',#5520,#1006);
#737=LINE('',#5524,#1007);
#738=LINE('',#5529,#1008);
#739=LINE('',#5534,#1009);
#740=LINE('',#5539,#1010);
#741=LINE('',#5544,#1011);
#742=LINE('',#5546,#1012);
#743=LINE('',#5552,#1013);
#744=LINE('',#5556,#1014);
#745=LINE('',#5557,#1015);
#746=LINE('',#5560,#1016);
#747=LINE('',#5563,#1017);
#748=LINE('',#5568,#1018);
#749=LINE('',#5574,#1019);
#750=LINE('',#5578,#1020);
#751=LINE('',#5580,#1021);
#752=LINE('',#5584,#1022);
#753=LINE('',#5588,#1023);
#754=LINE('',#5593,#1024);
#755=LINE('',#5595,#1025);
#756=LINE('',#5599,#1026);
#757=LINE('',#5601,#1027);
#758=LINE('',#5602,#1028);
#759=LINE('',#5607,#1029);
#760=LINE('',#5609,#1030);
#761=LINE('',#5610,#1031);
#762=LINE('',#5615,#1032);
#763=LINE('',#5619,#1033);
#764=LINE('',#5624,#1034);
#765=LINE('',#5627,#1035);
#766=LINE('',#5632,#1036);
#767=LINE('',#5635,#1037);
#768=LINE('',#5640,#1038);
#769=LINE('',#5643,#1039);
#770=LINE('',#5646,#1040);
#771=LINE('',#5648,#1041);
#772=LINE('',#5649,#1042);
#773=LINE('',#5654,#1043);
#774=LINE('',#5656,#1044);
#775=LINE('',#5657,#1045);
#776=LINE('',#5662,#1046);
#777=LINE('',#5666,#1047);
#778=LINE('',#5671,#1048);
#779=LINE('',#5674,#1049);
#780=LINE('',#5679,#1050);
#781=LINE('',#5682,#1051);
#782=LINE('',#5688,#1052);
#783=LINE('',#5689,#1053);
#784=LINE('',#5693,#1054);
#785=LINE('',#5695,#1055);
#786=LINE('',#5696,#1056);
#787=LINE('',#5701,#1057);
#788=LINE('',#5703,#1058);
#789=LINE('',#5704,#1059);
#790=LINE('',#5709,#1060);
#791=LINE('',#5715,#1061);
#792=LINE('',#5719,#1062);
#793=LINE('',#5721,#1063);
#794=LINE('',#5725,#1064);
#795=LINE('',#5729,#1065);
#796=LINE('',#5735,#1066);
#797=LINE('',#5737,#1067);
#798=LINE('',#5740,#1068);
#799=LINE('',#5742,#1069);
#800=LINE('',#5743,#1070);
#801=LINE('',#5748,#1071);
#802=LINE('',#5750,#1072);
#803=LINE('',#5751,#1073);
#804=LINE('',#5755,#1074);
#805=LINE('',#5759,#1075);
#806=LINE('',#5761,#1076);
#807=LINE('',#5762,#1077);
#808=LINE('',#5764,#1078);
#809=LINE('',#5766,#1079);
#810=LINE('',#5770,#1080);
#811=LINE('',#5773,#1081);
#812=LINE('',#5775,#1082);
#813=LINE('',#5776,#1083);
#814=LINE('',#5778,#1084);
#815=LINE('',#5779,#1085);
#816=LINE('',#5783,#1086);
#817=LINE('',#5785,#1087);
#818=LINE('',#5786,#1088);
#819=LINE('',#5790,#1089);
#820=LINE('',#5792,#1090);
#821=LINE('',#5793,#1091);
#822=LINE('',#5797,#1092);
#823=LINE('',#5799,#1093);
#824=LINE('',#5800,#1094);
#825=LINE('',#5802,#1095);
#826=LINE('',#5804,#1096);
#827=LINE('',#5806,#1097);
#828=LINE('',#5808,#1098);
#829=LINE('',#5809,#1099);
#830=LINE('',#5811,#1100);
#831=LINE('',#5812,#1101);
#832=LINE('',#5815,#1102);
#833=LINE('',#5818,#1103);
#834=LINE('',#5830,#1104);
#835=LINE('',#5961,#1105);
#836=LINE('',#5963,#1106);
#837=LINE('',#5965,#1107);
#838=LINE('',#5966,#1108);
#839=LINE('',#5984,#1109);
#840=LINE('',#5987,#1110);
#841=LINE('',#5990,#1111);
#842=LINE('',#5993,#1112);
#843=LINE('',#6004,#1113);
#844=LINE('',#6007,#1114);
#845=LINE('',#6010,#1115);
#846=LINE('',#6013,#1116);
#847=LINE('',#6026,#1117);
#848=LINE('',#6029,#1118);
#849=LINE('',#6032,#1119);
#850=LINE('',#6035,#1120);
#851=LINE('',#6046,#1121);
#852=LINE('',#6049,#1122);
#853=LINE('',#6052,#1123);
#854=LINE('',#6055,#1124);
#855=LINE('',#6067,#1125);
#856=LINE('',#6069,#1126);
#857=LINE('',#6079,#1127);
#858=LINE('',#6081,#1128);
#859=LINE('',#6091,#1129);
#860=LINE('',#6094,#1130);
#861=LINE('',#6102,#1131);
#862=LINE('',#6103,#1132);
#863=LINE('',#6107,#1133);
#864=LINE('',#6111,#1134);
#865=LINE('',#6115,#1135);
#866=LINE('',#6119,#1136);
#867=LINE('',#6125,#1137);
#868=LINE('',#6132,#1138);
#869=LINE('',#6139,#1139);
#870=LINE('',#6146,#1140);
#871=LINE('',#6151,#1141);
#872=LINE('',#6154,#1142);
#873=LINE('',#6157,#1143);
#874=LINE('',#6160,#1144);
#875=LINE('',#6164,#1145);
#876=LINE('',#6166,#1146);
#877=LINE('',#6168,#1147);
#878=LINE('',#6170,#1148);
#879=LINE('',#6171,#1149);
#880=LINE('',#6172,#1150);
#881=LINE('',#6173,#1151);
#882=LINE('',#6176,#1152);
#883=LINE('',#6179,#1153);
#884=LINE('',#6183,#1154);
#885=LINE('',#6187,#1155);
#886=LINE('',#6190,#1156);
#887=LINE('',#6191,#1157);
#888=LINE('',#6194,#1158);
#889=LINE('',#6195,#1159);
#890=LINE('',#6197,#1160);
#891=LINE('',#6199,#1161);
#892=LINE('',#6201,#1162);
#893=LINE('',#6203,#1163);
#894=LINE('',#6204,#1164);
#895=LINE('',#6206,#1165);
#896=LINE('',#6210,#1166);
#897=LINE('',#6214,#1167);
#898=LINE('',#6218,#1168);
#899=LINE('',#6220,#1169);
#900=LINE('',#6222,#1170);
#901=LINE('',#6224,#1171);
#902=LINE('',#6225,#1172);
#903=LINE('',#6226,#1173);
#904=LINE('',#6227,#1174);
#905=LINE('',#6263,#1175);
#906=LINE('',#6268,#1176);
#907=LINE('',#6269,#1177);
#908=LINE('',#6270,#1178);
#909=LINE('',#6272,#1179);
#910=LINE('',#6276,#1180);
#911=LINE('',#6278,#1181);
#912=LINE('',#6283,#1182);
#913=LINE('',#6284,#1183);
#914=LINE('',#6285,#1184);
#915=LINE('',#6289,#1185);
#916=LINE('',#6291,#1186);
#917=LINE('',#6293,#1187);
#918=LINE('',#6353,#1188);
#919=LINE('',#6355,#1189);
#920=LINE('',#6356,#1190);
#921=LINE('',#6358,#1191);
#922=LINE('',#6360,#1192);
#923=LINE('',#6362,#1193);
#924=LINE('',#6366,#1194);
#925=VECTOR('',#4019,10.);
#926=VECTOR('',#4022,10.);
#927=VECTOR('',#4025,10.);
#928=VECTOR('',#4028,10.);
#929=VECTOR('',#4033,10.);
#930=VECTOR('',#4036,10.);
#931=VECTOR('',#4039,10.);
#932=VECTOR('',#4040,10.);
#933=VECTOR('',#4043,10.);
#934=VECTOR('',#4048,10.);
#935=VECTOR('',#4049,10.);
#936=VECTOR('',#4052,10.);
#937=VECTOR('',#4057,10.);
#938=VECTOR('',#4058,10.);
#939=VECTOR('',#4061,10.);
#940=VECTOR('',#4066,10.);
#941=VECTOR('',#4071,10.);
#942=VECTOR('',#4074,10.);
#943=VECTOR('',#4079,10.);
#944=VECTOR('',#4082,10.);
#945=VECTOR('',#4087,10.);
#946=VECTOR('',#4090,10.);
#947=VECTOR('',#4095,10.);
#948=VECTOR('',#4098,10.);
#949=VECTOR('',#4101,10.);
#950=VECTOR('',#4102,10.);
#951=VECTOR('',#4103,10.);
#952=VECTOR('',#4104,10.);
#953=VECTOR('',#4107,10.);
#954=VECTOR('',#4108,10.);
#955=VECTOR('',#4109,10.);
#956=VECTOR('',#4110,10.);
#957=VECTOR('',#4113,10.);
#958=VECTOR('',#4114,10.);
#959=VECTOR('',#4115,10.);
#960=VECTOR('',#4116,10.);
#961=VECTOR('',#4119,10.);
#962=VECTOR('',#4120,10.);
#963=VECTOR('',#4121,10.);
#964=VECTOR('',#4122,10.);
#965=VECTOR('',#4125,10.);
#966=VECTOR('',#4126,10.);
#967=VECTOR('',#4127,10.);
#968=VECTOR('',#4128,10.);
#969=VECTOR('',#4131,10.);
#970=VECTOR('',#4132,10.);
#971=VECTOR('',#4133,10.);
#972=VECTOR('',#4134,10.);
#973=VECTOR('',#4137,10.);
#974=VECTOR('',#4154,12.5);
#975=VECTOR('',#4173,10.);
#976=VECTOR('',#4186,10.);
#977=VECTOR('',#4223,10.);
#978=VECTOR('',#4230,10.);
#979=VECTOR('',#4233,10.);
#980=VECTOR('',#4246,10.);
#981=VECTOR('',#4247,10.);
#982=VECTOR('',#4260,10.);
#983=VECTOR('',#4261,10.);
#984=VECTOR('',#4274,10.);
#985=VECTOR('',#4275,10.);
#986=VECTOR('',#4284,10.);
#987=VECTOR('',#4287,10.);
#988=VECTOR('',#4290,10.);
#989=VECTOR('',#4291,10.);
#990=VECTOR('',#4294,10.);
#991=VECTOR('',#4299,10.);
#992=VECTOR('',#4300,10.);
#993=VECTOR('',#4323,10.);
#994=VECTOR('',#4324,10.);
#995=VECTOR('',#4337,10.);
#996=VECTOR('',#4338,10.);
#997=VECTOR('',#4351,10.);
#998=VECTOR('',#4352,10.);
#999=VECTOR('',#4365,10.);
#1000=VECTOR('',#4366,10.);
#1001=VECTOR('',#4371,10.);
#1002=VECTOR('',#4374,10.);
#1003=VECTOR('',#4383,0.75);
#1004=VECTOR('',#4390,0.75);
#1005=VECTOR('',#4395,0.75);
#1006=VECTOR('',#4400,0.75);
#1007=VECTOR('',#4405,1.75);
#1008=VECTOR('',#4412,1.75);
#1009=VECTOR('',#4419,1.75);
#1010=VECTOR('',#4426,1.75);
#1011=VECTOR('',#4435,10.);
#1012=VECTOR('',#4438,10.);
#1013=VECTOR('',#4447,10.);
#1014=VECTOR('',#4452,10.);
#1015=VECTOR('',#4453,10.);
#1016=VECTOR('',#4456,10.);
#1017=VECTOR('',#4461,10.);
#1018=VECTOR('',#4466,10.);
#1019=VECTOR('',#4471,10.);
#1020=VECTOR('',#4476,10.);
#1021=VECTOR('',#4477,10.);
#1022=VECTOR('',#4482,10.);
#1023=VECTOR('',#4485,10.);
#1024=VECTOR('',#4492,10.);
#1025=VECTOR('',#4493,10.);
#1026=VECTOR('',#4498,10.);
#1027=VECTOR('',#4499,10.);
#1028=VECTOR('',#4500,10.);
#1029=VECTOR('',#4505,10.);
#1030=VECTOR('',#4506,10.);
#1031=VECTOR('',#4507,10.);
#1032=VECTOR('',#4512,10.);
#1033=VECTOR('',#4515,10.);
#1034=VECTOR('',#4520,10.);
#1035=VECTOR('',#4523,10.);
#1036=VECTOR('',#4528,10.);
#1037=VECTOR('',#4531,10.);
#1038=VECTOR('',#4538,10.);
#1039=VECTOR('',#4541,10.);
#1040=VECTOR('',#4544,10.);
#1041=VECTOR('',#4545,10.);
#1042=VECTOR('',#4546,10.);
#1043=VECTOR('',#4551,10.);
#1044=VECTOR('',#4552,10.);
#1045=VECTOR('',#4553,10.);
#1046=VECTOR('',#4558,10.);
#1047=VECTOR('',#4561,10.);
#1048=VECTOR('',#4566,10.);
#1049=VECTOR('',#4569,10.);
#1050=VECTOR('',#4574,10.);
#1051=VECTOR('',#4577,10.);
#1052=VECTOR('',#4584,10.);
#1053=VECTOR('',#4585,10.);
#1054=VECTOR('',#4590,10.);
#1055=VECTOR('',#4591,10.);
#1056=VECTOR('',#4592,10.);
#1057=VECTOR('',#4597,10.);
#1058=VECTOR('',#4598,10.);
#1059=VECTOR('',#4599,10.);
#1060=VECTOR('',#4604,10.);
#1061=VECTOR('',#4609,10.);
#1062=VECTOR('',#4614,10.);
#1063=VECTOR('',#4615,10.);
#1064=VECTOR('',#4620,10.);
#1065=VECTOR('',#4623,10.);
#1066=VECTOR('',#4630,10.);
#1067=VECTOR('',#4633,10.);
#1068=VECTOR('',#4636,10.);
#1069=VECTOR('',#4637,10.);
#1070=VECTOR('',#4638,10.);
#1071=VECTOR('',#4643,10.);
#1072=VECTOR('',#4644,10.);
#1073=VECTOR('',#4645,10.);
#1074=VECTOR('',#4650,1.);
#1075=VECTOR('',#4655,10.);
#1076=VECTOR('',#4656,10.);
#1077=VECTOR('',#4657,10.);
#1078=VECTOR('',#4660,10.);
#1079=VECTOR('',#4663,10.);
#1080=VECTOR('',#4668,1.);
#1081=VECTOR('',#4671,10.);
#1082=VECTOR('',#4672,10.);
#1083=VECTOR('',#4673,10.);
#1084=VECTOR('',#4676,10.);
#1085=VECTOR('',#4677,10.);
#1086=VECTOR('',#4682,10.);
#1087=VECTOR('',#4683,10.);
#1088=VECTOR('',#4684,10.);
#1089=VECTOR('',#4689,1.);
#1090=VECTOR('',#4692,10.);
#1091=VECTOR('',#4693,10.);
#1092=VECTOR('',#4698,10.);
#1093=VECTOR('',#4699,10.);
#1094=VECTOR('',#4700,10.);
#1095=VECTOR('',#4701,10.);
#1096=VECTOR('',#4702,10.);
#1097=VECTOR('',#4703,10.);
#1098=VECTOR('',#4704,10.);
#1099=VECTOR('',#4705,10.);
#1100=VECTOR('',#4708,10.);
#1101=VECTOR('',#4709,10.);
#1102=VECTOR('',#4712,1.);
#1103=VECTOR('',#4717,10.);
#1104=VECTOR('',#4734,10.);
#1105=VECTOR('',#4739,10.);
#1106=VECTOR('',#4740,10.);
#1107=VECTOR('',#4741,10.);
#1108=VECTOR('',#4742,10.);
#1109=VECTOR('',#4765,10.);
#1110=VECTOR('',#4768,10.);
#1111=VECTOR('',#4771,10.);
#1112=VECTOR('',#4774,10.);
#1113=VECTOR('',#4787,10.);
#1114=VECTOR('',#4790,10.);
#1115=VECTOR('',#4793,10.);
#1116=VECTOR('',#4796,10.);
#1117=VECTOR('',#4811,10.);
#1118=VECTOR('',#4814,10.);
#1119=VECTOR('',#4817,10.);
#1120=VECTOR('',#4820,10.);
#1121=VECTOR('',#4833,10.);
#1122=VECTOR('',#4836,10.);
#1123=VECTOR('',#4839,10.);
#1124=VECTOR('',#4842,10.);
#1125=VECTOR('',#4855,10.);
#1126=VECTOR('',#4856,10.);
#1127=VECTOR('',#4869,10.);
#1128=VECTOR('',#4870,10.);
#1129=VECTOR('',#4883,10.);
#1130=VECTOR('',#4886,10.);
#1131=VECTOR('',#4897,10.);
#1132=VECTOR('',#4898,10.);
#1133=VECTOR('',#4901,10.);
#1134=VECTOR('',#4904,10.);
#1135=VECTOR('',#4907,10.);
#1136=VECTOR('',#4910,10.);
#1137=VECTOR('',#4917,0.75);
#1138=VECTOR('',#4926,0.75);
#1139=VECTOR('',#4935,0.75);
#1140=VECTOR('',#4944,0.75);
#1141=VECTOR('',#4951,10.);
#1142=VECTOR('',#4954,10.);
#1143=VECTOR('',#4957,10.);
#1144=VECTOR('',#4960,10.);
#1145=VECTOR('',#4965,10.);
#1146=VECTOR('',#4966,10.);
#1147=VECTOR('',#4967,10.);
#1148=VECTOR('',#4968,10.);
#1149=VECTOR('',#4969,10.);
#1150=VECTOR('',#4970,10.);
#1151=VECTOR('',#4971,10.);
#1152=VECTOR('',#4974,10.);
#1153=VECTOR('',#4979,10.);
#1154=VECTOR('',#4982,10.);
#1155=VECTOR('',#4985,10.);
#1156=VECTOR('',#4990,10.);
#1157=VECTOR('',#4991,10.);
#1158=VECTOR('',#4996,10.);
#1159=VECTOR('',#4997,10.);
#1160=VECTOR('',#4998,10.);
#1161=VECTOR('',#4999,10.);
#1162=VECTOR('',#5000,10.);
#1163=VECTOR('',#5001,10.);
#1164=VECTOR('',#5002,10.);
#1165=VECTOR('',#5005,10.);
#1166=VECTOR('',#5010,10.);
#1167=VECTOR('',#5015,10.);
#1168=VECTOR('',#5020,10.);
#1169=VECTOR('',#5021,10.);
#1170=VECTOR('',#5022,10.);
#1171=VECTOR('',#5023,10.);
#1172=VECTOR('',#5024,10.);
#1173=VECTOR('',#5025,10.);
#1174=VECTOR('',#5026,10.);
#1175=VECTOR('',#5085,10.);
#1176=VECTOR('',#5090,10.);
#1177=VECTOR('',#5091,10.);
#1178=VECTOR('',#5092,10.);
#1179=VECTOR('',#5095,10.);
#1180=VECTOR('',#5100,10.);
#1181=VECTOR('',#5103,10.);
#1182=VECTOR('',#5108,10.);
#1183=VECTOR('',#5109,10.);
#1184=VECTOR('',#5110,10.);
#1185=VECTOR('',#5115,10.);
#1186=VECTOR('',#5118,10.);
#1187=VECTOR('',#5121,10.);
#1188=VECTOR('',#5150,10.);
#1189=VECTOR('',#5153,10.);
#1190=VECTOR('',#5154,10.);
#1191=VECTOR('',#5157,10.);
#1192=VECTOR('',#5160,10.);
#1193=VECTOR('',#5163,10.);
#1194=VECTOR('',#5170,10.);
#1195=CIRCLE('',#3570,2.7);
#1196=CIRCLE('',#3571,2.7);
#1197=CIRCLE('',#3572,2.7);
#1198=CIRCLE('',#3573,2.7);
#1199=CIRCLE('',#3574,12.5);
#1200=CIRCLE('',#3576,2.7);
#1201=CIRCLE('',#3579,2.7);
#1202=CIRCLE('',#3582,2.7);
#1203=CIRCLE('',#3585,2.7);
#1204=CIRCLE('',#3588,2.5);
#1205=CIRCLE('',#3589,2.5);
#1206=CIRCLE('',#3591,2.5);
#1207=CIRCLE('',#3592,2.5);
#1208=CIRCLE('',#3594,2.5);
#1209=CIRCLE('',#3595,2.5);
#1210=CIRCLE('',#3597,2.5);
#1211=CIRCLE('',#3598,2.5);
#1212=CIRCLE('',#3606,2.25);
#1213=CIRCLE('',#3608,2.25);
#1214=CIRCLE('',#3609,2.25);
#1215=CIRCLE('',#3611,2.25);
#1216=CIRCLE('',#3612,2.25);
#1217=CIRCLE('',#3614,12.5);
#1218=CIRCLE('',#3617,2.25);
#1219=CIRCLE('',#3618,0.5);
#1220=CIRCLE('',#3619,1.25);
#1221=CIRCLE('',#3621,2.);
#1222=CIRCLE('',#3623,2.25);
#1223=CIRCLE('',#3625,2.25);
#1224=CIRCLE('',#3626,0.5);
#1225=CIRCLE('',#3627,1.25);
#1226=CIRCLE('',#3629,2.);
#1227=CIRCLE('',#3631,0.75);
#1228=CIRCLE('',#3633,2.25);
#1229=CIRCLE('',#3634,0.5);
#1230=CIRCLE('',#3635,1.25);
#1231=CIRCLE('',#3637,2.);
#1232=CIRCLE('',#3639,0.75);
#1233=CIRCLE('',#3641,0.5);
#1234=CIRCLE('',#3642,1.25);
#1235=CIRCLE('',#3643,2.25);
#1236=CIRCLE('',#3645,0.75);
#1237=CIRCLE('',#3647,2.);
#1238=CIRCLE('',#3649,1.);
#1239=CIRCLE('',#3650,1.);
#1240=CIRCLE('',#3652,0.999999999999996);
#1241=CIRCLE('',#3653,3.);
#1242=CIRCLE('',#3654,4.);
#1243=CIRCLE('',#3656,1.);
#1244=CIRCLE('',#3658,0.999999999999999);
#1245=CIRCLE('',#3659,3.);
#1246=CIRCLE('',#3660,4.);
#1247=CIRCLE('',#3662,1.);
#1248=CIRCLE('',#3664,0.999999999999996);
#1249=CIRCLE('',#3665,3.);
#1250=CIRCLE('',#3666,4.);
#1251=CIRCLE('',#3668,1.);
#1252=CIRCLE('',#3670,3.);
#1253=CIRCLE('',#3671,4.);
#1254=CIRCLE('',#3673,4.);
#1255=CIRCLE('',#3676,4.);
#1256=CIRCLE('',#3679,1.75);
#1257=CIRCLE('',#3680,1.75);
#1258=CIRCLE('',#3681,1.75);
#1259=CIRCLE('',#3682,1.75);
#1260=CIRCLE('',#3684,3.40311288741493);
#1261=CIRCLE('',#3685,0.449999999999999);
#1262=CIRCLE('',#3686,2.59688711258507);
#1263=CIRCLE('',#3687,0.449999999999999);
#1264=CIRCLE('',#3689,0.449999999999999);
#1265=CIRCLE('',#3691,3.40311288741493);
#1266=CIRCLE('',#3692,2.59688711258508);
#1267=CIRCLE('',#3693,0.449999999999999);
#1268=CIRCLE('',#3695,0.449999999999999);
#1269=CIRCLE('',#3697,3.40311288741493);
#1270=CIRCLE('',#3698,2.59688711258508);
#1271=CIRCLE('',#3699,0.449999999999999);
#1272=CIRCLE('',#3701,0.449999999999999);
#1273=CIRCLE('',#3703,3.40311288741493);
#1274=CIRCLE('',#3704,2.59688711258508);
#1275=CIRCLE('',#3705,0.449999999999999);
#1276=CIRCLE('',#3708,2.);
#1277=CIRCLE('',#3709,2.);
#1278=CIRCLE('',#3710,2.);
#1279=CIRCLE('',#3711,2.);
#1280=CIRCLE('',#3713,0.75);
#1281=CIRCLE('',#3714,0.75);
#1282=CIRCLE('',#3716,0.75);
#1283=CIRCLE('',#3718,0.75);
#1284=CIRCLE('',#3720,0.75);
#1285=CIRCLE('',#3722,1.75);
#1286=CIRCLE('',#3725,1.75);
#1287=CIRCLE('',#3728,1.75);
#1288=CIRCLE('',#3731,1.75);
#1289=CIRCLE('',#3741,4.);
#1290=CIRCLE('',#3744,4.);
#1291=CIRCLE('',#3754,1.);
#1292=CIRCLE('',#3755,1.);
#1293=CIRCLE('',#3760,1.);
#1294=CIRCLE('',#3770,1.);
#1295=CIRCLE('',#3772,1.);
#1296=CIRCLE('',#3776,1.);
#1297=CIRCLE('',#3786,1.);
#1298=CIRCLE('',#3788,1.);
#1299=CIRCLE('',#3792,1.);
#1300=CIRCLE('',#3802,1.);
#1301=CIRCLE('',#3803,1.);
#1302=CIRCLE('',#3808,1.);
#1303=CIRCLE('',#3812,1.);
#1304=CIRCLE('',#3817,1.);
#1305=CIRCLE('',#3823,1.);
#1306=CIRCLE('',#3829,1.);
#1307=CIRCLE('',#3833,9.);
#1308=CIRCLE('',#3834,1.);
#1309=CIRCLE('',#3835,10.);
#1310=CIRCLE('',#3838,10.);
#1311=CIRCLE('',#3839,1.);
#1312=CIRCLE('',#3842,9.2);
#1313=CIRCLE('',#3843,0.8);
#1314=CIRCLE('',#3846,1.25);
#1315=CIRCLE('',#3847,0.5);
#1316=CIRCLE('',#3848,2.25);
#1317=CIRCLE('',#3849,2.25);
#1318=CIRCLE('',#3850,2.25);
#1319=CIRCLE('',#3852,2.);
#1320=CIRCLE('',#3854,2.5);
#1321=CIRCLE('',#3856,1.25);
#1322=CIRCLE('',#3857,0.5);
#1323=CIRCLE('',#3858,2.25);
#1324=CIRCLE('',#3859,2.25);
#1325=CIRCLE('',#3861,2.5);
#1326=CIRCLE('',#3863,2.);
#1327=CIRCLE('',#3865,1.25);
#1328=CIRCLE('',#3866,0.5);
#1329=CIRCLE('',#3867,2.25);
#1330=CIRCLE('',#3868,2.25);
#1331=CIRCLE('',#3869,2.25);
#1332=CIRCLE('',#3871,2.);
#1333=CIRCLE('',#3873,2.5);
#1334=CIRCLE('',#3875,1.25);
#1335=CIRCLE('',#3876,0.5);
#1336=CIRCLE('',#3877,2.25);
#1337=CIRCLE('',#3878,2.25);
#1338=CIRCLE('',#3880,2.);
#1339=CIRCLE('',#3882,2.5);
#1340=CIRCLE('',#3884,3.40311288741493);
#1341=CIRCLE('',#3885,0.449999999999999);
#1342=CIRCLE('',#3886,2.59688711258507);
#1343=CIRCLE('',#3887,0.449999999999999);
#1344=CIRCLE('',#3889,0.449999999999999);
#1345=CIRCLE('',#3891,3.40311288741493);
#1346=CIRCLE('',#3892,2.59688711258508);
#1347=CIRCLE('',#3893,0.449999999999999);
#1348=CIRCLE('',#3895,0.449999999999999);
#1349=CIRCLE('',#3897,3.40311288741493);
#1350=CIRCLE('',#3898,2.59688711258508);
#1351=CIRCLE('',#3899,0.449999999999999);
#1352=CIRCLE('',#3901,0.449999999999999);
#1353=CIRCLE('',#3903,3.40311288741493);
#1354=CIRCLE('',#3904,0.449999999999999);
#1355=CIRCLE('',#3905,2.59688711258508);
#1356=CIRCLE('',#3908,2.);
#1357=CIRCLE('',#3909,2.);
#1358=CIRCLE('',#3910,2.);
#1359=CIRCLE('',#3911,2.);
#1360=CIRCLE('',#3913,0.75);
#1361=CIRCLE('',#3914,0.75);
#1362=CIRCLE('',#3917,0.75);
#1363=CIRCLE('',#3918,0.75);
#1364=CIRCLE('',#3921,0.75);
#1365=CIRCLE('',#3922,0.75);
#1366=CIRCLE('',#3925,0.75);
#1367=CIRCLE('',#3926,0.75);
#1368=CIRCLE('',#3929,2.5);
#1369=CIRCLE('',#3931,2.);
#1370=CIRCLE('',#3935,2.);
#1371=CIRCLE('',#3938,2.);
#1372=CIRCLE('',#3939,2.5);
#1373=CIRCLE('',#3945,2.5);
#1374=CIRCLE('',#3947,2.);
#1375=CIRCLE('',#3951,2.);
#1376=CIRCLE('',#3954,2.5);
#1377=CIRCLE('',#3956,2.);
#1378=CIRCLE('',#3959,2.);
#1379=CIRCLE('',#3962,4.);
#1380=CIRCLE('',#3963,4.);
#1381=CIRCLE('',#3964,4.);
#1382=CIRCLE('',#3966,4.);
#1383=CIRCLE('',#3967,4.);
#1384=CIRCLE('',#3968,4.);
#1385=CIRCLE('',#3970,4.);
#1386=CIRCLE('',#3971,4.);
#1387=CIRCLE('',#3972,4.);
#1388=CIRCLE('',#3975,4.);
#1389=CIRCLE('',#3976,4.);
#1390=CIRCLE('',#3977,4.);
#1391=CIRCLE('',#3980,4.);
#1392=CIRCLE('',#3983,4.);
#1393=CIRCLE('',#3986,4.);
#1394=CIRCLE('',#3988,4.);
#1395=CIRCLE('',#3991,0.999999999999999);
#1396=CIRCLE('',#3992,1.);
#1397=CIRCLE('',#3993,1.);
#1398=CIRCLE('',#3994,1.);
#1399=CIRCLE('',#3995,0.999999999999999);
#1400=CIRCLE('',#3996,1.);
#1401=CIRCLE('',#3997,0.999999999999999);
#1402=CIRCLE('',#3998,1.);
#1403=CIRCLE('',#3999,2.);
#1404=CIRCLE('',#4000,1.);
#1405=CIRCLE('',#4001,0.999999999999999);
#1406=CIRCLE('',#4002,1.);
#1407=CIRCLE('',#4003,1.);
#1408=VERTEX_POINT('',#5175);
#1409=VERTEX_POINT('',#5176);
#1410=VERTEX_POINT('',#5178);
#1411=VERTEX_POINT('',#5180);
#1412=VERTEX_POINT('',#5182);
#1413=VERTEX_POINT('',#5184);
#1414=VERTEX_POINT('',#5186);
#1415=VERTEX_POINT('',#5188);
#1416=VERTEX_POINT('',#5191);
#1417=VERTEX_POINT('',#5194);
#1418=VERTEX_POINT('',#5196);
#1419=VERTEX_POINT('',#5200);
#1420=VERTEX_POINT('',#5204);
#1421=VERTEX_POINT('',#5208);
#1422=VERTEX_POINT('',#5212);
#1423=VERTEX_POINT('',#5216);
#1424=VERTEX_POINT('',#5220);
#1425=VERTEX_POINT('',#5226);
#1426=VERTEX_POINT('',#5227);
#1427=VERTEX_POINT('',#5229);
#1428=VERTEX_POINT('',#5231);
#1429=VERTEX_POINT('',#5235);
#1430=VERTEX_POINT('',#5236);
#1431=VERTEX_POINT('',#5238);
#1432=VERTEX_POINT('',#5240);
#1433=VERTEX_POINT('',#5244);
#1434=VERTEX_POINT('',#5245);
#1435=VERTEX_POINT('',#5247);
#1436=VERTEX_POINT('',#5249);
#1437=VERTEX_POINT('',#5253);
#1438=VERTEX_POINT('',#5254);
#1439=VERTEX_POINT('',#5256);
#1440=VERTEX_POINT('',#5258);
#1441=VERTEX_POINT('',#5262);
#1442=VERTEX_POINT('',#5264);
#1443=VERTEX_POINT('',#5266);
#1444=VERTEX_POINT('',#5270);
#1445=VERTEX_POINT('',#5272);
#1446=VERTEX_POINT('',#5274);
#1447=VERTEX_POINT('',#5278);
#1448=VERTEX_POINT('',#5280);
#1449=VERTEX_POINT('',#5282);
#1450=VERTEX_POINT('',#5286);
#1451=VERTEX_POINT('',#5288);
#1452=VERTEX_POINT('',#5290);
#1453=VERTEX_POINT('',#5294);
#1454=VERTEX_POINT('',#5296);
#1455=VERTEX_POINT('',#5298);
#1456=VERTEX_POINT('',#5302);
#1457=VERTEX_POINT('',#5304);
#1458=VERTEX_POINT('',#5306);
#1459=VERTEX_POINT('',#5310);
#1460=VERTEX_POINT('',#5314);
#1461=VERTEX_POINT('',#5318);
#1462=VERTEX_POINT('',#5322);
#1463=VERTEX_POINT('',#5328);
#1464=VERTEX_POINT('',#5334);
#1465=VERTEX_POINT('',#5339);
#1466=VERTEX_POINT('',#5343);
#1467=VERTEX_POINT('',#5347);
#1468=VERTEX_POINT('',#5351);
#1469=VERTEX_POINT('',#5357);
#1470=VERTEX_POINT('',#5360);
#1471=VERTEX_POINT('',#5365);
#1472=VERTEX_POINT('',#5368);
#1473=VERTEX_POINT('',#5372);
#1474=VERTEX_POINT('',#5373);
#1475=VERTEX_POINT('',#5375);
#1476=VERTEX_POINT('',#5377);
#1477=VERTEX_POINT('',#5381);
#1478=VERTEX_POINT('',#5382);
#1479=VERTEX_POINT('',#5387);
#1480=VERTEX_POINT('',#5388);
#1481=VERTEX_POINT('',#5393);
#1482=VERTEX_POINT('',#5394);
#1483=VERTEX_POINT('',#5399);
#1484=VERTEX_POINT('',#5400);
#1485=VERTEX_POINT('',#5405);
#1486=VERTEX_POINT('',#5406);
#1487=VERTEX_POINT('',#5411);
#1488=VERTEX_POINT('',#5412);
#1489=VERTEX_POINT('',#5420);
#1490=VERTEX_POINT('',#5422);
#1491=VERTEX_POINT('',#5426);
#1492=VERTEX_POINT('',#5430);
#1493=VERTEX_POINT('',#5434);
#1494=VERTEX_POINT('',#5438);
#1495=VERTEX_POINT('',#5440);
#1496=VERTEX_POINT('',#5442);
#1497=VERTEX_POINT('',#5444);
#1498=VERTEX_POINT('',#5447);
#1499=VERTEX_POINT('',#5448);
#1500=VERTEX_POINT('',#5450);
#1501=VERTEX_POINT('',#5452);
#1502=VERTEX_POINT('',#5456);
#1503=VERTEX_POINT('',#5458);
#1504=VERTEX_POINT('',#5462);
#1505=VERTEX_POINT('',#5464);
#1506=VERTEX_POINT('',#5468);
#1507=VERTEX_POINT('',#5470);
#1508=VERTEX_POINT('',#5474);
#1509=VERTEX_POINT('',#5476);
#1510=VERTEX_POINT('',#5480);
#1511=VERTEX_POINT('',#5482);
#1512=VERTEX_POINT('',#5486);
#1513=VERTEX_POINT('',#5488);
#1514=VERTEX_POINT('',#5495);
#1515=VERTEX_POINT('',#5498);
#1516=VERTEX_POINT('',#5504);
#1517=VERTEX_POINT('',#5506);
#1518=VERTEX_POINT('',#5510);
#1519=VERTEX_POINT('',#5514);
#1520=VERTEX_POINT('',#5518);
#1521=VERTEX_POINT('',#5522);
#1522=VERTEX_POINT('',#5527);
#1523=VERTEX_POINT('',#5532);
#1524=VERTEX_POINT('',#5537);
#1525=VERTEX_POINT('',#5551);
#1526=VERTEX_POINT('',#5555);
#1527=VERTEX_POINT('',#5559);
#1528=VERTEX_POINT('',#5566);
#1529=VERTEX_POINT('',#5567);
#1530=VERTEX_POINT('',#5569);
#1531=VERTEX_POINT('',#5571);
#1532=VERTEX_POINT('',#5573);
#1533=VERTEX_POINT('',#5577);
#1534=VERTEX_POINT('',#5579);
#1535=VERTEX_POINT('',#5583);
#1536=VERTEX_POINT('',#5585);
#1537=VERTEX_POINT('',#5587);
#1538=VERTEX_POINT('',#5589);
#1539=VERTEX_POINT('',#5594);
#1540=VERTEX_POINT('',#5598);
#1541=VERTEX_POINT('',#5600);
#1542=VERTEX_POINT('',#5603);
#1543=VERTEX_POINT('',#5606);
#1544=VERTEX_POINT('',#5608);
#1545=VERTEX_POINT('',#5613);
#1546=VERTEX_POINT('',#5614);
#1547=VERTEX_POINT('',#5616);
#1548=VERTEX_POINT('',#5618);
#1549=VERTEX_POINT('',#5622);
#1550=VERTEX_POINT('',#5623);
#1551=VERTEX_POINT('',#5626);
#1552=VERTEX_POINT('',#5630);
#1553=VERTEX_POINT('',#5631);
#1554=VERTEX_POINT('',#5634);
#1555=VERTEX_POINT('',#5636);
#1556=VERTEX_POINT('',#5641);
#1557=VERTEX_POINT('',#5645);
#1558=VERTEX_POINT('',#5647);
#1559=VERTEX_POINT('',#5650);
#1560=VERTEX_POINT('',#5653);
#1561=VERTEX_POINT('',#5655);
#1562=VERTEX_POINT('',#5660);
#1563=VERTEX_POINT('',#5661);
#1564=VERTEX_POINT('',#5663);
#1565=VERTEX_POINT('',#5665);
#1566=VERTEX_POINT('',#5669);
#1567=VERTEX_POINT('',#5670);
#1568=VERTEX_POINT('',#5673);
#1569=VERTEX_POINT('',#5677);
#1570=VERTEX_POINT('',#5678);
#1571=VERTEX_POINT('',#5681);
#1572=VERTEX_POINT('',#5683);
#1573=VERTEX_POINT('',#5687);
#1574=VERTEX_POINT('',#5692);
#1575=VERTEX_POINT('',#5694);
#1576=VERTEX_POINT('',#5697);
#1577=VERTEX_POINT('',#5700);
#1578=VERTEX_POINT('',#5702);
#1579=VERTEX_POINT('',#5707);
#1580=VERTEX_POINT('',#5708);
#1581=VERTEX_POINT('',#5710);
#1582=VERTEX_POINT('',#5712);
#1583=VERTEX_POINT('',#5714);
#1584=VERTEX_POINT('',#5718);
#1585=VERTEX_POINT('',#5720);
#1586=VERTEX_POINT('',#5724);
#1587=VERTEX_POINT('',#5726);
#1588=VERTEX_POINT('',#5728);
#1589=VERTEX_POINT('',#5730);
#1590=VERTEX_POINT('',#5734);
#1591=VERTEX_POINT('',#5739);
#1592=VERTEX_POINT('',#5741);
#1593=VERTEX_POINT('',#5744);
#1594=VERTEX_POINT('',#5747);
#1595=VERTEX_POINT('',#5749);
#1596=VERTEX_POINT('',#5754);
#1597=VERTEX_POINT('',#5758);
#1598=VERTEX_POINT('',#5760);
#1599=VERTEX_POINT('',#5768);
#1600=VERTEX_POINT('',#5772);
#1601=VERTEX_POINT('',#5774);
#1602=VERTEX_POINT('',#5782);
#1603=VERTEX_POINT('',#5784);
#1604=VERTEX_POINT('',#5788);
#1605=VERTEX_POINT('',#5796);
#1606=VERTEX_POINT('',#5798);
#1607=VERTEX_POINT('',#5801);
#1608=VERTEX_POINT('',#5803);
#1609=VERTEX_POINT('',#5805);
#1610=VERTEX_POINT('',#5807);
#1611=VERTEX_POINT('',#5814);
#1612=VERTEX_POINT('',#5821);
#1613=VERTEX_POINT('',#5823);
#1614=VERTEX_POINT('',#5828);
#1615=VERTEX_POINT('',#5916);
#1616=VERTEX_POINT('',#5917);
#1617=VERTEX_POINT('',#5919);
#1618=VERTEX_POINT('',#5959);
#1619=VERTEX_POINT('',#5960);
#1620=VERTEX_POINT('',#5962);
#1621=VERTEX_POINT('',#5964);
#1622=VERTEX_POINT('',#5968);
#1623=VERTEX_POINT('',#5973);
#1624=VERTEX_POINT('',#5975);
#1625=VERTEX_POINT('',#5977);
#1626=VERTEX_POINT('',#5979);
#1627=VERTEX_POINT('',#5983);
#1628=VERTEX_POINT('',#5985);
#1629=VERTEX_POINT('',#5989);
#1630=VERTEX_POINT('',#5991);
#1631=VERTEX_POINT('',#5995);
#1632=VERTEX_POINT('',#5997);
#1633=VERTEX_POINT('',#5999);
#1634=VERTEX_POINT('',#6003);
#1635=VERTEX_POINT('',#6005);
#1636=VERTEX_POINT('',#6009);
#1637=VERTEX_POINT('',#6011);
#1638=VERTEX_POINT('',#6015);
#1639=VERTEX_POINT('',#6017);
#1640=VERTEX_POINT('',#6019);
#1641=VERTEX_POINT('',#6021);
#1642=VERTEX_POINT('',#6025);
#1643=VERTEX_POINT('',#6027);
#1644=VERTEX_POINT('',#6031);
#1645=VERTEX_POINT('',#6033);
#1646=VERTEX_POINT('',#6037);
#1647=VERTEX_POINT('',#6039);
#1648=VERTEX_POINT('',#6041);
#1649=VERTEX_POINT('',#6045);
#1650=VERTEX_POINT('',#6047);
#1651=VERTEX_POINT('',#6051);
#1652=VERTEX_POINT('',#6053);
#1653=VERTEX_POINT('',#6057);
#1654=VERTEX_POINT('',#6058);
#1655=VERTEX_POINT('',#6060);
#1656=VERTEX_POINT('',#6062);
#1657=VERTEX_POINT('',#6066);
#1658=VERTEX_POINT('',#6068);
#1659=VERTEX_POINT('',#6072);
#1660=VERTEX_POINT('',#6074);
#1661=VERTEX_POINT('',#6078);
#1662=VERTEX_POINT('',#6080);
#1663=VERTEX_POINT('',#6084);
#1664=VERTEX_POINT('',#6086);
#1665=VERTEX_POINT('',#6090);
#1666=VERTEX_POINT('',#6092);
#1667=VERTEX_POINT('',#6096);
#1668=VERTEX_POINT('',#6098);
#1669=VERTEX_POINT('',#6105);
#1670=VERTEX_POINT('',#6106);
#1671=VERTEX_POINT('',#6108);
#1672=VERTEX_POINT('',#6110);
#1673=VERTEX_POINT('',#6112);
#1674=VERTEX_POINT('',#6114);
#1675=VERTEX_POINT('',#6116);
#1676=VERTEX_POINT('',#6118);
#1677=VERTEX_POINT('',#6122);
#1678=VERTEX_POINT('',#6124);
#1679=VERTEX_POINT('',#6129);
#1680=VERTEX_POINT('',#6131);
#1681=VERTEX_POINT('',#6136);
#1682=VERTEX_POINT('',#6138);
#1683=VERTEX_POINT('',#6143);
#1684=VERTEX_POINT('',#6145);
#1685=VERTEX_POINT('',#6150);
#1686=VERTEX_POINT('',#6152);
#1687=VERTEX_POINT('',#6156);
#1688=VERTEX_POINT('',#6158);
#1689=VERTEX_POINT('',#6163);
#1690=VERTEX_POINT('',#6165);
#1691=VERTEX_POINT('',#6167);
#1692=VERTEX_POINT('',#6169);
#1693=VERTEX_POINT('',#6175);
#1694=VERTEX_POINT('',#6181);
#1695=VERTEX_POINT('',#6182);
#1696=VERTEX_POINT('',#6184);
#1697=VERTEX_POINT('',#6186);
#1698=VERTEX_POINT('',#6196);
#1699=VERTEX_POINT('',#6198);
#1700=VERTEX_POINT('',#6200);
#1701=VERTEX_POINT('',#6202);
#1702=VERTEX_POINT('',#6208);
#1703=VERTEX_POINT('',#6212);
#1704=VERTEX_POINT('',#6217);
#1705=VERTEX_POINT('',#6219);
#1706=VERTEX_POINT('',#6221);
#1707=VERTEX_POINT('',#6223);
#1708=VERTEX_POINT('',#6240);
#1709=VERTEX_POINT('',#6245);
#1710=VERTEX_POINT('',#6246);
#1711=VERTEX_POINT('',#6251);
#1712=VERTEX_POINT('',#6257);
#1713=VERTEX_POINT('',#6259);
#1714=VERTEX_POINT('',#6265);
#1715=VERTEX_POINT('',#6266);
#1716=VERTEX_POINT('',#6274);
#1717=VERTEX_POINT('',#6280);
#1718=VERTEX_POINT('',#6281);
#1719=VERTEX_POINT('',#6287);
#1720=VERTEX_POINT('',#6303);
#1721=VERTEX_POINT('',#6304);
#1722=VERTEX_POINT('',#6317);
#1723=VERTEX_POINT('',#6319);
#1724=VERTEX_POINT('',#6331);
#1725=VERTEX_POINT('',#6332);
#1726=VERTEX_POINT('',#6334);
#1727=VERTEX_POINT('',#6347);
#1728=VERTEX_POINT('',#6348);
#1729=EDGE_CURVE('',#1408,#1409,#1195,.T.);
#1730=EDGE_CURVE('',#1409,#1410,#655,.T.);
#1731=EDGE_CURVE('',#1410,#1411,#1196,.T.);
#1732=EDGE_CURVE('',#1411,#1412,#656,.T.);
#1733=EDGE_CURVE('',#1412,#1413,#1197,.T.);
#1734=EDGE_CURVE('',#1413,#1414,#657,.T.);
#1735=EDGE_CURVE('',#1414,#1415,#1198,.T.);
#1736=EDGE_CURVE('',#1415,#1408,#658,.T.);
#1737=EDGE_CURVE('',#1416,#1416,#1199,.T.);
#1738=EDGE_CURVE('',#1408,#1417,#659,.T.);
#1739=EDGE_CURVE('',#1417,#1418,#1200,.T.);
#1740=EDGE_CURVE('',#1418,#1409,#660,.T.);
#1741=EDGE_CURVE('',#1415,#1419,#661,.T.);
#1742=EDGE_CURVE('',#1419,#1417,#662,.T.);
#1743=EDGE_CURVE('',#1414,#1420,#663,.T.);
#1744=EDGE_CURVE('',#1420,#1419,#1201,.T.);
#1745=EDGE_CURVE('',#1413,#1421,#664,.T.);
#1746=EDGE_CURVE('',#1421,#1420,#665,.T.);
#1747=EDGE_CURVE('',#1412,#1422,#666,.T.);
#1748=EDGE_CURVE('',#1422,#1421,#1202,.T.);
#1749=EDGE_CURVE('',#1411,#1423,#667,.T.);
#1750=EDGE_CURVE('',#1423,#1422,#668,.T.);
#1751=EDGE_CURVE('',#1410,#1424,#669,.T.);
#1752=EDGE_CURVE('',#1424,#1423,#1203,.T.);
#1753=EDGE_CURVE('',#1418,#1424,#670,.T.);
#1754=EDGE_CURVE('',#1425,#1426,#1204,.T.);
#1755=EDGE_CURVE('',#1427,#1425,#671,.T.);
#1756=EDGE_CURVE('',#1427,#1428,#1205,.T.);
#1757=EDGE_CURVE('',#1426,#1428,#672,.T.);
#1758=EDGE_CURVE('',#1429,#1430,#1206,.T.);
#1759=EDGE_CURVE('',#1431,#1429,#673,.T.);
#1760=EDGE_CURVE('',#1431,#1432,#1207,.T.);
#1761=EDGE_CURVE('',#1430,#1432,#674,.T.);
#1762=EDGE_CURVE('',#1433,#1434,#1208,.T.);
#1763=EDGE_CURVE('',#1435,#1433,#675,.T.);
#1764=EDGE_CURVE('',#1435,#1436,#1209,.T.);
#1765=EDGE_CURVE('',#1434,#1436,#676,.T.);
#1766=EDGE_CURVE('',#1437,#1438,#1210,.T.);
#1767=EDGE_CURVE('',#1439,#1437,#677,.T.);
#1768=EDGE_CURVE('',#1439,#1440,#1211,.T.);
#1769=EDGE_CURVE('',#1438,#1440,#678,.T.);
#1770=EDGE_CURVE('',#1441,#1429,#679,.T.);
#1771=EDGE_CURVE('',#1442,#1441,#680,.T.);
#1772=EDGE_CURVE('',#1443,#1442,#681,.T.);
#1773=EDGE_CURVE('',#1431,#1443,#682,.T.);
#1774=EDGE_CURVE('',#1444,#1440,#683,.T.);
#1775=EDGE_CURVE('',#1445,#1444,#684,.T.);
#1776=EDGE_CURVE('',#1446,#1445,#685,.T.);
#1777=EDGE_CURVE('',#1438,#1446,#686,.T.);
#1778=EDGE_CURVE('',#1447,#1433,#687,.T.);
#1779=EDGE_CURVE('',#1448,#1447,#688,.T.);
#1780=EDGE_CURVE('',#1448,#1449,#689,.T.);
#1781=EDGE_CURVE('',#1435,#1449,#690,.T.);
#1782=EDGE_CURVE('',#1450,#1428,#691,.T.);
#1783=EDGE_CURVE('',#1451,#1450,#692,.T.);
#1784=EDGE_CURVE('',#1452,#1451,#693,.T.);
#1785=EDGE_CURVE('',#1426,#1452,#694,.T.);
#1786=EDGE_CURVE('',#1453,#1437,#695,.T.);
#1787=EDGE_CURVE('',#1454,#1453,#696,.T.);
#1788=EDGE_CURVE('',#1454,#1455,#697,.T.);
#1789=EDGE_CURVE('',#1439,#1455,#698,.T.);
#1790=EDGE_CURVE('',#1456,#1425,#699,.T.);
#1791=EDGE_CURVE('',#1457,#1456,#700,.T.);
#1792=EDGE_CURVE('',#1457,#1458,#701,.T.);
#1793=EDGE_CURVE('',#1427,#1458,#702,.T.);
#1794=EDGE_CURVE('',#1430,#1459,#703,.T.);
#1795=EDGE_CURVE('',#1459,#1441,#1212,.T.);
#1796=EDGE_CURVE('',#1452,#1460,#1213,.T.);
#1797=EDGE_CURVE('',#1460,#1456,#1214,.T.);
#1798=EDGE_CURVE('',#1446,#1461,#1215,.T.);
#1799=EDGE_CURVE('',#1461,#1453,#1216,.T.);
#1800=EDGE_CURVE('',#1416,#1462,#704,.T.);
#1801=EDGE_CURVE('',#1462,#1462,#1217,.T.);
#1802=EDGE_CURVE('',#1456,#1452,#1218,.T.);
#1803=EDGE_CURVE('',#1460,#1463,#1219,.T.);
#1804=EDGE_CURVE('',#1463,#1463,#1220,.T.);
#1805=EDGE_CURVE('',#1451,#1457,#1221,.T.);
#1806=EDGE_CURVE('',#1434,#1464,#705,.T.);
#1807=EDGE_CURVE('',#1464,#1447,#1222,.T.);
#1808=EDGE_CURVE('',#1441,#1459,#1223,.T.);
#1809=EDGE_CURVE('',#1441,#1465,#1224,.T.);
#1810=EDGE_CURVE('',#1465,#1465,#1225,.T.);
#1811=EDGE_CURVE('',#1459,#1466,#706,.T.);
#1812=EDGE_CURVE('',#1466,#1442,#1226,.T.);
#1813=EDGE_CURVE('',#1467,#1467,#1227,.T.);
#1814=EDGE_CURVE('',#1453,#1446,#1228,.T.);
#1815=EDGE_CURVE('',#1461,#1468,#1229,.T.);
#1816=EDGE_CURVE('',#1468,#1468,#1230,.T.);
#1817=EDGE_CURVE('',#1445,#1454,#1231,.T.);
#1818=EDGE_CURVE('',#1469,#1469,#1232,.T.);
#1819=EDGE_CURVE('',#1464,#1470,#1233,.T.);
#1820=EDGE_CURVE('',#1470,#1470,#1234,.T.);
#1821=EDGE_CURVE('',#1447,#1464,#1235,.T.);
#1822=EDGE_CURVE('',#1471,#1471,#1236,.T.);
#1823=EDGE_CURVE('',#1464,#1472,#707,.T.);
#1824=EDGE_CURVE('',#1472,#1448,#1237,.T.);
#1825=EDGE_CURVE('',#1473,#1474,#1238,.T.);
#1826=EDGE_CURVE('',#1474,#1475,#708,.T.);
#1827=EDGE_CURVE('',#1475,#1476,#1239,.T.);
#1828=EDGE_CURVE('',#1476,#1473,#709,.T.);
#1829=EDGE_CURVE('',#1477,#1478,#1240,.T.);
#1830=EDGE_CURVE('',#1478,#1476,#1241,.T.);
#1831=EDGE_CURVE('',#1475,#1477,#1242,.T.);
#1832=EDGE_CURVE('',#1479,#1480,#1243,.T.);
#1833=EDGE_CURVE('',#1480,#1478,#710,.T.);
#1834=EDGE_CURVE('',#1477,#1479,#711,.T.);
#1835=EDGE_CURVE('',#1481,#1482,#1244,.T.);
#1836=EDGE_CURVE('',#1482,#1480,#1245,.T.);
#1837=EDGE_CURVE('',#1479,#1481,#1246,.T.);
#1838=EDGE_CURVE('',#1483,#1484,#1247,.T.);
#1839=EDGE_CURVE('',#1484,#1482,#712,.T.);
#1840=EDGE_CURVE('',#1481,#1483,#713,.T.);
#1841=EDGE_CURVE('',#1485,#1486,#1248,.T.);
#1842=EDGE_CURVE('',#1486,#1484,#1249,.T.);
#1843=EDGE_CURVE('',#1483,#1485,#1250,.T.);
#1844=EDGE_CURVE('',#1487,#1488,#1251,.T.);
#1845=EDGE_CURVE('',#1488,#1486,#714,.T.);
#1846=EDGE_CURVE('',#1485,#1487,#715,.T.);
#1847=EDGE_CURVE('',#1473,#1488,#1252,.T.);
#1848=EDGE_CURVE('',#1487,#1474,#1253,.T.);
#1849=EDGE_CURVE('',#1489,#1479,#716,.T.);
#1850=EDGE_CURVE('',#1489,#1490,#1254,.T.);
#1851=EDGE_CURVE('',#1490,#1481,#717,.T.);
#1852=EDGE_CURVE('',#1491,#1477,#718,.T.);
#1853=EDGE_CURVE('',#1491,#1489,#719,.T.);
#1854=EDGE_CURVE('',#1492,#1475,#720,.T.);
#1855=EDGE_CURVE('',#1492,#1491,#1255,.T.);
#1856=EDGE_CURVE('',#1493,#1474,#721,.T.);
#1857=EDGE_CURVE('',#1493,#1492,#722,.T.);
#1858=EDGE_CURVE('',#1494,#1494,#1256,.T.);
#1859=EDGE_CURVE('',#1495,#1495,#1257,.T.);
#1860=EDGE_CURVE('',#1496,#1496,#1258,.T.);
#1861=EDGE_CURVE('',#1497,#1497,#1259,.T.);
#1862=EDGE_CURVE('',#1498,#1499,#1260,.T.);
#1863=EDGE_CURVE('',#1498,#1500,#1261,.T.);
#1864=EDGE_CURVE('',#1501,#1500,#1262,.T.);
#1865=EDGE_CURVE('',#1499,#1501,#1263,.T.);
#1866=EDGE_CURVE('',#1499,#1502,#723,.T.);
#1867=EDGE_CURVE('',#1503,#1501,#724,.T.);
#1868=EDGE_CURVE('',#1502,#1503,#1264,.T.);
#1869=EDGE_CURVE('',#1502,#1504,#1265,.T.);
#1870=EDGE_CURVE('',#1505,#1503,#1266,.T.);
#1871=EDGE_CURVE('',#1504,#1505,#1267,.T.);
#1872=EDGE_CURVE('',#1504,#1506,#725,.T.);
#1873=EDGE_CURVE('',#1507,#1505,#726,.T.);
#1874=EDGE_CURVE('',#1506,#1507,#1268,.T.);
#1875=EDGE_CURVE('',#1506,#1508,#1269,.T.);
#1876=EDGE_CURVE('',#1509,#1507,#1270,.T.);
#1877=EDGE_CURVE('',#1508,#1509,#1271,.T.);
#1878=EDGE_CURVE('',#1508,#1510,#727,.T.);
#1879=EDGE_CURVE('',#1511,#1509,#728,.T.);
#1880=EDGE_CURVE('',#1510,#1511,#1272,.T.);
#1881=EDGE_CURVE('',#1510,#1512,#1273,.T.);
#1882=EDGE_CURVE('',#1513,#1511,#1274,.T.);
#1883=EDGE_CURVE('',#1512,#1513,#1275,.T.);
#1884=EDGE_CURVE('',#1512,#1498,#729,.T.);
#1885=EDGE_CURVE('',#1500,#1513,#730,.T.);
#1886=EDGE_CURVE('',#1443,#1514,#1276,.T.);
#1887=EDGE_CURVE('',#1514,#1432,#731,.T.);
#1888=EDGE_CURVE('',#1449,#1515,#1277,.T.);
#1889=EDGE_CURVE('',#1515,#1436,#732,.T.);
#1890=EDGE_CURVE('',#1455,#1444,#1278,.T.);
#1891=EDGE_CURVE('',#1458,#1450,#1279,.T.);
#1892=EDGE_CURVE('',#1516,#1516,#1280,.T.);
#1893=EDGE_CURVE('',#1516,#1517,#733,.T.);
#1894=EDGE_CURVE('',#1517,#1517,#1281,.T.);
#1895=EDGE_CURVE('',#1518,#1518,#1282,.T.);
#1896=EDGE_CURVE('',#1518,#1469,#734,.T.);
#1897=EDGE_CURVE('',#1519,#1519,#1283,.T.);
#1898=EDGE_CURVE('',#1519,#1471,#735,.T.);
#1899=EDGE_CURVE('',#1520,#1520,#1284,.T.);
#1900=EDGE_CURVE('',#1520,#1467,#736,.T.);
#1901=EDGE_CURVE('',#1521,#1521,#1285,.T.);
#1902=EDGE_CURVE('',#1521,#1497,#737,.T.);
#1903=EDGE_CURVE('',#1522,#1522,#1286,.T.);
#1904=EDGE_CURVE('',#1522,#1496,#738,.T.);
#1905=EDGE_CURVE('',#1523,#1523,#1287,.T.);
#1906=EDGE_CURVE('',#1523,#1495,#739,.T.);
#1907=EDGE_CURVE('',#1524,#1524,#1288,.T.);
#1908=EDGE_CURVE('',#1524,#1494,#740,.T.);
#1909=EDGE_CURVE('',#1466,#1514,#741,.T.);
#1910=EDGE_CURVE('',#1472,#1515,#742,.T.);
#1911=EDGE_CURVE('',#1525,#1487,#743,.T.);
#1912=EDGE_CURVE('',#1525,#1493,#1289,.T.);
#1913=EDGE_CURVE('',#1526,#1485,#744,.T.);
#1914=EDGE_CURVE('',#1526,#1525,#745,.T.);
#1915=EDGE_CURVE('',#1527,#1483,#746,.T.);
#1916=EDGE_CURVE('',#1527,#1526,#1290,.T.);
#1917=EDGE_CURVE('',#1490,#1527,#747,.T.);
#1918=EDGE_CURVE('',#1528,#1529,#748,.T.);
#1919=EDGE_CURVE('',#1529,#1530,#25,.T.);
#1920=EDGE_CURVE('',#1530,#1531,#26,.T.);
#1921=EDGE_CURVE('',#1531,#1532,#749,.T.);
#1922=EDGE_CURVE('',#1532,#1528,#27,.T.);
#1923=EDGE_CURVE('',#1533,#1530,#750,.T.);
#1924=EDGE_CURVE('',#1529,#1534,#751,.T.);
#1925=EDGE_CURVE('',#1534,#1533,#28,.T.);
#1926=EDGE_CURVE('',#1535,#1528,#752,.T.);
#1927=EDGE_CURVE('',#1532,#1536,#1291,.T.);
#1928=EDGE_CURVE('',#1536,#1537,#753,.T.);
#1929=EDGE_CURVE('',#1537,#1538,#1292,.T.);
#1930=EDGE_CURVE('',#1538,#1535,#29,.T.);
#1931=EDGE_CURVE('',#1534,#1535,#754,.T.);
#1932=EDGE_CURVE('',#1538,#1539,#755,.T.);
#1933=EDGE_CURVE('',#1539,#1533,#30,.T.);
#1934=EDGE_CURVE('',#1540,#1537,#756,.T.);
#1935=EDGE_CURVE('',#1541,#1540,#757,.T.);
#1936=EDGE_CURVE('',#1539,#1541,#758,.T.);
#1937=EDGE_CURVE('',#1542,#1542,#1293,.T.);
#1938=EDGE_CURVE('',#1543,#1536,#759,.T.);
#1939=EDGE_CURVE('',#1544,#1543,#760,.T.);
#1940=EDGE_CURVE('',#1544,#1540,#761,.T.);
#1941=EDGE_CURVE('',#1545,#1546,#762,.T.);
#1942=EDGE_CURVE('',#1546,#1547,#31,.T.);
#1943=EDGE_CURVE('',#1547,#1548,#763,.T.);
#1944=EDGE_CURVE('',#1548,#1545,#32,.T.);
#1945=EDGE_CURVE('',#1549,#1550,#764,.T.);
#1946=EDGE_CURVE('',#1550,#1547,#33,.T.);
#1947=EDGE_CURVE('',#1546,#1551,#765,.T.);
#1948=EDGE_CURVE('',#1551,#1549,#34,.T.);
#1949=EDGE_CURVE('',#1552,#1553,#766,.T.);
#1950=EDGE_CURVE('',#1553,#1549,#1294,.T.);
#1951=EDGE_CURVE('',#1551,#1554,#767,.T.);
#1952=EDGE_CURVE('',#1554,#1555,#35,.T.);
#1953=EDGE_CURVE('',#1555,#1552,#1295,.T.);
#1954=EDGE_CURVE('',#1554,#1545,#768,.T.);
#1955=EDGE_CURVE('',#1548,#1556,#36,.T.);
#1956=EDGE_CURVE('',#1556,#1555,#769,.T.);
#1957=EDGE_CURVE('',#1557,#1553,#770,.T.);
#1958=EDGE_CURVE('',#1558,#1557,#771,.T.);
#1959=EDGE_CURVE('',#1558,#1550,#772,.T.);
#1960=EDGE_CURVE('',#1559,#1559,#1296,.T.);
#1961=EDGE_CURVE('',#1552,#1560,#773,.T.);
#1962=EDGE_CURVE('',#1561,#1560,#774,.T.);
#1963=EDGE_CURVE('',#1557,#1561,#775,.T.);
#1964=EDGE_CURVE('',#1562,#1563,#776,.T.);
#1965=EDGE_CURVE('',#1563,#1564,#37,.T.);
#1966=EDGE_CURVE('',#1564,#1565,#777,.T.);
#1967=EDGE_CURVE('',#1565,#1562,#38,.T.);
#1968=EDGE_CURVE('',#1566,#1567,#778,.T.);
#1969=EDGE_CURVE('',#1567,#1564,#39,.T.);
#1970=EDGE_CURVE('',#1563,#1568,#779,.T.);
#1971=EDGE_CURVE('',#1568,#1566,#40,.T.);
#1972=EDGE_CURVE('',#1569,#1570,#780,.T.);
#1973=EDGE_CURVE('',#1570,#1566,#1297,.T.);
#1974=EDGE_CURVE('',#1568,#1571,#781,.T.);
#1975=EDGE_CURVE('',#1571,#1572,#41,.T.);
#1976=EDGE_CURVE('',#1572,#1569,#1298,.T.);
#1977=EDGE_CURVE('',#1573,#1572,#782,.T.);
#1978=EDGE_CURVE('',#1571,#1562,#783,.T.);
#1979=EDGE_CURVE('',#1565,#1573,#42,.T.);
#1980=EDGE_CURVE('',#1574,#1570,#784,.T.);
#1981=EDGE_CURVE('',#1575,#1574,#785,.T.);
#1982=EDGE_CURVE('',#1575,#1567,#786,.T.);
#1983=EDGE_CURVE('',#1576,#1576,#1299,.T.);
#1984=EDGE_CURVE('',#1577,#1569,#787,.T.);
#1985=EDGE_CURVE('',#1578,#1577,#788,.T.);
#1986=EDGE_CURVE('',#1574,#1578,#789,.T.);
#1987=EDGE_CURVE('',#1579,#1580,#790,.T.);
#1988=EDGE_CURVE('',#1580,#1581,#43,.T.);
#1989=EDGE_CURVE('',#1581,#1582,#44,.T.);
#1990=EDGE_CURVE('',#1582,#1583,#791,.T.);
#1991=EDGE_CURVE('',#1583,#1579,#45,.T.);
#1992=EDGE_CURVE('',#1584,#1581,#792,.T.);
#1993=EDGE_CURVE('',#1580,#1585,#793,.T.);
#1994=EDGE_CURVE('',#1585,#1584,#46,.T.);
#1995=EDGE_CURVE('',#1586,#1579,#794,.T.);
#1996=EDGE_CURVE('',#1583,#1587,#1300,.T.);
#1997=EDGE_CURVE('',#1587,#1588,#795,.T.);
#1998=EDGE_CURVE('',#1588,#1589,#1301,.T.);
#1999=EDGE_CURVE('',#1589,#1586,#47,.T.);
#2000=EDGE_CURVE('',#1589,#1590,#796,.T.);
#2001=EDGE_CURVE('',#1590,#1584,#48,.T.);
#2002=EDGE_CURVE('',#1585,#1586,#797,.T.);
#2003=EDGE_CURVE('',#1588,#1591,#798,.T.);
#2004=EDGE_CURVE('',#1591,#1592,#799,.T.);
#2005=EDGE_CURVE('',#1592,#1590,#800,.T.);
#2006=EDGE_CURVE('',#1593,#1593,#1302,.T.);
#2007=EDGE_CURVE('',#1594,#1587,#801,.T.);
#2008=EDGE_CURVE('',#1595,#1594,#802,.T.);
#2009=EDGE_CURVE('',#1595,#1591,#803,.T.);
#2010=EDGE_CURVE('',#1542,#1596,#804,.T.);
#2011=EDGE_CURVE('',#1596,#1596,#1303,.T.);
#2012=EDGE_CURVE('',#1597,#1541,#805,.T.);
#2013=EDGE_CURVE('',#1598,#1597,#806,.T.);
#2014=EDGE_CURVE('',#1598,#1531,#807,.T.);
#2015=EDGE_CURVE('',#1597,#1544,#808,.T.);
#2016=EDGE_CURVE('',#1543,#1598,#809,.T.);
#2017=EDGE_CURVE('',#1599,#1599,#1304,.T.);
#2018=EDGE_CURVE('',#1599,#1559,#810,.T.);
#2019=EDGE_CURVE('',#1600,#1558,#811,.T.);
#2020=EDGE_CURVE('',#1600,#1601,#812,.T.);
#2021=EDGE_CURVE('',#1601,#1556,#813,.T.);
#2022=EDGE_CURVE('',#1561,#1600,#814,.T.);
#2023=EDGE_CURVE('',#1560,#1601,#815,.T.);
#2024=EDGE_CURVE('',#1578,#1602,#816,.T.);
#2025=EDGE_CURVE('',#1603,#1577,#817,.T.);
#2026=EDGE_CURVE('',#1602,#1603,#818,.T.);
#2027=EDGE_CURVE('',#1604,#1604,#1305,.T.);
#2028=EDGE_CURVE('',#1604,#1576,#819,.T.);
#2029=EDGE_CURVE('',#1602,#1575,#820,.T.);
#2030=EDGE_CURVE('',#1573,#1603,#821,.T.);
#2031=EDGE_CURVE('',#1605,#1578,#822,.T.);
#2032=EDGE_CURVE('',#1606,#1605,#823,.T.);
#2033=EDGE_CURVE('',#1595,#1606,#824,.T.);
#2034=EDGE_CURVE('',#1594,#1607,#825,.T.);
#2035=EDGE_CURVE('',#1607,#1608,#826,.T.);
#2036=EDGE_CURVE('',#1609,#1608,#827,.T.);
#2037=EDGE_CURVE('',#1610,#1609,#828,.T.);
#2038=EDGE_CURVE('',#1602,#1610,#829,.T.);
#2039=EDGE_CURVE('',#1608,#1595,#830,.T.);
#2040=EDGE_CURVE('',#1608,#1592,#831,.T.);
#2041=EDGE_CURVE('',#1593,#1611,#832,.T.);
#2042=EDGE_CURVE('',#1611,#1611,#1306,.T.);
#2043=EDGE_CURVE('',#1607,#1582,#833,.T.);
#2044=EDGE_CURVE('',#1612,#1612,#1307,.T.);
#2045=EDGE_CURVE('',#1612,#1613,#1308,.T.);
#2046=EDGE_CURVE('',#1613,#1613,#1309,.T.);
#2047=EDGE_CURVE('',#1614,#1614,#1310,.T.);
#2048=EDGE_CURVE('',#1614,#1613,#834,.T.);
#2049=EDGE_CURVE('',#1615,#1616,#1311,.T.);
#2050=EDGE_CURVE('',#1616,#1617,#21,.T.);
#2051=EDGE_CURVE('',#1617,#1616,#22,.T.);
#2052=EDGE_CURVE('',#1615,#1615,#23,.T.);
#2053=EDGE_CURVE('',#1618,#1619,#835,.T.);
#2054=EDGE_CURVE('',#1620,#1618,#836,.T.);
#2055=EDGE_CURVE('',#1621,#1620,#837,.T.);
#2056=EDGE_CURVE('',#1619,#1621,#838,.T.);
#2057=EDGE_CURVE('',#1622,#1622,#1312,.T.);
#2058=EDGE_CURVE('',#1622,#1617,#1313,.T.);
#2059=EDGE_CURVE('',#1623,#1623,#1314,.T.);
#2060=EDGE_CURVE('',#1623,#1624,#1315,.T.);
#2061=EDGE_CURVE('',#1625,#1624,#1316,.T.);
#2062=EDGE_CURVE('',#1626,#1625,#1317,.T.);
#2063=EDGE_CURVE('',#1624,#1626,#1318,.T.);
#2064=EDGE_CURVE('',#1627,#1625,#839,.T.);
#2065=EDGE_CURVE('',#1628,#1627,#1319,.T.);
#2066=EDGE_CURVE('',#1626,#1628,#840,.T.);
#2067=EDGE_CURVE('',#1629,#1626,#841,.T.);
#2068=EDGE_CURVE('',#1629,#1630,#1320,.T.);
#2069=EDGE_CURVE('',#1625,#1630,#842,.T.);
#2070=EDGE_CURVE('',#1631,#1631,#1321,.T.);
#2071=EDGE_CURVE('',#1631,#1632,#1322,.T.);
#2072=EDGE_CURVE('',#1633,#1632,#1323,.T.);
#2073=EDGE_CURVE('',#1632,#1633,#1324,.T.);
#2074=EDGE_CURVE('',#1634,#1633,#843,.T.);
#2075=EDGE_CURVE('',#1634,#1635,#1325,.T.);
#2076=EDGE_CURVE('',#1632,#1635,#844,.T.);
#2077=EDGE_CURVE('',#1636,#1632,#845,.T.);
#2078=EDGE_CURVE('',#1637,#1636,#1326,.T.);
#2079=EDGE_CURVE('',#1633,#1637,#846,.T.);
#2080=EDGE_CURVE('',#1638,#1638,#1327,.T.);
#2081=EDGE_CURVE('',#1638,#1639,#1328,.T.);
#2082=EDGE_CURVE('',#1640,#1639,#1329,.T.);
#2083=EDGE_CURVE('',#1641,#1640,#1330,.T.);
#2084=EDGE_CURVE('',#1639,#1641,#1331,.T.);
#2085=EDGE_CURVE('',#1642,#1640,#847,.T.);
#2086=EDGE_CURVE('',#1643,#1642,#1332,.T.);
#2087=EDGE_CURVE('',#1641,#1643,#848,.T.);
#2088=EDGE_CURVE('',#1644,#1641,#849,.T.);
#2089=EDGE_CURVE('',#1644,#1645,#1333,.T.);
#2090=EDGE_CURVE('',#1640,#1645,#850,.T.);
#2091=EDGE_CURVE('',#1646,#1646,#1334,.T.);
#2092=EDGE_CURVE('',#1646,#1647,#1335,.T.);
#2093=EDGE_CURVE('',#1648,#1647,#1336,.T.);
#2094=EDGE_CURVE('',#1647,#1648,#1337,.T.);
#2095=EDGE_CURVE('',#1649,#1648,#851,.T.);
#2096=EDGE_CURVE('',#1650,#1649,#1338,.T.);
#2097=EDGE_CURVE('',#1647,#1650,#852,.T.);
#2098=EDGE_CURVE('',#1651,#1647,#853,.T.);
#2099=EDGE_CURVE('',#1651,#1652,#1339,.T.);
#2100=EDGE_CURVE('',#1648,#1652,#854,.T.);
#2101=EDGE_CURVE('',#1653,#1654,#1340,.T.);
#2102=EDGE_CURVE('',#1655,#1653,#1341,.T.);
#2103=EDGE_CURVE('',#1656,#1655,#1342,.T.);
#2104=EDGE_CURVE('',#1656,#1654,#1343,.T.);
#2105=EDGE_CURVE('',#1654,#1657,#855,.T.);
#2106=EDGE_CURVE('',#1658,#1656,#856,.T.);
#2107=EDGE_CURVE('',#1658,#1657,#1344,.T.);
#2108=EDGE_CURVE('',#1657,#1659,#1345,.T.);
#2109=EDGE_CURVE('',#1660,#1658,#1346,.T.);
#2110=EDGE_CURVE('',#1660,#1659,#1347,.T.);
#2111=EDGE_CURVE('',#1659,#1661,#857,.T.);
#2112=EDGE_CURVE('',#1662,#1660,#858,.T.);
#2113=EDGE_CURVE('',#1662,#1661,#1348,.T.);
#2114=EDGE_CURVE('',#1661,#1663,#1349,.T.);
#2115=EDGE_CURVE('',#1664,#1662,#1350,.T.);
#2116=EDGE_CURVE('',#1664,#1663,#1351,.T.);
#2117=EDGE_CURVE('',#1665,#1653,#859,.T.);
#2118=EDGE_CURVE('',#1666,#1665,#1352,.T.);
#2119=EDGE_CURVE('',#1655,#1666,#860,.T.);
#2120=EDGE_CURVE('',#1667,#1665,#1353,.T.);
#2121=EDGE_CURVE('',#1668,#1667,#1354,.T.);
#2122=EDGE_CURVE('',#1666,#1668,#1355,.T.);
#2123=EDGE_CURVE('',#1663,#1667,#861,.T.);
#2124=EDGE_CURVE('',#1668,#1664,#862,.T.);
#2125=EDGE_CURVE('',#1669,#1670,#863,.T.);
#2126=EDGE_CURVE('',#1671,#1670,#1356,.T.);
#2127=EDGE_CURVE('',#1671,#1672,#864,.T.);
#2128=EDGE_CURVE('',#1673,#1672,#1357,.T.);
#2129=EDGE_CURVE('',#1673,#1674,#865,.T.);
#2130=EDGE_CURVE('',#1675,#1674,#1358,.T.);
#2131=EDGE_CURVE('',#1675,#1676,#866,.T.);
#2132=EDGE_CURVE('',#1669,#1676,#1359,.T.);
#2133=EDGE_CURVE('',#1677,#1677,#1360,.T.);
#2134=EDGE_CURVE('',#1677,#1678,#867,.T.);
#2135=EDGE_CURVE('',#1678,#1678,#1361,.T.);
#2136=EDGE_CURVE('',#1679,#1679,#1362,.T.);
#2137=EDGE_CURVE('',#1679,#1680,#868,.T.);
#2138=EDGE_CURVE('',#1680,#1680,#1363,.T.);
#2139=EDGE_CURVE('',#1681,#1681,#1364,.T.);
#2140=EDGE_CURVE('',#1681,#1682,#869,.T.);
#2141=EDGE_CURVE('',#1682,#1682,#1365,.T.);
#2142=EDGE_CURVE('',#1683,#1683,#1366,.T.);
#2143=EDGE_CURVE('',#1683,#1684,#870,.T.);
#2144=EDGE_CURVE('',#1684,#1684,#1367,.T.);
#2145=EDGE_CURVE('',#1685,#1644,#871,.T.);
#2146=EDGE_CURVE('',#1686,#1685,#1368,.T.);
#2147=EDGE_CURVE('',#1645,#1686,#872,.T.);
#2148=EDGE_CURVE('',#1687,#1685,#873,.T.);
#2149=EDGE_CURVE('',#1688,#1687,#1369,.T.);
#2150=EDGE_CURVE('',#1686,#1688,#874,.T.);
#2151=EDGE_CURVE('',#1689,#1688,#875,.T.);
#2152=EDGE_CURVE('',#1690,#1689,#876,.T.);
#2153=EDGE_CURVE('',#1691,#1690,#877,.T.);
#2154=EDGE_CURVE('',#1691,#1692,#878,.T.);
#2155=EDGE_CURVE('',#1692,#1629,#879,.T.);
#2156=EDGE_CURVE('',#1676,#1628,#880,.T.);
#2157=EDGE_CURVE('',#1642,#1675,#881,.T.);
#2158=EDGE_CURVE('',#1687,#1693,#882,.T.);
#2159=EDGE_CURVE('',#1693,#1689,#1370,.F.);
#2160=EDGE_CURVE('',#1674,#1643,#883,.T.);
#2161=EDGE_CURVE('',#1694,#1695,#884,.T.);
#2162=EDGE_CURVE('',#1696,#1694,#1371,.T.);
#2163=EDGE_CURVE('',#1697,#1696,#885,.T.);
#2164=EDGE_CURVE('',#1697,#1695,#1372,.T.);
#2165=EDGE_CURVE('',#1695,#1651,#886,.T.);
#2166=EDGE_CURVE('',#1652,#1697,#887,.T.);
#2167=EDGE_CURVE('',#1672,#1650,#888,.T.);
#2168=EDGE_CURVE('',#1636,#1671,#889,.T.);
#2169=EDGE_CURVE('',#1635,#1698,#890,.T.);
#2170=EDGE_CURVE('',#1698,#1699,#891,.T.);
#2171=EDGE_CURVE('',#1700,#1699,#892,.T.);
#2172=EDGE_CURVE('',#1701,#1700,#893,.T.);
#2173=EDGE_CURVE('',#1694,#1701,#894,.T.);
#2174=EDGE_CURVE('',#1649,#1673,#895,.T.);
#2175=EDGE_CURVE('',#1702,#1692,#1373,.T.);
#2176=EDGE_CURVE('',#1630,#1702,#896,.T.);
#2177=EDGE_CURVE('',#1703,#1691,#1374,.T.);
#2178=EDGE_CURVE('',#1702,#1703,#897,.T.);
#2179=EDGE_CURVE('',#1704,#1703,#898,.T.);
#2180=EDGE_CURVE('',#1705,#1704,#899,.T.);
#2181=EDGE_CURVE('',#1706,#1705,#900,.T.);
#2182=EDGE_CURVE('',#1706,#1707,#901,.T.);
#2183=EDGE_CURVE('',#1707,#1634,#902,.T.);
#2184=EDGE_CURVE('',#1670,#1637,#903,.T.);
#2185=EDGE_CURVE('',#1627,#1669,#904,.T.);
#2186=EDGE_CURVE('',#1690,#1704,#1375,.F.);
#2187=EDGE_CURVE('',#1698,#1707,#1376,.T.);
#2188=EDGE_CURVE('',#1699,#1706,#1377,.T.);
#2189=EDGE_CURVE('',#1705,#1700,#1378,.F.);
#2190=EDGE_CURVE('',#1708,#1605,#1379,.F.);
#2191=EDGE_CURVE('',#1621,#1708,#1380,.F.);
#2192=EDGE_CURVE('',#1605,#1621,#1381,.F.);
#2193=EDGE_CURVE('',#1709,#1710,#1382,.F.);
#2194=EDGE_CURVE('',#1619,#1709,#1383,.F.);
#2195=EDGE_CURVE('',#1710,#1619,#1384,.F.);
#2196=EDGE_CURVE('',#1606,#1711,#1385,.F.);
#2197=EDGE_CURVE('',#1620,#1606,#1386,.F.);
#2198=EDGE_CURVE('',#1711,#1620,#1387,.F.);
#2199=EDGE_CURVE('',#1618,#1712,#1388,.F.);
#2200=EDGE_CURVE('',#1713,#1618,#1389,.F.);
#2201=EDGE_CURVE('',#1712,#1713,#1390,.F.);
#2202=EDGE_CURVE('',#1709,#1713,#905,.T.);
#2203=EDGE_CURVE('',#1714,#1715,#1391,.T.);
#2204=EDGE_CURVE('',#1715,#1712,#906,.T.);
#2205=EDGE_CURVE('',#1713,#1561,#907,.T.);
#2206=EDGE_CURVE('',#1600,#1714,#908,.T.);
#2207=EDGE_CURVE('',#1712,#1711,#909,.T.);
#2208=EDGE_CURVE('',#1716,#1609,#1392,.T.);
#2209=EDGE_CURVE('',#1711,#1716,#910,.T.);
#2210=EDGE_CURVE('',#1708,#1710,#911,.T.);
#2211=EDGE_CURVE('',#1717,#1718,#1393,.T.);
#2212=EDGE_CURVE('',#1718,#1597,#912,.T.);
#2213=EDGE_CURVE('',#1544,#1709,#913,.T.);
#2214=EDGE_CURVE('',#1710,#1717,#914,.T.);
#2215=EDGE_CURVE('',#1610,#1719,#1394,.T.);
#2216=EDGE_CURVE('',#1719,#1708,#915,.T.);
#2217=EDGE_CURVE('',#1714,#1718,#916,.T.);
#2218=EDGE_CURVE('',#1717,#1719,#917,.T.);
#2219=EDGE_CURVE('',#1720,#1721,#1395,.T.);
#2220=EDGE_CURVE('',#1700,#1721,#1396,.T.);
#2221=EDGE_CURVE('',#1720,#1705,#1397,.T.);
#2222=EDGE_CURVE('',#1722,#1690,#1398,.T.);
#2223=EDGE_CURVE('',#1722,#1723,#1399,.T.);
#2224=EDGE_CURVE('',#1704,#1723,#1400,.T.);
#2225=EDGE_CURVE('',#1724,#1725,#1401,.T.);
#2226=EDGE_CURVE('',#1726,#1725,#1402,.T.);
#2227=EDGE_CURVE('',#1701,#1726,#1403,.F.);
#2228=EDGE_CURVE('',#1724,#1701,#1404,.T.);
#2229=EDGE_CURVE('',#1727,#1728,#1405,.T.);
#2230=EDGE_CURVE('',#1689,#1728,#1406,.T.);
#2231=EDGE_CURVE('',#1727,#1693,#1407,.T.);
#2232=EDGE_CURVE('',#1728,#1722,#918,.T.);
#2233=EDGE_CURVE('',#1725,#1727,#919,.T.);
#2234=EDGE_CURVE('',#1693,#1726,#920,.T.);
#2235=EDGE_CURVE('',#1726,#1696,#921,.T.);
#2236=EDGE_CURVE('',#1721,#1724,#922,.T.);
#2237=EDGE_CURVE('',#1723,#1720,#923,.T.);
#2238=EDGE_CURVE('',#1716,#1715,#924,.T.);
#2239=ORIENTED_EDGE('',*,*,#1729,.T.);
#2240=ORIENTED_EDGE('',*,*,#1730,.T.);
#2241=ORIENTED_EDGE('',*,*,#1731,.T.);
#2242=ORIENTED_EDGE('',*,*,#1732,.T.);
#2243=ORIENTED_EDGE('',*,*,#1733,.T.);
#2244=ORIENTED_EDGE('',*,*,#1734,.T.);
#2245=ORIENTED_EDGE('',*,*,#1735,.T.);
#2246=ORIENTED_EDGE('',*,*,#1736,.T.);
#2247=ORIENTED_EDGE('',*,*,#1737,.T.);
#2248=ORIENTED_EDGE('',*,*,#1738,.T.);
#2249=ORIENTED_EDGE('',*,*,#1739,.T.);
#2250=ORIENTED_EDGE('',*,*,#1740,.T.);
#2251=ORIENTED_EDGE('',*,*,#1729,.F.);
#2252=ORIENTED_EDGE('',*,*,#1741,.T.);
#2253=ORIENTED_EDGE('',*,*,#1742,.T.);
#2254=ORIENTED_EDGE('',*,*,#1738,.F.);
#2255=ORIENTED_EDGE('',*,*,#1736,.F.);
#2256=ORIENTED_EDGE('',*,*,#1743,.T.);
#2257=ORIENTED_EDGE('',*,*,#1744,.T.);
#2258=ORIENTED_EDGE('',*,*,#1741,.F.);
#2259=ORIENTED_EDGE('',*,*,#1735,.F.);
#2260=ORIENTED_EDGE('',*,*,#1745,.T.);
#2261=ORIENTED_EDGE('',*,*,#1746,.T.);
#2262=ORIENTED_EDGE('',*,*,#1743,.F.);
#2263=ORIENTED_EDGE('',*,*,#1734,.F.);
#2264=ORIENTED_EDGE('',*,*,#1747,.T.);
#2265=ORIENTED_EDGE('',*,*,#1748,.T.);
#2266=ORIENTED_EDGE('',*,*,#1745,.F.);
#2267=ORIENTED_EDGE('',*,*,#1733,.F.);
#2268=ORIENTED_EDGE('',*,*,#1749,.T.);
#2269=ORIENTED_EDGE('',*,*,#1750,.T.);
#2270=ORIENTED_EDGE('',*,*,#1747,.F.);
#2271=ORIENTED_EDGE('',*,*,#1732,.F.);
#2272=ORIENTED_EDGE('',*,*,#1751,.T.);
#2273=ORIENTED_EDGE('',*,*,#1752,.T.);
#2274=ORIENTED_EDGE('',*,*,#1749,.F.);
#2275=ORIENTED_EDGE('',*,*,#1731,.F.);
#2276=ORIENTED_EDGE('',*,*,#1740,.F.);
#2277=ORIENTED_EDGE('',*,*,#1753,.T.);
#2278=ORIENTED_EDGE('',*,*,#1751,.F.);
#2279=ORIENTED_EDGE('',*,*,#1730,.F.);
#2280=ORIENTED_EDGE('',*,*,#1754,.F.);
#2281=ORIENTED_EDGE('',*,*,#1755,.F.);
#2282=ORIENTED_EDGE('',*,*,#1756,.T.);
#2283=ORIENTED_EDGE('',*,*,#1757,.F.);
#2284=ORIENTED_EDGE('',*,*,#1758,.F.);
#2285=ORIENTED_EDGE('',*,*,#1759,.F.);
#2286=ORIENTED_EDGE('',*,*,#1760,.T.);
#2287=ORIENTED_EDGE('',*,*,#1761,.F.);
#2288=ORIENTED_EDGE('',*,*,#1762,.F.);
#2289=ORIENTED_EDGE('',*,*,#1763,.F.);
#2290=ORIENTED_EDGE('',*,*,#1764,.T.);
#2291=ORIENTED_EDGE('',*,*,#1765,.F.);
#2292=ORIENTED_EDGE('',*,*,#1766,.F.);
#2293=ORIENTED_EDGE('',*,*,#1767,.F.);
#2294=ORIENTED_EDGE('',*,*,#1768,.T.);
#2295=ORIENTED_EDGE('',*,*,#1769,.F.);
#2296=ORIENTED_EDGE('',*,*,#1759,.T.);
#2297=ORIENTED_EDGE('',*,*,#1770,.F.);
#2298=ORIENTED_EDGE('',*,*,#1771,.F.);
#2299=ORIENTED_EDGE('',*,*,#1772,.F.);
#2300=ORIENTED_EDGE('',*,*,#1773,.F.);
#2301=ORIENTED_EDGE('',*,*,#1769,.T.);
#2302=ORIENTED_EDGE('',*,*,#1774,.F.);
#2303=ORIENTED_EDGE('',*,*,#1775,.F.);
#2304=ORIENTED_EDGE('',*,*,#1776,.F.);
#2305=ORIENTED_EDGE('',*,*,#1777,.F.);
#2306=ORIENTED_EDGE('',*,*,#1763,.T.);
#2307=ORIENTED_EDGE('',*,*,#1778,.F.);
#2308=ORIENTED_EDGE('',*,*,#1779,.F.);
#2309=ORIENTED_EDGE('',*,*,#1780,.T.);
#2310=ORIENTED_EDGE('',*,*,#1781,.F.);
#2311=ORIENTED_EDGE('',*,*,#1757,.T.);
#2312=ORIENTED_EDGE('',*,*,#1782,.F.);
#2313=ORIENTED_EDGE('',*,*,#1783,.F.);
#2314=ORIENTED_EDGE('',*,*,#1784,.F.);
#2315=ORIENTED_EDGE('',*,*,#1785,.F.);
#2316=ORIENTED_EDGE('',*,*,#1767,.T.);
#2317=ORIENTED_EDGE('',*,*,#1786,.F.);
#2318=ORIENTED_EDGE('',*,*,#1787,.F.);
#2319=ORIENTED_EDGE('',*,*,#1788,.T.);
#2320=ORIENTED_EDGE('',*,*,#1789,.F.);
#2321=ORIENTED_EDGE('',*,*,#1755,.T.);
#2322=ORIENTED_EDGE('',*,*,#1790,.F.);
#2323=ORIENTED_EDGE('',*,*,#1791,.F.);
#2324=ORIENTED_EDGE('',*,*,#1792,.T.);
#2325=ORIENTED_EDGE('',*,*,#1793,.F.);
#2326=ORIENTED_EDGE('',*,*,#1758,.T.);
#2327=ORIENTED_EDGE('',*,*,#1794,.T.);
#2328=ORIENTED_EDGE('',*,*,#1795,.T.);
#2329=ORIENTED_EDGE('',*,*,#1770,.T.);
#2330=ORIENTED_EDGE('',*,*,#1754,.T.);
#2331=ORIENTED_EDGE('',*,*,#1785,.T.);
#2332=ORIENTED_EDGE('',*,*,#1796,.T.);
#2333=ORIENTED_EDGE('',*,*,#1797,.T.);
#2334=ORIENTED_EDGE('',*,*,#1790,.T.);
#2335=ORIENTED_EDGE('',*,*,#1766,.T.);
#2336=ORIENTED_EDGE('',*,*,#1777,.T.);
#2337=ORIENTED_EDGE('',*,*,#1798,.T.);
#2338=ORIENTED_EDGE('',*,*,#1799,.T.);
#2339=ORIENTED_EDGE('',*,*,#1786,.T.);
#2340=ORIENTED_EDGE('',*,*,#1737,.F.);
#2341=ORIENTED_EDGE('',*,*,#1800,.T.);
#2342=ORIENTED_EDGE('',*,*,#1801,.T.);
#2343=ORIENTED_EDGE('',*,*,#1800,.F.);
#2344=ORIENTED_EDGE('',*,*,#1801,.F.);
#2345=ORIENTED_EDGE('',*,*,#1802,.F.);
#2346=ORIENTED_EDGE('',*,*,#1797,.F.);
#2347=ORIENTED_EDGE('',*,*,#1803,.T.);
#2348=ORIENTED_EDGE('',*,*,#1804,.F.);
#2349=ORIENTED_EDGE('',*,*,#1803,.F.);
#2350=ORIENTED_EDGE('',*,*,#1796,.F.);
#2351=ORIENTED_EDGE('',*,*,#1802,.T.);
#2352=ORIENTED_EDGE('',*,*,#1784,.T.);
#2353=ORIENTED_EDGE('',*,*,#1805,.T.);
#2354=ORIENTED_EDGE('',*,*,#1791,.T.);
#2355=ORIENTED_EDGE('',*,*,#1762,.T.);
#2356=ORIENTED_EDGE('',*,*,#1806,.T.);
#2357=ORIENTED_EDGE('',*,*,#1807,.T.);
#2358=ORIENTED_EDGE('',*,*,#1778,.T.);
#2359=ORIENTED_EDGE('',*,*,#1808,.F.);
#2360=ORIENTED_EDGE('',*,*,#1809,.T.);
#2361=ORIENTED_EDGE('',*,*,#1810,.F.);
#2362=ORIENTED_EDGE('',*,*,#1809,.F.);
#2363=ORIENTED_EDGE('',*,*,#1795,.F.);
#2364=ORIENTED_EDGE('',*,*,#1808,.T.);
#2365=ORIENTED_EDGE('',*,*,#1811,.T.);
#2366=ORIENTED_EDGE('',*,*,#1812,.T.);
#2367=ORIENTED_EDGE('',*,*,#1771,.T.);
#2368=ORIENTED_EDGE('',*,*,#1804,.T.);
#2369=ORIENTED_EDGE('',*,*,#1813,.T.);
#2370=ORIENTED_EDGE('',*,*,#1814,.F.);
#2371=ORIENTED_EDGE('',*,*,#1799,.F.);
#2372=ORIENTED_EDGE('',*,*,#1815,.T.);
#2373=ORIENTED_EDGE('',*,*,#1816,.F.);
#2374=ORIENTED_EDGE('',*,*,#1815,.F.);
#2375=ORIENTED_EDGE('',*,*,#1798,.F.);
#2376=ORIENTED_EDGE('',*,*,#1814,.T.);
#2377=ORIENTED_EDGE('',*,*,#1776,.T.);
#2378=ORIENTED_EDGE('',*,*,#1817,.T.);
#2379=ORIENTED_EDGE('',*,*,#1787,.T.);
#2380=ORIENTED_EDGE('',*,*,#1810,.T.);
#2381=ORIENTED_EDGE('',*,*,#1818,.T.);
#2382=ORIENTED_EDGE('',*,*,#1807,.F.);
#2383=ORIENTED_EDGE('',*,*,#1819,.T.);
#2384=ORIENTED_EDGE('',*,*,#1820,.F.);
#2385=ORIENTED_EDGE('',*,*,#1819,.F.);
#2386=ORIENTED_EDGE('',*,*,#1821,.F.);
#2387=ORIENTED_EDGE('',*,*,#1816,.T.);
#2388=ORIENTED_EDGE('',*,*,#1822,.T.);
#2389=ORIENTED_EDGE('',*,*,#1821,.T.);
#2390=ORIENTED_EDGE('',*,*,#1823,.T.);
#2391=ORIENTED_EDGE('',*,*,#1824,.T.);
#2392=ORIENTED_EDGE('',*,*,#1779,.T.);
#2393=ORIENTED_EDGE('',*,*,#1825,.T.);
#2394=ORIENTED_EDGE('',*,*,#1826,.T.);
#2395=ORIENTED_EDGE('',*,*,#1827,.T.);
#2396=ORIENTED_EDGE('',*,*,#1828,.T.);
#2397=ORIENTED_EDGE('',*,*,#1829,.T.);
#2398=ORIENTED_EDGE('',*,*,#1830,.T.);
#2399=ORIENTED_EDGE('',*,*,#1827,.F.);
#2400=ORIENTED_EDGE('',*,*,#1831,.T.);
#2401=ORIENTED_EDGE('',*,*,#1832,.T.);
#2402=ORIENTED_EDGE('',*,*,#1833,.T.);
#2403=ORIENTED_EDGE('',*,*,#1829,.F.);
#2404=ORIENTED_EDGE('',*,*,#1834,.T.);
#2405=ORIENTED_EDGE('',*,*,#1835,.T.);
#2406=ORIENTED_EDGE('',*,*,#1836,.T.);
#2407=ORIENTED_EDGE('',*,*,#1832,.F.);
#2408=ORIENTED_EDGE('',*,*,#1837,.T.);
#2409=ORIENTED_EDGE('',*,*,#1838,.T.);
#2410=ORIENTED_EDGE('',*,*,#1839,.T.);
#2411=ORIENTED_EDGE('',*,*,#1835,.F.);
#2412=ORIENTED_EDGE('',*,*,#1840,.T.);
#2413=ORIENTED_EDGE('',*,*,#1841,.T.);
#2414=ORIENTED_EDGE('',*,*,#1842,.T.);
#2415=ORIENTED_EDGE('',*,*,#1838,.F.);
#2416=ORIENTED_EDGE('',*,*,#1843,.T.);
#2417=ORIENTED_EDGE('',*,*,#1844,.T.);
#2418=ORIENTED_EDGE('',*,*,#1845,.T.);
#2419=ORIENTED_EDGE('',*,*,#1841,.F.);
#2420=ORIENTED_EDGE('',*,*,#1846,.T.);
#2421=ORIENTED_EDGE('',*,*,#1825,.F.);
#2422=ORIENTED_EDGE('',*,*,#1847,.T.);
#2423=ORIENTED_EDGE('',*,*,#1844,.F.);
#2424=ORIENTED_EDGE('',*,*,#1848,.T.);
#2425=ORIENTED_EDGE('',*,*,#1837,.F.);
#2426=ORIENTED_EDGE('',*,*,#1849,.F.);
#2427=ORIENTED_EDGE('',*,*,#1850,.T.);
#2428=ORIENTED_EDGE('',*,*,#1851,.T.);
#2429=ORIENTED_EDGE('',*,*,#1834,.F.);
#2430=ORIENTED_EDGE('',*,*,#1852,.F.);
#2431=ORIENTED_EDGE('',*,*,#1853,.T.);
#2432=ORIENTED_EDGE('',*,*,#1849,.T.);
#2433=ORIENTED_EDGE('',*,*,#1831,.F.);
#2434=ORIENTED_EDGE('',*,*,#1854,.F.);
#2435=ORIENTED_EDGE('',*,*,#1855,.T.);
#2436=ORIENTED_EDGE('',*,*,#1852,.T.);
#2437=ORIENTED_EDGE('',*,*,#1826,.F.);
#2438=ORIENTED_EDGE('',*,*,#1856,.F.);
#2439=ORIENTED_EDGE('',*,*,#1857,.T.);
#2440=ORIENTED_EDGE('',*,*,#1854,.T.);
#2441=ORIENTED_EDGE('',*,*,#1828,.F.);
#2442=ORIENTED_EDGE('',*,*,#1830,.F.);
#2443=ORIENTED_EDGE('',*,*,#1833,.F.);
#2444=ORIENTED_EDGE('',*,*,#1836,.F.);
#2445=ORIENTED_EDGE('',*,*,#1839,.F.);
#2446=ORIENTED_EDGE('',*,*,#1842,.F.);
#2447=ORIENTED_EDGE('',*,*,#1845,.F.);
#2448=ORIENTED_EDGE('',*,*,#1847,.F.);
#2449=ORIENTED_EDGE('',*,*,#1858,.T.);
#2450=ORIENTED_EDGE('',*,*,#1859,.T.);
#2451=ORIENTED_EDGE('',*,*,#1860,.T.);
#2452=ORIENTED_EDGE('',*,*,#1861,.T.);
#2453=ORIENTED_EDGE('',*,*,#1862,.F.);
#2454=ORIENTED_EDGE('',*,*,#1863,.T.);
#2455=ORIENTED_EDGE('',*,*,#1864,.F.);
#2456=ORIENTED_EDGE('',*,*,#1865,.F.);
#2457=ORIENTED_EDGE('',*,*,#1866,.F.);
#2458=ORIENTED_EDGE('',*,*,#1865,.T.);
#2459=ORIENTED_EDGE('',*,*,#1867,.F.);
#2460=ORIENTED_EDGE('',*,*,#1868,.F.);
#2461=ORIENTED_EDGE('',*,*,#1869,.F.);
#2462=ORIENTED_EDGE('',*,*,#1868,.T.);
#2463=ORIENTED_EDGE('',*,*,#1870,.F.);
#2464=ORIENTED_EDGE('',*,*,#1871,.F.);
#2465=ORIENTED_EDGE('',*,*,#1872,.F.);
#2466=ORIENTED_EDGE('',*,*,#1871,.T.);
#2467=ORIENTED_EDGE('',*,*,#1873,.F.);
#2468=ORIENTED_EDGE('',*,*,#1874,.F.);
#2469=ORIENTED_EDGE('',*,*,#1875,.F.);
#2470=ORIENTED_EDGE('',*,*,#1874,.T.);
#2471=ORIENTED_EDGE('',*,*,#1876,.F.);
#2472=ORIENTED_EDGE('',*,*,#1877,.F.);
#2473=ORIENTED_EDGE('',*,*,#1878,.F.);
#2474=ORIENTED_EDGE('',*,*,#1877,.T.);
#2475=ORIENTED_EDGE('',*,*,#1879,.F.);
#2476=ORIENTED_EDGE('',*,*,#1880,.F.);
#2477=ORIENTED_EDGE('',*,*,#1881,.F.);
#2478=ORIENTED_EDGE('',*,*,#1880,.T.);
#2479=ORIENTED_EDGE('',*,*,#1882,.F.);
#2480=ORIENTED_EDGE('',*,*,#1883,.F.);
#2481=ORIENTED_EDGE('',*,*,#1884,.F.);
#2482=ORIENTED_EDGE('',*,*,#1883,.T.);
#2483=ORIENTED_EDGE('',*,*,#1885,.F.);
#2484=ORIENTED_EDGE('',*,*,#1863,.F.);
#2485=ORIENTED_EDGE('',*,*,#1876,.T.);
#2486=ORIENTED_EDGE('',*,*,#1873,.T.);
#2487=ORIENTED_EDGE('',*,*,#1870,.T.);
#2488=ORIENTED_EDGE('',*,*,#1867,.T.);
#2489=ORIENTED_EDGE('',*,*,#1864,.T.);
#2490=ORIENTED_EDGE('',*,*,#1885,.T.);
#2491=ORIENTED_EDGE('',*,*,#1882,.T.);
#2492=ORIENTED_EDGE('',*,*,#1879,.T.);
#2493=ORIENTED_EDGE('',*,*,#1773,.T.);
#2494=ORIENTED_EDGE('',*,*,#1886,.T.);
#2495=ORIENTED_EDGE('',*,*,#1887,.T.);
#2496=ORIENTED_EDGE('',*,*,#1760,.F.);
#2497=ORIENTED_EDGE('',*,*,#1764,.F.);
#2498=ORIENTED_EDGE('',*,*,#1781,.T.);
#2499=ORIENTED_EDGE('',*,*,#1888,.T.);
#2500=ORIENTED_EDGE('',*,*,#1889,.T.);
#2501=ORIENTED_EDGE('',*,*,#1768,.F.);
#2502=ORIENTED_EDGE('',*,*,#1789,.T.);
#2503=ORIENTED_EDGE('',*,*,#1890,.T.);
#2504=ORIENTED_EDGE('',*,*,#1774,.T.);
#2505=ORIENTED_EDGE('',*,*,#1753,.F.);
#2506=ORIENTED_EDGE('',*,*,#1739,.F.);
#2507=ORIENTED_EDGE('',*,*,#1742,.F.);
#2508=ORIENTED_EDGE('',*,*,#1744,.F.);
#2509=ORIENTED_EDGE('',*,*,#1746,.F.);
#2510=ORIENTED_EDGE('',*,*,#1748,.F.);
#2511=ORIENTED_EDGE('',*,*,#1750,.F.);
#2512=ORIENTED_EDGE('',*,*,#1752,.F.);
#2513=ORIENTED_EDGE('',*,*,#1756,.F.);
#2514=ORIENTED_EDGE('',*,*,#1793,.T.);
#2515=ORIENTED_EDGE('',*,*,#1891,.T.);
#2516=ORIENTED_EDGE('',*,*,#1782,.T.);
#2517=ORIENTED_EDGE('',*,*,#1892,.F.);
#2518=ORIENTED_EDGE('',*,*,#1893,.T.);
#2519=ORIENTED_EDGE('',*,*,#1894,.F.);
#2520=ORIENTED_EDGE('',*,*,#1893,.F.);
#2521=ORIENTED_EDGE('',*,*,#1895,.F.);
#2522=ORIENTED_EDGE('',*,*,#1896,.T.);
#2523=ORIENTED_EDGE('',*,*,#1818,.F.);
#2524=ORIENTED_EDGE('',*,*,#1896,.F.);
#2525=ORIENTED_EDGE('',*,*,#1897,.F.);
#2526=ORIENTED_EDGE('',*,*,#1898,.T.);
#2527=ORIENTED_EDGE('',*,*,#1822,.F.);
#2528=ORIENTED_EDGE('',*,*,#1898,.F.);
#2529=ORIENTED_EDGE('',*,*,#1899,.F.);
#2530=ORIENTED_EDGE('',*,*,#1900,.T.);
#2531=ORIENTED_EDGE('',*,*,#1813,.F.);
#2532=ORIENTED_EDGE('',*,*,#1900,.F.);
#2533=ORIENTED_EDGE('',*,*,#1901,.F.);
#2534=ORIENTED_EDGE('',*,*,#1902,.T.);
#2535=ORIENTED_EDGE('',*,*,#1861,.F.);
#2536=ORIENTED_EDGE('',*,*,#1902,.F.);
#2537=ORIENTED_EDGE('',*,*,#1901,.T.);
#2538=ORIENTED_EDGE('',*,*,#1895,.T.);
#2539=ORIENTED_EDGE('',*,*,#1903,.F.);
#2540=ORIENTED_EDGE('',*,*,#1904,.T.);
#2541=ORIENTED_EDGE('',*,*,#1860,.F.);
#2542=ORIENTED_EDGE('',*,*,#1904,.F.);
#2543=ORIENTED_EDGE('',*,*,#1903,.T.);
#2544=ORIENTED_EDGE('',*,*,#1899,.T.);
#2545=ORIENTED_EDGE('',*,*,#1905,.F.);
#2546=ORIENTED_EDGE('',*,*,#1906,.T.);
#2547=ORIENTED_EDGE('',*,*,#1859,.F.);
#2548=ORIENTED_EDGE('',*,*,#1906,.F.);
#2549=ORIENTED_EDGE('',*,*,#1905,.T.);
#2550=ORIENTED_EDGE('',*,*,#1897,.T.);
#2551=ORIENTED_EDGE('',*,*,#1907,.F.);
#2552=ORIENTED_EDGE('',*,*,#1908,.T.);
#2553=ORIENTED_EDGE('',*,*,#1858,.F.);
#2554=ORIENTED_EDGE('',*,*,#1908,.F.);
#2555=ORIENTED_EDGE('',*,*,#1907,.T.);
#2556=ORIENTED_EDGE('',*,*,#1892,.T.);
#2557=ORIENTED_EDGE('',*,*,#1890,.F.);
#2558=ORIENTED_EDGE('',*,*,#1788,.F.);
#2559=ORIENTED_EDGE('',*,*,#1817,.F.);
#2560=ORIENTED_EDGE('',*,*,#1775,.T.);
#2561=ORIENTED_EDGE('',*,*,#1891,.F.);
#2562=ORIENTED_EDGE('',*,*,#1792,.F.);
#2563=ORIENTED_EDGE('',*,*,#1805,.F.);
#2564=ORIENTED_EDGE('',*,*,#1783,.T.);
#2565=ORIENTED_EDGE('',*,*,#1761,.T.);
#2566=ORIENTED_EDGE('',*,*,#1887,.F.);
#2567=ORIENTED_EDGE('',*,*,#1909,.F.);
#2568=ORIENTED_EDGE('',*,*,#1811,.F.);
#2569=ORIENTED_EDGE('',*,*,#1794,.F.);
#2570=ORIENTED_EDGE('',*,*,#1888,.F.);
#2571=ORIENTED_EDGE('',*,*,#1780,.F.);
#2572=ORIENTED_EDGE('',*,*,#1824,.F.);
#2573=ORIENTED_EDGE('',*,*,#1910,.T.);
#2574=ORIENTED_EDGE('',*,*,#1765,.T.);
#2575=ORIENTED_EDGE('',*,*,#1889,.F.);
#2576=ORIENTED_EDGE('',*,*,#1910,.F.);
#2577=ORIENTED_EDGE('',*,*,#1823,.F.);
#2578=ORIENTED_EDGE('',*,*,#1806,.F.);
#2579=ORIENTED_EDGE('',*,*,#1886,.F.);
#2580=ORIENTED_EDGE('',*,*,#1772,.T.);
#2581=ORIENTED_EDGE('',*,*,#1812,.F.);
#2582=ORIENTED_EDGE('',*,*,#1909,.T.);
#2583=ORIENTED_EDGE('',*,*,#1820,.T.);
#2584=ORIENTED_EDGE('',*,*,#1894,.T.);
#2585=ORIENTED_EDGE('',*,*,#1848,.F.);
#2586=ORIENTED_EDGE('',*,*,#1911,.F.);
#2587=ORIENTED_EDGE('',*,*,#1912,.T.);
#2588=ORIENTED_EDGE('',*,*,#1856,.T.);
#2589=ORIENTED_EDGE('',*,*,#1846,.F.);
#2590=ORIENTED_EDGE('',*,*,#1913,.F.);
#2591=ORIENTED_EDGE('',*,*,#1914,.T.);
#2592=ORIENTED_EDGE('',*,*,#1911,.T.);
#2593=ORIENTED_EDGE('',*,*,#1843,.F.);
#2594=ORIENTED_EDGE('',*,*,#1915,.F.);
#2595=ORIENTED_EDGE('',*,*,#1916,.T.);
#2596=ORIENTED_EDGE('',*,*,#1913,.T.);
#2597=ORIENTED_EDGE('',*,*,#1840,.F.);
#2598=ORIENTED_EDGE('',*,*,#1851,.F.);
#2599=ORIENTED_EDGE('',*,*,#1917,.T.);
#2600=ORIENTED_EDGE('',*,*,#1915,.T.);
#2601=ORIENTED_EDGE('',*,*,#1853,.F.);
#2602=ORIENTED_EDGE('',*,*,#1855,.F.);
#2603=ORIENTED_EDGE('',*,*,#1857,.F.);
#2604=ORIENTED_EDGE('',*,*,#1912,.F.);
#2605=ORIENTED_EDGE('',*,*,#1914,.F.);
#2606=ORIENTED_EDGE('',*,*,#1916,.F.);
#2607=ORIENTED_EDGE('',*,*,#1917,.F.);
#2608=ORIENTED_EDGE('',*,*,#1850,.F.);
#2609=ORIENTED_EDGE('',*,*,#1875,.T.);
#2610=ORIENTED_EDGE('',*,*,#1878,.T.);
#2611=ORIENTED_EDGE('',*,*,#1881,.T.);
#2612=ORIENTED_EDGE('',*,*,#1884,.T.);
#2613=ORIENTED_EDGE('',*,*,#1862,.T.);
#2614=ORIENTED_EDGE('',*,*,#1866,.T.);
#2615=ORIENTED_EDGE('',*,*,#1869,.T.);
#2616=ORIENTED_EDGE('',*,*,#1872,.T.);
#2617=ORIENTED_EDGE('',*,*,#1918,.T.);
#2618=ORIENTED_EDGE('',*,*,#1919,.T.);
#2619=ORIENTED_EDGE('',*,*,#1920,.T.);
#2620=ORIENTED_EDGE('',*,*,#1921,.T.);
#2621=ORIENTED_EDGE('',*,*,#1922,.T.);
#2622=ORIENTED_EDGE('',*,*,#1923,.T.);
#2623=ORIENTED_EDGE('',*,*,#1919,.F.);
#2624=ORIENTED_EDGE('',*,*,#1924,.T.);
#2625=ORIENTED_EDGE('',*,*,#1925,.T.);
#2626=ORIENTED_EDGE('',*,*,#1926,.T.);
#2627=ORIENTED_EDGE('',*,*,#1922,.F.);
#2628=ORIENTED_EDGE('',*,*,#1927,.T.);
#2629=ORIENTED_EDGE('',*,*,#1928,.T.);
#2630=ORIENTED_EDGE('',*,*,#1929,.T.);
#2631=ORIENTED_EDGE('',*,*,#1930,.T.);
#2632=ORIENTED_EDGE('',*,*,#1931,.T.);
#2633=ORIENTED_EDGE('',*,*,#1930,.F.);
#2634=ORIENTED_EDGE('',*,*,#1932,.T.);
#2635=ORIENTED_EDGE('',*,*,#1933,.T.);
#2636=ORIENTED_EDGE('',*,*,#1925,.F.);
#2637=ORIENTED_EDGE('',*,*,#1932,.F.);
#2638=ORIENTED_EDGE('',*,*,#1929,.F.);
#2639=ORIENTED_EDGE('',*,*,#1934,.F.);
#2640=ORIENTED_EDGE('',*,*,#1935,.F.);
#2641=ORIENTED_EDGE('',*,*,#1936,.F.);
#2642=ORIENTED_EDGE('',*,*,#1937,.F.);
#2643=ORIENTED_EDGE('',*,*,#1928,.F.);
#2644=ORIENTED_EDGE('',*,*,#1938,.F.);
#2645=ORIENTED_EDGE('',*,*,#1939,.F.);
#2646=ORIENTED_EDGE('',*,*,#1940,.T.);
#2647=ORIENTED_EDGE('',*,*,#1934,.T.);
#2648=ORIENTED_EDGE('',*,*,#1918,.F.);
#2649=ORIENTED_EDGE('',*,*,#1926,.F.);
#2650=ORIENTED_EDGE('',*,*,#1931,.F.);
#2651=ORIENTED_EDGE('',*,*,#1924,.F.);
#2652=ORIENTED_EDGE('',*,*,#1941,.T.);
#2653=ORIENTED_EDGE('',*,*,#1942,.T.);
#2654=ORIENTED_EDGE('',*,*,#1943,.T.);
#2655=ORIENTED_EDGE('',*,*,#1944,.T.);
#2656=ORIENTED_EDGE('',*,*,#1945,.T.);
#2657=ORIENTED_EDGE('',*,*,#1946,.T.);
#2658=ORIENTED_EDGE('',*,*,#1942,.F.);
#2659=ORIENTED_EDGE('',*,*,#1947,.T.);
#2660=ORIENTED_EDGE('',*,*,#1948,.T.);
#2661=ORIENTED_EDGE('',*,*,#1949,.T.);
#2662=ORIENTED_EDGE('',*,*,#1950,.T.);
#2663=ORIENTED_EDGE('',*,*,#1948,.F.);
#2664=ORIENTED_EDGE('',*,*,#1951,.T.);
#2665=ORIENTED_EDGE('',*,*,#1952,.T.);
#2666=ORIENTED_EDGE('',*,*,#1953,.T.);
#2667=ORIENTED_EDGE('',*,*,#1954,.T.);
#2668=ORIENTED_EDGE('',*,*,#1944,.F.);
#2669=ORIENTED_EDGE('',*,*,#1955,.T.);
#2670=ORIENTED_EDGE('',*,*,#1956,.T.);
#2671=ORIENTED_EDGE('',*,*,#1952,.F.);
#2672=ORIENTED_EDGE('',*,*,#1945,.F.);
#2673=ORIENTED_EDGE('',*,*,#1950,.F.);
#2674=ORIENTED_EDGE('',*,*,#1957,.F.);
#2675=ORIENTED_EDGE('',*,*,#1958,.F.);
#2676=ORIENTED_EDGE('',*,*,#1959,.T.);
#2677=ORIENTED_EDGE('',*,*,#1960,.T.);
#2678=ORIENTED_EDGE('',*,*,#1949,.F.);
#2679=ORIENTED_EDGE('',*,*,#1961,.T.);
#2680=ORIENTED_EDGE('',*,*,#1962,.F.);
#2681=ORIENTED_EDGE('',*,*,#1963,.F.);
#2682=ORIENTED_EDGE('',*,*,#1957,.T.);
#2683=ORIENTED_EDGE('',*,*,#1941,.F.);
#2684=ORIENTED_EDGE('',*,*,#1954,.F.);
#2685=ORIENTED_EDGE('',*,*,#1951,.F.);
#2686=ORIENTED_EDGE('',*,*,#1947,.F.);
#2687=ORIENTED_EDGE('',*,*,#1964,.T.);
#2688=ORIENTED_EDGE('',*,*,#1965,.T.);
#2689=ORIENTED_EDGE('',*,*,#1966,.T.);
#2690=ORIENTED_EDGE('',*,*,#1967,.T.);
#2691=ORIENTED_EDGE('',*,*,#1968,.T.);
#2692=ORIENTED_EDGE('',*,*,#1969,.T.);
#2693=ORIENTED_EDGE('',*,*,#1965,.F.);
#2694=ORIENTED_EDGE('',*,*,#1970,.T.);
#2695=ORIENTED_EDGE('',*,*,#1971,.T.);
#2696=ORIENTED_EDGE('',*,*,#1972,.T.);
#2697=ORIENTED_EDGE('',*,*,#1973,.T.);
#2698=ORIENTED_EDGE('',*,*,#1971,.F.);
#2699=ORIENTED_EDGE('',*,*,#1974,.T.);
#2700=ORIENTED_EDGE('',*,*,#1975,.T.);
#2701=ORIENTED_EDGE('',*,*,#1976,.T.);
#2702=ORIENTED_EDGE('',*,*,#1977,.T.);
#2703=ORIENTED_EDGE('',*,*,#1975,.F.);
#2704=ORIENTED_EDGE('',*,*,#1978,.T.);
#2705=ORIENTED_EDGE('',*,*,#1967,.F.);
#2706=ORIENTED_EDGE('',*,*,#1979,.T.);
#2707=ORIENTED_EDGE('',*,*,#1968,.F.);
#2708=ORIENTED_EDGE('',*,*,#1973,.F.);
#2709=ORIENTED_EDGE('',*,*,#1980,.F.);
#2710=ORIENTED_EDGE('',*,*,#1981,.F.);
#2711=ORIENTED_EDGE('',*,*,#1982,.T.);
#2712=ORIENTED_EDGE('',*,*,#1983,.T.);
#2713=ORIENTED_EDGE('',*,*,#1972,.F.);
#2714=ORIENTED_EDGE('',*,*,#1984,.F.);
#2715=ORIENTED_EDGE('',*,*,#1985,.F.);
#2716=ORIENTED_EDGE('',*,*,#1986,.F.);
#2717=ORIENTED_EDGE('',*,*,#1980,.T.);
#2718=ORIENTED_EDGE('',*,*,#1964,.F.);
#2719=ORIENTED_EDGE('',*,*,#1978,.F.);
#2720=ORIENTED_EDGE('',*,*,#1974,.F.);
#2721=ORIENTED_EDGE('',*,*,#1970,.F.);
#2722=ORIENTED_EDGE('',*,*,#1987,.T.);
#2723=ORIENTED_EDGE('',*,*,#1988,.T.);
#2724=ORIENTED_EDGE('',*,*,#1989,.T.);
#2725=ORIENTED_EDGE('',*,*,#1990,.T.);
#2726=ORIENTED_EDGE('',*,*,#1991,.T.);
#2727=ORIENTED_EDGE('',*,*,#1992,.T.);
#2728=ORIENTED_EDGE('',*,*,#1988,.F.);
#2729=ORIENTED_EDGE('',*,*,#1993,.T.);
#2730=ORIENTED_EDGE('',*,*,#1994,.T.);
#2731=ORIENTED_EDGE('',*,*,#1995,.T.);
#2732=ORIENTED_EDGE('',*,*,#1991,.F.);
#2733=ORIENTED_EDGE('',*,*,#1996,.T.);
#2734=ORIENTED_EDGE('',*,*,#1997,.T.);
#2735=ORIENTED_EDGE('',*,*,#1998,.T.);
#2736=ORIENTED_EDGE('',*,*,#1999,.T.);
#2737=ORIENTED_EDGE('',*,*,#2000,.T.);
#2738=ORIENTED_EDGE('',*,*,#2001,.T.);
#2739=ORIENTED_EDGE('',*,*,#1994,.F.);
#2740=ORIENTED_EDGE('',*,*,#2002,.T.);
#2741=ORIENTED_EDGE('',*,*,#1999,.F.);
#2742=ORIENTED_EDGE('',*,*,#2000,.F.);
#2743=ORIENTED_EDGE('',*,*,#1998,.F.);
#2744=ORIENTED_EDGE('',*,*,#2003,.T.);
#2745=ORIENTED_EDGE('',*,*,#2004,.T.);
#2746=ORIENTED_EDGE('',*,*,#2005,.T.);
#2747=ORIENTED_EDGE('',*,*,#2006,.T.);
#2748=ORIENTED_EDGE('',*,*,#1997,.F.);
#2749=ORIENTED_EDGE('',*,*,#2007,.F.);
#2750=ORIENTED_EDGE('',*,*,#2008,.F.);
#2751=ORIENTED_EDGE('',*,*,#2009,.T.);
#2752=ORIENTED_EDGE('',*,*,#2003,.F.);
#2753=ORIENTED_EDGE('',*,*,#1987,.F.);
#2754=ORIENTED_EDGE('',*,*,#1995,.F.);
#2755=ORIENTED_EDGE('',*,*,#2002,.F.);
#2756=ORIENTED_EDGE('',*,*,#1993,.F.);
#2757=ORIENTED_EDGE('',*,*,#1937,.T.);
#2758=ORIENTED_EDGE('',*,*,#2010,.T.);
#2759=ORIENTED_EDGE('',*,*,#2011,.T.);
#2760=ORIENTED_EDGE('',*,*,#2010,.F.);
#2761=ORIENTED_EDGE('',*,*,#1933,.F.);
#2762=ORIENTED_EDGE('',*,*,#1936,.T.);
#2763=ORIENTED_EDGE('',*,*,#2012,.F.);
#2764=ORIENTED_EDGE('',*,*,#2013,.F.);
#2765=ORIENTED_EDGE('',*,*,#2014,.T.);
#2766=ORIENTED_EDGE('',*,*,#1920,.F.);
#2767=ORIENTED_EDGE('',*,*,#1923,.F.);
#2768=ORIENTED_EDGE('',*,*,#2015,.F.);
#2769=ORIENTED_EDGE('',*,*,#2012,.T.);
#2770=ORIENTED_EDGE('',*,*,#1935,.T.);
#2771=ORIENTED_EDGE('',*,*,#1940,.F.);
#2772=ORIENTED_EDGE('',*,*,#1921,.F.);
#2773=ORIENTED_EDGE('',*,*,#2014,.F.);
#2774=ORIENTED_EDGE('',*,*,#2016,.F.);
#2775=ORIENTED_EDGE('',*,*,#1938,.T.);
#2776=ORIENTED_EDGE('',*,*,#1927,.F.);
#2777=ORIENTED_EDGE('',*,*,#2011,.F.);
#2778=ORIENTED_EDGE('',*,*,#2017,.T.);
#2779=ORIENTED_EDGE('',*,*,#2018,.T.);
#2780=ORIENTED_EDGE('',*,*,#1960,.F.);
#2781=ORIENTED_EDGE('',*,*,#2018,.F.);
#2782=ORIENTED_EDGE('',*,*,#1946,.F.);
#2783=ORIENTED_EDGE('',*,*,#1959,.F.);
#2784=ORIENTED_EDGE('',*,*,#2019,.F.);
#2785=ORIENTED_EDGE('',*,*,#2020,.T.);
#2786=ORIENTED_EDGE('',*,*,#2021,.T.);
#2787=ORIENTED_EDGE('',*,*,#1955,.F.);
#2788=ORIENTED_EDGE('',*,*,#1943,.F.);
#2789=ORIENTED_EDGE('',*,*,#2022,.F.);
#2790=ORIENTED_EDGE('',*,*,#1962,.T.);
#2791=ORIENTED_EDGE('',*,*,#2023,.T.);
#2792=ORIENTED_EDGE('',*,*,#2020,.F.);
#2793=ORIENTED_EDGE('',*,*,#1956,.F.);
#2794=ORIENTED_EDGE('',*,*,#2021,.F.);
#2795=ORIENTED_EDGE('',*,*,#2023,.F.);
#2796=ORIENTED_EDGE('',*,*,#1961,.F.);
#2797=ORIENTED_EDGE('',*,*,#1953,.F.);
#2798=ORIENTED_EDGE('',*,*,#2017,.F.);
#2799=ORIENTED_EDGE('',*,*,#2024,.F.);
#2800=ORIENTED_EDGE('',*,*,#1985,.T.);
#2801=ORIENTED_EDGE('',*,*,#2025,.F.);
#2802=ORIENTED_EDGE('',*,*,#2026,.F.);
#2803=ORIENTED_EDGE('',*,*,#2027,.F.);
#2804=ORIENTED_EDGE('',*,*,#2028,.T.);
#2805=ORIENTED_EDGE('',*,*,#1983,.F.);
#2806=ORIENTED_EDGE('',*,*,#2028,.F.);
#2807=ORIENTED_EDGE('',*,*,#1969,.F.);
#2808=ORIENTED_EDGE('',*,*,#1982,.F.);
#2809=ORIENTED_EDGE('',*,*,#2029,.F.);
#2810=ORIENTED_EDGE('',*,*,#2026,.T.);
#2811=ORIENTED_EDGE('',*,*,#2030,.F.);
#2812=ORIENTED_EDGE('',*,*,#1979,.F.);
#2813=ORIENTED_EDGE('',*,*,#1966,.F.);
#2814=ORIENTED_EDGE('',*,*,#1977,.F.);
#2815=ORIENTED_EDGE('',*,*,#2030,.T.);
#2816=ORIENTED_EDGE('',*,*,#2025,.T.);
#2817=ORIENTED_EDGE('',*,*,#1984,.T.);
#2818=ORIENTED_EDGE('',*,*,#1976,.F.);
#2819=ORIENTED_EDGE('',*,*,#2027,.T.);
#2820=ORIENTED_EDGE('',*,*,#2029,.T.);
#2821=ORIENTED_EDGE('',*,*,#1981,.T.);
#2822=ORIENTED_EDGE('',*,*,#1986,.T.);
#2823=ORIENTED_EDGE('',*,*,#2031,.F.);
#2824=ORIENTED_EDGE('',*,*,#2032,.F.);
#2825=ORIENTED_EDGE('',*,*,#2033,.F.);
#2826=ORIENTED_EDGE('',*,*,#2008,.T.);
#2827=ORIENTED_EDGE('',*,*,#2034,.T.);
#2828=ORIENTED_EDGE('',*,*,#2035,.T.);
#2829=ORIENTED_EDGE('',*,*,#2036,.F.);
#2830=ORIENTED_EDGE('',*,*,#2037,.F.);
#2831=ORIENTED_EDGE('',*,*,#2038,.F.);
#2832=ORIENTED_EDGE('',*,*,#2039,.F.);
#2833=ORIENTED_EDGE('',*,*,#2040,.T.);
#2834=ORIENTED_EDGE('',*,*,#2004,.F.);
#2835=ORIENTED_EDGE('',*,*,#2009,.F.);
#2836=ORIENTED_EDGE('',*,*,#2006,.F.);
#2837=ORIENTED_EDGE('',*,*,#2041,.T.);
#2838=ORIENTED_EDGE('',*,*,#2042,.T.);
#2839=ORIENTED_EDGE('',*,*,#2041,.F.);
#2840=ORIENTED_EDGE('',*,*,#2001,.F.);
#2841=ORIENTED_EDGE('',*,*,#2005,.F.);
#2842=ORIENTED_EDGE('',*,*,#2040,.F.);
#2843=ORIENTED_EDGE('',*,*,#2035,.F.);
#2844=ORIENTED_EDGE('',*,*,#2043,.T.);
#2845=ORIENTED_EDGE('',*,*,#1989,.F.);
#2846=ORIENTED_EDGE('',*,*,#1992,.F.);
#2847=ORIENTED_EDGE('',*,*,#1990,.F.);
#2848=ORIENTED_EDGE('',*,*,#2043,.F.);
#2849=ORIENTED_EDGE('',*,*,#2034,.F.);
#2850=ORIENTED_EDGE('',*,*,#2007,.T.);
#2851=ORIENTED_EDGE('',*,*,#1996,.F.);
#2852=ORIENTED_EDGE('',*,*,#2042,.F.);
#2853=ORIENTED_EDGE('',*,*,#2044,.T.);
#2854=ORIENTED_EDGE('',*,*,#2045,.T.);
#2855=ORIENTED_EDGE('',*,*,#2046,.T.);
#2856=ORIENTED_EDGE('',*,*,#2045,.F.);
#2857=ORIENTED_EDGE('',*,*,#2044,.F.);
#2858=ORIENTED_EDGE('',*,*,#2047,.F.);
#2859=ORIENTED_EDGE('',*,*,#2048,.T.);
#2860=ORIENTED_EDGE('',*,*,#2046,.F.);
#2861=ORIENTED_EDGE('',*,*,#2048,.F.);
#2862=ORIENTED_EDGE('',*,*,#2049,.T.);
#2863=ORIENTED_EDGE('',*,*,#2050,.T.);
#2864=ORIENTED_EDGE('',*,*,#2051,.T.);
#2865=ORIENTED_EDGE('',*,*,#2049,.F.);
#2866=ORIENTED_EDGE('',*,*,#2052,.T.);
#2867=ORIENTED_EDGE('',*,*,#2053,.F.);
#2868=ORIENTED_EDGE('',*,*,#2054,.F.);
#2869=ORIENTED_EDGE('',*,*,#2055,.F.);
#2870=ORIENTED_EDGE('',*,*,#2056,.F.);
#2871=ORIENTED_EDGE('',*,*,#2052,.F.);
#2872=ORIENTED_EDGE('',*,*,#2057,.F.);
#2873=ORIENTED_EDGE('',*,*,#2058,.T.);
#2874=ORIENTED_EDGE('',*,*,#2050,.F.);
#2875=ORIENTED_EDGE('',*,*,#2051,.F.);
#2876=ORIENTED_EDGE('',*,*,#2058,.F.);
#2877=ORIENTED_EDGE('',*,*,#2057,.T.);
#2878=ORIENTED_EDGE('',*,*,#2059,.F.);
#2879=ORIENTED_EDGE('',*,*,#2060,.T.);
#2880=ORIENTED_EDGE('',*,*,#2061,.F.);
#2881=ORIENTED_EDGE('',*,*,#2062,.F.);
#2882=ORIENTED_EDGE('',*,*,#2063,.F.);
#2883=ORIENTED_EDGE('',*,*,#2060,.F.);
#2884=ORIENTED_EDGE('',*,*,#2062,.T.);
#2885=ORIENTED_EDGE('',*,*,#2064,.F.);
#2886=ORIENTED_EDGE('',*,*,#2065,.F.);
#2887=ORIENTED_EDGE('',*,*,#2066,.F.);
#2888=ORIENTED_EDGE('',*,*,#2061,.T.);
#2889=ORIENTED_EDGE('',*,*,#2063,.T.);
#2890=ORIENTED_EDGE('',*,*,#2067,.F.);
#2891=ORIENTED_EDGE('',*,*,#2068,.T.);
#2892=ORIENTED_EDGE('',*,*,#2069,.F.);
#2893=ORIENTED_EDGE('',*,*,#2070,.F.);
#2894=ORIENTED_EDGE('',*,*,#2071,.T.);
#2895=ORIENTED_EDGE('',*,*,#2072,.F.);
#2896=ORIENTED_EDGE('',*,*,#2073,.F.);
#2897=ORIENTED_EDGE('',*,*,#2071,.F.);
#2898=ORIENTED_EDGE('',*,*,#2073,.T.);
#2899=ORIENTED_EDGE('',*,*,#2074,.F.);
#2900=ORIENTED_EDGE('',*,*,#2075,.T.);
#2901=ORIENTED_EDGE('',*,*,#2076,.F.);
#2902=ORIENTED_EDGE('',*,*,#2072,.T.);
#2903=ORIENTED_EDGE('',*,*,#2077,.F.);
#2904=ORIENTED_EDGE('',*,*,#2078,.F.);
#2905=ORIENTED_EDGE('',*,*,#2079,.F.);
#2906=ORIENTED_EDGE('',*,*,#2080,.F.);
#2907=ORIENTED_EDGE('',*,*,#2081,.T.);
#2908=ORIENTED_EDGE('',*,*,#2082,.F.);
#2909=ORIENTED_EDGE('',*,*,#2083,.F.);
#2910=ORIENTED_EDGE('',*,*,#2084,.F.);
#2911=ORIENTED_EDGE('',*,*,#2081,.F.);
#2912=ORIENTED_EDGE('',*,*,#2083,.T.);
#2913=ORIENTED_EDGE('',*,*,#2085,.F.);
#2914=ORIENTED_EDGE('',*,*,#2086,.F.);
#2915=ORIENTED_EDGE('',*,*,#2087,.F.);
#2916=ORIENTED_EDGE('',*,*,#2082,.T.);
#2917=ORIENTED_EDGE('',*,*,#2084,.T.);
#2918=ORIENTED_EDGE('',*,*,#2088,.F.);
#2919=ORIENTED_EDGE('',*,*,#2089,.T.);
#2920=ORIENTED_EDGE('',*,*,#2090,.F.);
#2921=ORIENTED_EDGE('',*,*,#2091,.F.);
#2922=ORIENTED_EDGE('',*,*,#2092,.T.);
#2923=ORIENTED_EDGE('',*,*,#2093,.F.);
#2924=ORIENTED_EDGE('',*,*,#2094,.F.);
#2925=ORIENTED_EDGE('',*,*,#2092,.F.);
#2926=ORIENTED_EDGE('',*,*,#2094,.T.);
#2927=ORIENTED_EDGE('',*,*,#2095,.F.);
#2928=ORIENTED_EDGE('',*,*,#2096,.F.);
#2929=ORIENTED_EDGE('',*,*,#2097,.F.);
#2930=ORIENTED_EDGE('',*,*,#2093,.T.);
#2931=ORIENTED_EDGE('',*,*,#2098,.F.);
#2932=ORIENTED_EDGE('',*,*,#2099,.T.);
#2933=ORIENTED_EDGE('',*,*,#2100,.F.);
#2934=ORIENTED_EDGE('',*,*,#2101,.F.);
#2935=ORIENTED_EDGE('',*,*,#2102,.F.);
#2936=ORIENTED_EDGE('',*,*,#2103,.F.);
#2937=ORIENTED_EDGE('',*,*,#2104,.T.);
#2938=ORIENTED_EDGE('',*,*,#2105,.F.);
#2939=ORIENTED_EDGE('',*,*,#2104,.F.);
#2940=ORIENTED_EDGE('',*,*,#2106,.F.);
#2941=ORIENTED_EDGE('',*,*,#2107,.T.);
#2942=ORIENTED_EDGE('',*,*,#2108,.F.);
#2943=ORIENTED_EDGE('',*,*,#2107,.F.);
#2944=ORIENTED_EDGE('',*,*,#2109,.F.);
#2945=ORIENTED_EDGE('',*,*,#2110,.T.);
#2946=ORIENTED_EDGE('',*,*,#2111,.F.);
#2947=ORIENTED_EDGE('',*,*,#2110,.F.);
#2948=ORIENTED_EDGE('',*,*,#2112,.F.);
#2949=ORIENTED_EDGE('',*,*,#2113,.T.);
#2950=ORIENTED_EDGE('',*,*,#2114,.F.);
#2951=ORIENTED_EDGE('',*,*,#2113,.F.);
#2952=ORIENTED_EDGE('',*,*,#2115,.F.);
#2953=ORIENTED_EDGE('',*,*,#2116,.T.);
#2954=ORIENTED_EDGE('',*,*,#2117,.F.);
#2955=ORIENTED_EDGE('',*,*,#2118,.F.);
#2956=ORIENTED_EDGE('',*,*,#2119,.F.);
#2957=ORIENTED_EDGE('',*,*,#2102,.T.);
#2958=ORIENTED_EDGE('',*,*,#2120,.F.);
#2959=ORIENTED_EDGE('',*,*,#2121,.F.);
#2960=ORIENTED_EDGE('',*,*,#2122,.F.);
#2961=ORIENTED_EDGE('',*,*,#2118,.T.);
#2962=ORIENTED_EDGE('',*,*,#2123,.F.);
#2963=ORIENTED_EDGE('',*,*,#2116,.F.);
#2964=ORIENTED_EDGE('',*,*,#2124,.F.);
#2965=ORIENTED_EDGE('',*,*,#2121,.T.);
#2966=ORIENTED_EDGE('',*,*,#2115,.T.);
#2967=ORIENTED_EDGE('',*,*,#2112,.T.);
#2968=ORIENTED_EDGE('',*,*,#2109,.T.);
#2969=ORIENTED_EDGE('',*,*,#2106,.T.);
#2970=ORIENTED_EDGE('',*,*,#2103,.T.);
#2971=ORIENTED_EDGE('',*,*,#2119,.T.);
#2972=ORIENTED_EDGE('',*,*,#2122,.T.);
#2973=ORIENTED_EDGE('',*,*,#2124,.T.);
#2974=ORIENTED_EDGE('',*,*,#2125,.T.);
#2975=ORIENTED_EDGE('',*,*,#2126,.F.);
#2976=ORIENTED_EDGE('',*,*,#2127,.T.);
#2977=ORIENTED_EDGE('',*,*,#2128,.F.);
#2978=ORIENTED_EDGE('',*,*,#2129,.T.);
#2979=ORIENTED_EDGE('',*,*,#2130,.F.);
#2980=ORIENTED_EDGE('',*,*,#2131,.T.);
#2981=ORIENTED_EDGE('',*,*,#2132,.F.);
#2982=ORIENTED_EDGE('',*,*,#2133,.F.);
#2983=ORIENTED_EDGE('',*,*,#2134,.T.);
#2984=ORIENTED_EDGE('',*,*,#2135,.T.);
#2985=ORIENTED_EDGE('',*,*,#2134,.F.);
#2986=ORIENTED_EDGE('',*,*,#2135,.F.);
#2987=ORIENTED_EDGE('',*,*,#2136,.F.);
#2988=ORIENTED_EDGE('',*,*,#2137,.T.);
#2989=ORIENTED_EDGE('',*,*,#2138,.T.);
#2990=ORIENTED_EDGE('',*,*,#2137,.F.);
#2991=ORIENTED_EDGE('',*,*,#2138,.F.);
#2992=ORIENTED_EDGE('',*,*,#2139,.F.);
#2993=ORIENTED_EDGE('',*,*,#2140,.T.);
#2994=ORIENTED_EDGE('',*,*,#2141,.T.);
#2995=ORIENTED_EDGE('',*,*,#2140,.F.);
#2996=ORIENTED_EDGE('',*,*,#2141,.F.);
#2997=ORIENTED_EDGE('',*,*,#2142,.F.);
#2998=ORIENTED_EDGE('',*,*,#2143,.T.);
#2999=ORIENTED_EDGE('',*,*,#2144,.T.);
#3000=ORIENTED_EDGE('',*,*,#2143,.F.);
#3001=ORIENTED_EDGE('',*,*,#2144,.F.);
#3002=ORIENTED_EDGE('',*,*,#2145,.F.);
#3003=ORIENTED_EDGE('',*,*,#2146,.F.);
#3004=ORIENTED_EDGE('',*,*,#2147,.F.);
#3005=ORIENTED_EDGE('',*,*,#2089,.F.);
#3006=ORIENTED_EDGE('',*,*,#2148,.F.);
#3007=ORIENTED_EDGE('',*,*,#2149,.F.);
#3008=ORIENTED_EDGE('',*,*,#2150,.F.);
#3009=ORIENTED_EDGE('',*,*,#2146,.T.);
#3010=ORIENTED_EDGE('',*,*,#2080,.T.);
#3011=ORIENTED_EDGE('',*,*,#2139,.T.);
#3012=ORIENTED_EDGE('',*,*,#2085,.T.);
#3013=ORIENTED_EDGE('',*,*,#2090,.T.);
#3014=ORIENTED_EDGE('',*,*,#2147,.T.);
#3015=ORIENTED_EDGE('',*,*,#2150,.T.);
#3016=ORIENTED_EDGE('',*,*,#2151,.F.);
#3017=ORIENTED_EDGE('',*,*,#2152,.F.);
#3018=ORIENTED_EDGE('',*,*,#2153,.F.);
#3019=ORIENTED_EDGE('',*,*,#2154,.T.);
#3020=ORIENTED_EDGE('',*,*,#2155,.T.);
#3021=ORIENTED_EDGE('',*,*,#2067,.T.);
#3022=ORIENTED_EDGE('',*,*,#2066,.T.);
#3023=ORIENTED_EDGE('',*,*,#2156,.F.);
#3024=ORIENTED_EDGE('',*,*,#2131,.F.);
#3025=ORIENTED_EDGE('',*,*,#2157,.F.);
#3026=ORIENTED_EDGE('',*,*,#2149,.T.);
#3027=ORIENTED_EDGE('',*,*,#2158,.T.);
#3028=ORIENTED_EDGE('',*,*,#2159,.T.);
#3029=ORIENTED_EDGE('',*,*,#2151,.T.);
#3030=ORIENTED_EDGE('',*,*,#2086,.T.);
#3031=ORIENTED_EDGE('',*,*,#2157,.T.);
#3032=ORIENTED_EDGE('',*,*,#2130,.T.);
#3033=ORIENTED_EDGE('',*,*,#2160,.T.);
#3034=ORIENTED_EDGE('',*,*,#2161,.F.);
#3035=ORIENTED_EDGE('',*,*,#2162,.F.);
#3036=ORIENTED_EDGE('',*,*,#2163,.F.);
#3037=ORIENTED_EDGE('',*,*,#2164,.T.);
#3038=ORIENTED_EDGE('',*,*,#2165,.F.);
#3039=ORIENTED_EDGE('',*,*,#2164,.F.);
#3040=ORIENTED_EDGE('',*,*,#2166,.F.);
#3041=ORIENTED_EDGE('',*,*,#2099,.F.);
#3042=ORIENTED_EDGE('',*,*,#2091,.T.);
#3043=ORIENTED_EDGE('',*,*,#2133,.T.);
#3044=ORIENTED_EDGE('',*,*,#2161,.T.);
#3045=ORIENTED_EDGE('',*,*,#2165,.T.);
#3046=ORIENTED_EDGE('',*,*,#2098,.T.);
#3047=ORIENTED_EDGE('',*,*,#2097,.T.);
#3048=ORIENTED_EDGE('',*,*,#2167,.F.);
#3049=ORIENTED_EDGE('',*,*,#2127,.F.);
#3050=ORIENTED_EDGE('',*,*,#2168,.F.);
#3051=ORIENTED_EDGE('',*,*,#2077,.T.);
#3052=ORIENTED_EDGE('',*,*,#2076,.T.);
#3053=ORIENTED_EDGE('',*,*,#2169,.T.);
#3054=ORIENTED_EDGE('',*,*,#2170,.T.);
#3055=ORIENTED_EDGE('',*,*,#2171,.F.);
#3056=ORIENTED_EDGE('',*,*,#2172,.F.);
#3057=ORIENTED_EDGE('',*,*,#2173,.F.);
#3058=ORIENTED_EDGE('',*,*,#2096,.T.);
#3059=ORIENTED_EDGE('',*,*,#2174,.T.);
#3060=ORIENTED_EDGE('',*,*,#2128,.T.);
#3061=ORIENTED_EDGE('',*,*,#2167,.T.);
#3062=ORIENTED_EDGE('',*,*,#2155,.F.);
#3063=ORIENTED_EDGE('',*,*,#2175,.F.);
#3064=ORIENTED_EDGE('',*,*,#2176,.F.);
#3065=ORIENTED_EDGE('',*,*,#2068,.F.);
#3066=ORIENTED_EDGE('',*,*,#2154,.F.);
#3067=ORIENTED_EDGE('',*,*,#2177,.F.);
#3068=ORIENTED_EDGE('',*,*,#2178,.F.);
#3069=ORIENTED_EDGE('',*,*,#2175,.T.);
#3070=ORIENTED_EDGE('',*,*,#2059,.T.);
#3071=ORIENTED_EDGE('',*,*,#2142,.T.);
#3072=ORIENTED_EDGE('',*,*,#2064,.T.);
#3073=ORIENTED_EDGE('',*,*,#2069,.T.);
#3074=ORIENTED_EDGE('',*,*,#2176,.T.);
#3075=ORIENTED_EDGE('',*,*,#2178,.T.);
#3076=ORIENTED_EDGE('',*,*,#2179,.F.);
#3077=ORIENTED_EDGE('',*,*,#2180,.F.);
#3078=ORIENTED_EDGE('',*,*,#2181,.F.);
#3079=ORIENTED_EDGE('',*,*,#2182,.T.);
#3080=ORIENTED_EDGE('',*,*,#2183,.T.);
#3081=ORIENTED_EDGE('',*,*,#2074,.T.);
#3082=ORIENTED_EDGE('',*,*,#2079,.T.);
#3083=ORIENTED_EDGE('',*,*,#2184,.F.);
#3084=ORIENTED_EDGE('',*,*,#2125,.F.);
#3085=ORIENTED_EDGE('',*,*,#2185,.F.);
#3086=ORIENTED_EDGE('',*,*,#2177,.T.);
#3087=ORIENTED_EDGE('',*,*,#2153,.T.);
#3088=ORIENTED_EDGE('',*,*,#2186,.T.);
#3089=ORIENTED_EDGE('',*,*,#2179,.T.);
#3090=ORIENTED_EDGE('',*,*,#2065,.T.);
#3091=ORIENTED_EDGE('',*,*,#2185,.T.);
#3092=ORIENTED_EDGE('',*,*,#2132,.T.);
#3093=ORIENTED_EDGE('',*,*,#2156,.T.);
#3094=ORIENTED_EDGE('',*,*,#2183,.F.);
#3095=ORIENTED_EDGE('',*,*,#2187,.F.);
#3096=ORIENTED_EDGE('',*,*,#2169,.F.);
#3097=ORIENTED_EDGE('',*,*,#2075,.F.);
#3098=ORIENTED_EDGE('',*,*,#2182,.F.);
#3099=ORIENTED_EDGE('',*,*,#2188,.F.);
#3100=ORIENTED_EDGE('',*,*,#2170,.F.);
#3101=ORIENTED_EDGE('',*,*,#2187,.T.);
#3102=ORIENTED_EDGE('',*,*,#2070,.T.);
#3103=ORIENTED_EDGE('',*,*,#2136,.T.);
#3104=ORIENTED_EDGE('',*,*,#2188,.T.);
#3105=ORIENTED_EDGE('',*,*,#2181,.T.);
#3106=ORIENTED_EDGE('',*,*,#2189,.T.);
#3107=ORIENTED_EDGE('',*,*,#2171,.T.);
#3108=ORIENTED_EDGE('',*,*,#2078,.T.);
#3109=ORIENTED_EDGE('',*,*,#2168,.T.);
#3110=ORIENTED_EDGE('',*,*,#2126,.T.);
#3111=ORIENTED_EDGE('',*,*,#2184,.T.);
#3112=ORIENTED_EDGE('',*,*,#2190,.F.);
#3113=ORIENTED_EDGE('',*,*,#2191,.F.);
#3114=ORIENTED_EDGE('',*,*,#2192,.F.);
#3115=ORIENTED_EDGE('',*,*,#2193,.F.);
#3116=ORIENTED_EDGE('',*,*,#2194,.F.);
#3117=ORIENTED_EDGE('',*,*,#2195,.F.);
#3118=ORIENTED_EDGE('',*,*,#2196,.F.);
#3119=ORIENTED_EDGE('',*,*,#2197,.F.);
#3120=ORIENTED_EDGE('',*,*,#2198,.F.);
#3121=ORIENTED_EDGE('',*,*,#2192,.T.);
#3122=ORIENTED_EDGE('',*,*,#2055,.T.);
#3123=ORIENTED_EDGE('',*,*,#2197,.T.);
#3124=ORIENTED_EDGE('',*,*,#2032,.T.);
#3125=ORIENTED_EDGE('',*,*,#2199,.F.);
#3126=ORIENTED_EDGE('',*,*,#2200,.F.);
#3127=ORIENTED_EDGE('',*,*,#2201,.F.);
#3128=ORIENTED_EDGE('',*,*,#2200,.T.);
#3129=ORIENTED_EDGE('',*,*,#2053,.T.);
#3130=ORIENTED_EDGE('',*,*,#2194,.T.);
#3131=ORIENTED_EDGE('',*,*,#2202,.T.);
#3132=ORIENTED_EDGE('',*,*,#2203,.T.);
#3133=ORIENTED_EDGE('',*,*,#2204,.T.);
#3134=ORIENTED_EDGE('',*,*,#2201,.T.);
#3135=ORIENTED_EDGE('',*,*,#2205,.T.);
#3136=ORIENTED_EDGE('',*,*,#2022,.T.);
#3137=ORIENTED_EDGE('',*,*,#2206,.T.);
#3138=ORIENTED_EDGE('',*,*,#2198,.T.);
#3139=ORIENTED_EDGE('',*,*,#2054,.T.);
#3140=ORIENTED_EDGE('',*,*,#2199,.T.);
#3141=ORIENTED_EDGE('',*,*,#2207,.T.);
#3142=ORIENTED_EDGE('',*,*,#2208,.T.);
#3143=ORIENTED_EDGE('',*,*,#2036,.T.);
#3144=ORIENTED_EDGE('',*,*,#2039,.T.);
#3145=ORIENTED_EDGE('',*,*,#2033,.T.);
#3146=ORIENTED_EDGE('',*,*,#2196,.T.);
#3147=ORIENTED_EDGE('',*,*,#2209,.T.);
#3148=ORIENTED_EDGE('',*,*,#2195,.T.);
#3149=ORIENTED_EDGE('',*,*,#2056,.T.);
#3150=ORIENTED_EDGE('',*,*,#2191,.T.);
#3151=ORIENTED_EDGE('',*,*,#2210,.T.);
#3152=ORIENTED_EDGE('',*,*,#2211,.T.);
#3153=ORIENTED_EDGE('',*,*,#2212,.T.);
#3154=ORIENTED_EDGE('',*,*,#2015,.T.);
#3155=ORIENTED_EDGE('',*,*,#2213,.T.);
#3156=ORIENTED_EDGE('',*,*,#2193,.T.);
#3157=ORIENTED_EDGE('',*,*,#2214,.T.);
#3158=ORIENTED_EDGE('',*,*,#2215,.T.);
#3159=ORIENTED_EDGE('',*,*,#2216,.T.);
#3160=ORIENTED_EDGE('',*,*,#2190,.T.);
#3161=ORIENTED_EDGE('',*,*,#2031,.T.);
#3162=ORIENTED_EDGE('',*,*,#2024,.T.);
#3163=ORIENTED_EDGE('',*,*,#2038,.T.);
#3164=ORIENTED_EDGE('',*,*,#2013,.T.);
#3165=ORIENTED_EDGE('',*,*,#2212,.F.);
#3166=ORIENTED_EDGE('',*,*,#2217,.F.);
#3167=ORIENTED_EDGE('',*,*,#2206,.F.);
#3168=ORIENTED_EDGE('',*,*,#2019,.T.);
#3169=ORIENTED_EDGE('',*,*,#1958,.T.);
#3170=ORIENTED_EDGE('',*,*,#1963,.T.);
#3171=ORIENTED_EDGE('',*,*,#2205,.F.);
#3172=ORIENTED_EDGE('',*,*,#2202,.F.);
#3173=ORIENTED_EDGE('',*,*,#2213,.F.);
#3174=ORIENTED_EDGE('',*,*,#1939,.T.);
#3175=ORIENTED_EDGE('',*,*,#2016,.T.);
#3176=ORIENTED_EDGE('',*,*,#2214,.F.);
#3177=ORIENTED_EDGE('',*,*,#2210,.F.);
#3178=ORIENTED_EDGE('',*,*,#2216,.F.);
#3179=ORIENTED_EDGE('',*,*,#2218,.F.);
#3180=ORIENTED_EDGE('',*,*,#2219,.T.);
#3181=ORIENTED_EDGE('',*,*,#2220,.F.);
#3182=ORIENTED_EDGE('',*,*,#2189,.F.);
#3183=ORIENTED_EDGE('',*,*,#2221,.F.);
#3184=ORIENTED_EDGE('',*,*,#2186,.F.);
#3185=ORIENTED_EDGE('',*,*,#2222,.F.);
#3186=ORIENTED_EDGE('',*,*,#2223,.T.);
#3187=ORIENTED_EDGE('',*,*,#2224,.F.);
#3188=ORIENTED_EDGE('',*,*,#2225,.T.);
#3189=ORIENTED_EDGE('',*,*,#2226,.F.);
#3190=ORIENTED_EDGE('',*,*,#2227,.F.);
#3191=ORIENTED_EDGE('',*,*,#2228,.F.);
#3192=ORIENTED_EDGE('',*,*,#2229,.T.);
#3193=ORIENTED_EDGE('',*,*,#2230,.F.);
#3194=ORIENTED_EDGE('',*,*,#2159,.F.);
#3195=ORIENTED_EDGE('',*,*,#2231,.F.);
#3196=ORIENTED_EDGE('',*,*,#2230,.T.);
#3197=ORIENTED_EDGE('',*,*,#2232,.T.);
#3198=ORIENTED_EDGE('',*,*,#2222,.T.);
#3199=ORIENTED_EDGE('',*,*,#2152,.T.);
#3200=ORIENTED_EDGE('',*,*,#2226,.T.);
#3201=ORIENTED_EDGE('',*,*,#2233,.T.);
#3202=ORIENTED_EDGE('',*,*,#2231,.T.);
#3203=ORIENTED_EDGE('',*,*,#2234,.T.);
#3204=ORIENTED_EDGE('',*,*,#2162,.T.);
#3205=ORIENTED_EDGE('',*,*,#2173,.T.);
#3206=ORIENTED_EDGE('',*,*,#2227,.T.);
#3207=ORIENTED_EDGE('',*,*,#2235,.T.);
#3208=ORIENTED_EDGE('',*,*,#2220,.T.);
#3209=ORIENTED_EDGE('',*,*,#2236,.T.);
#3210=ORIENTED_EDGE('',*,*,#2228,.T.);
#3211=ORIENTED_EDGE('',*,*,#2172,.T.);
#3212=ORIENTED_EDGE('',*,*,#2224,.T.);
#3213=ORIENTED_EDGE('',*,*,#2237,.T.);
#3214=ORIENTED_EDGE('',*,*,#2221,.T.);
#3215=ORIENTED_EDGE('',*,*,#2180,.T.);
#3216=ORIENTED_EDGE('',*,*,#2229,.F.);
#3217=ORIENTED_EDGE('',*,*,#2233,.F.);
#3218=ORIENTED_EDGE('',*,*,#2225,.F.);
#3219=ORIENTED_EDGE('',*,*,#2236,.F.);
#3220=ORIENTED_EDGE('',*,*,#2219,.F.);
#3221=ORIENTED_EDGE('',*,*,#2237,.F.);
#3222=ORIENTED_EDGE('',*,*,#2223,.F.);
#3223=ORIENTED_EDGE('',*,*,#2232,.F.);
#3224=ORIENTED_EDGE('',*,*,#2047,.T.);
#3225=ORIENTED_EDGE('',*,*,#2088,.T.);
#3226=ORIENTED_EDGE('',*,*,#2087,.T.);
#3227=ORIENTED_EDGE('',*,*,#2160,.F.);
#3228=ORIENTED_EDGE('',*,*,#2129,.F.);
#3229=ORIENTED_EDGE('',*,*,#2174,.F.);
#3230=ORIENTED_EDGE('',*,*,#2095,.T.);
#3231=ORIENTED_EDGE('',*,*,#2100,.T.);
#3232=ORIENTED_EDGE('',*,*,#2166,.T.);
#3233=ORIENTED_EDGE('',*,*,#2163,.T.);
#3234=ORIENTED_EDGE('',*,*,#2235,.F.);
#3235=ORIENTED_EDGE('',*,*,#2234,.F.);
#3236=ORIENTED_EDGE('',*,*,#2158,.F.);
#3237=ORIENTED_EDGE('',*,*,#2148,.T.);
#3238=ORIENTED_EDGE('',*,*,#2145,.T.);
#3239=ORIENTED_EDGE('',*,*,#2203,.F.);
#3240=ORIENTED_EDGE('',*,*,#2217,.T.);
#3241=ORIENTED_EDGE('',*,*,#2211,.F.);
#3242=ORIENTED_EDGE('',*,*,#2218,.T.);
#3243=ORIENTED_EDGE('',*,*,#2215,.F.);
#3244=ORIENTED_EDGE('',*,*,#2037,.T.);
#3245=ORIENTED_EDGE('',*,*,#2208,.F.);
#3246=ORIENTED_EDGE('',*,*,#2238,.T.);
#3247=ORIENTED_EDGE('',*,*,#2114,.T.);
#3248=ORIENTED_EDGE('',*,*,#2123,.T.);
#3249=ORIENTED_EDGE('',*,*,#2120,.T.);
#3250=ORIENTED_EDGE('',*,*,#2117,.T.);
#3251=ORIENTED_EDGE('',*,*,#2101,.T.);
#3252=ORIENTED_EDGE('',*,*,#2105,.T.);
#3253=ORIENTED_EDGE('',*,*,#2108,.T.);
#3254=ORIENTED_EDGE('',*,*,#2111,.T.);
#3255=ORIENTED_EDGE('',*,*,#2204,.F.);
#3256=ORIENTED_EDGE('',*,*,#2238,.F.);
#3257=ORIENTED_EDGE('',*,*,#2209,.F.);
#3258=ORIENTED_EDGE('',*,*,#2207,.F.);
#3259=PLANE('',#3569);
#3260=PLANE('',#3577);
#3261=PLANE('',#3580);
#3262=PLANE('',#3583);
#3263=PLANE('',#3586);
#3264=PLANE('',#3599);
#3265=PLANE('',#3600);
#3266=PLANE('',#3601);
#3267=PLANE('',#3602);
#3268=PLANE('',#3603);
#3269=PLANE('',#3604);
#3270=PLANE('',#3605);
#3271=PLANE('',#3607);
#3272=PLANE('',#3610);
#3273=PLANE('',#3615);
#3274=PLANE('',#3620);
#3275=PLANE('',#3622);
#3276=PLANE('',#3628);
#3277=PLANE('',#3630);
#3278=PLANE('',#3636);
#3279=PLANE('',#3638);
#3280=PLANE('',#3644);
#3281=PLANE('',#3646);
#3282=PLANE('',#3674);
#3283=PLANE('',#3677);
#3284=PLANE('',#3678);
#3285=PLANE('',#3707);
#3286=PLANE('',#3723);
#3287=PLANE('',#3726);
#3288=PLANE('',#3729);
#3289=PLANE('',#3732);
#3290=PLANE('',#3735);
#3291=PLANE('',#3737);
#3292=PLANE('',#3739);
#3293=PLANE('',#3742);
#3294=PLANE('',#3745);
#3295=PLANE('',#3746);
#3296=PLANE('',#3759);
#3297=PLANE('',#3761);
#3298=PLANE('',#3762);
#3299=PLANE('',#3775);
#3300=PLANE('',#3777);
#3301=PLANE('',#3778);
#3302=PLANE('',#3791);
#3303=PLANE('',#3793);
#3304=PLANE('',#3794);
#3305=PLANE('',#3807);
#3306=PLANE('',#3809);
#3307=PLANE('',#3810);
#3308=PLANE('',#3813);
#3309=PLANE('',#3814);
#3310=PLANE('',#3815);
#3311=PLANE('',#3818);
#3312=PLANE('',#3819);
#3313=PLANE('',#3820);
#3314=PLANE('',#3821);
#3315=PLANE('',#3824);
#3316=PLANE('',#3825);
#3317=PLANE('',#3826);
#3318=PLANE('',#3827);
#3319=PLANE('',#3830);
#3320=PLANE('',#3831);
#3321=PLANE('',#3836);
#3322=PLANE('',#3840);
#3323=PLANE('',#3844);
#3324=PLANE('',#3851);
#3325=PLANE('',#3853);
#3326=PLANE('',#3860);
#3327=PLANE('',#3862);
#3328=PLANE('',#3870);
#3329=PLANE('',#3872);
#3330=PLANE('',#3879);
#3331=PLANE('',#3881);
#3332=PLANE('',#3907);
#3333=PLANE('',#3915);
#3334=PLANE('',#3919);
#3335=PLANE('',#3923);
#3336=PLANE('',#3927);
#3337=PLANE('',#3930);
#3338=PLANE('',#3932);
#3339=PLANE('',#3933);
#3340=PLANE('',#3937);
#3341=PLANE('',#3941);
#3342=PLANE('',#3942);
#3343=PLANE('',#3946);
#3344=PLANE('',#3948);
#3345=PLANE('',#3949);
#3346=PLANE('',#3955);
#3347=PLANE('',#3957);
#3348=PLANE('',#3989);
#3349=PLANE('',#3990);
#3350=PLANE('',#4009);
#3351=PLANE('',#4010);
#3352=PLANE('',#4011);
#3353=PLANE('',#4012);
#3354=ADVANCED_FACE('',(#196,#161),#3259,.F.);
#3355=ADVANCED_FACE('',(#197),#75,.F.);
#3356=ADVANCED_FACE('',(#198),#3260,.F.);
#3357=ADVANCED_FACE('',(#199),#76,.F.);
#3358=ADVANCED_FACE('',(#200),#3261,.F.);
#3359=ADVANCED_FACE('',(#201),#77,.F.);
#3360=ADVANCED_FACE('',(#202),#3262,.F.);
#3361=ADVANCED_FACE('',(#203),#78,.F.);
#3362=ADVANCED_FACE('',(#204),#3263,.F.);
#3363=ADVANCED_FACE('',(#205),#79,.T.);
#3364=ADVANCED_FACE('',(#206),#80,.T.);
#3365=ADVANCED_FACE('',(#207),#81,.T.);
#3366=ADVANCED_FACE('',(#208),#82,.T.);
#3367=ADVANCED_FACE('',(#209),#3264,.T.);
#3368=ADVANCED_FACE('',(#210),#3265,.T.);
#3369=ADVANCED_FACE('',(#211),#3266,.T.);
#3370=ADVANCED_FACE('',(#212),#3267,.T.);
#3371=ADVANCED_FACE('',(#213),#3268,.T.);
#3372=ADVANCED_FACE('',(#214),#3269,.T.);
#3373=ADVANCED_FACE('',(#215),#3270,.F.);
#3374=ADVANCED_FACE('',(#216),#3271,.F.);
#3375=ADVANCED_FACE('',(#217),#3272,.F.);
#3376=ADVANCED_FACE('',(#218),#83,.F.);
#3377=ADVANCED_FACE('',(#219),#3273,.F.);
#3378=ADVANCED_FACE('',(#220),#53,.F.);
#3379=ADVANCED_FACE('',(#221),#3274,.F.);
#3380=ADVANCED_FACE('',(#222),#3275,.F.);
#3381=ADVANCED_FACE('',(#223),#54,.F.);
#3382=ADVANCED_FACE('',(#224),#3276,.F.);
#3383=ADVANCED_FACE('',(#225,#162),#3277,.F.);
#3384=ADVANCED_FACE('',(#226),#55,.F.);
#3385=ADVANCED_FACE('',(#227),#3278,.F.);
#3386=ADVANCED_FACE('',(#228,#163),#3279,.F.);
#3387=ADVANCED_FACE('',(#229),#56,.F.);
#3388=ADVANCED_FACE('',(#230,#164),#3280,.F.);
#3389=ADVANCED_FACE('',(#231),#3281,.F.);
#3390=ADVANCED_FACE('',(#232),#84,.T.);
#3391=ADVANCED_FACE('',(#233),#57,.T.);
#3392=ADVANCED_FACE('',(#234),#85,.T.);
#3393=ADVANCED_FACE('',(#235),#58,.T.);
#3394=ADVANCED_FACE('',(#236),#86,.T.);
#3395=ADVANCED_FACE('',(#237),#59,.T.);
#3396=ADVANCED_FACE('',(#238),#87,.T.);
#3397=ADVANCED_FACE('',(#239),#60,.T.);
#3398=ADVANCED_FACE('',(#240),#88,.T.);
#3399=ADVANCED_FACE('',(#241),#3282,.T.);
#3400=ADVANCED_FACE('',(#242),#89,.T.);
#3401=ADVANCED_FACE('',(#243),#3283,.T.);
#3402=ADVANCED_FACE('',(#244,#165,#166,#167,#168),#3284,.T.);
#3403=ADVANCED_FACE('',(#245),#61,.F.);
#3404=ADVANCED_FACE('',(#246),#90,.F.);
#3405=ADVANCED_FACE('',(#247),#62,.F.);
#3406=ADVANCED_FACE('',(#248),#91,.F.);
#3407=ADVANCED_FACE('',(#249),#63,.F.);
#3408=ADVANCED_FACE('',(#250),#92,.F.);
#3409=ADVANCED_FACE('',(#251),#64,.F.);
#3410=ADVANCED_FACE('',(#252),#93,.F.);
#3411=ADVANCED_FACE('',(#253,#169,#170,#171,#172,#173),#3285,.F.);
#3412=ADVANCED_FACE('',(#254),#94,.F.);
#3413=ADVANCED_FACE('',(#255),#95,.F.);
#3414=ADVANCED_FACE('',(#256),#96,.F.);
#3415=ADVANCED_FACE('',(#257),#97,.F.);
#3416=ADVANCED_FACE('',(#258),#98,.F.);
#3417=ADVANCED_FACE('',(#259,#174),#3286,.T.);
#3418=ADVANCED_FACE('',(#260),#99,.F.);
#3419=ADVANCED_FACE('',(#261,#175),#3287,.T.);
#3420=ADVANCED_FACE('',(#262),#100,.F.);
#3421=ADVANCED_FACE('',(#263,#176),#3288,.T.);
#3422=ADVANCED_FACE('',(#264),#101,.F.);
#3423=ADVANCED_FACE('',(#265,#177),#3289,.T.);
#3424=ADVANCED_FACE('',(#266),#102,.T.);
#3425=ADVANCED_FACE('',(#267),#103,.T.);
#3426=ADVANCED_FACE('',(#268),#3290,.T.);
#3427=ADVANCED_FACE('',(#269),#104,.T.);
#3428=ADVANCED_FACE('',(#270),#3291,.T.);
#3429=ADVANCED_FACE('',(#271),#105,.T.);
#3430=ADVANCED_FACE('',(#272,#178),#3292,.F.);
#3431=ADVANCED_FACE('',(#273),#106,.T.);
#3432=ADVANCED_FACE('',(#274),#3293,.T.);
#3433=ADVANCED_FACE('',(#275),#107,.T.);
#3434=ADVANCED_FACE('',(#276),#3294,.T.);
#3435=ADVANCED_FACE('',(#277,#179),#3295,.F.);
#3436=ADVANCED_FACE('',(#278),#108,.T.);
#3437=ADVANCED_FACE('',(#279),#109,.T.);
#3438=ADVANCED_FACE('',(#280),#110,.T.);
#3439=ADVANCED_FACE('',(#281),#111,.T.);
#3440=ADVANCED_FACE('',(#282,#180),#3296,.T.);
#3441=ADVANCED_FACE('',(#283),#3297,.F.);
#3442=ADVANCED_FACE('',(#284),#3298,.F.);
#3443=ADVANCED_FACE('',(#285),#112,.T.);
#3444=ADVANCED_FACE('',(#286),#113,.T.);
#3445=ADVANCED_FACE('',(#287),#114,.T.);
#3446=ADVANCED_FACE('',(#288),#115,.T.);
#3447=ADVANCED_FACE('',(#289,#181),#3299,.T.);
#3448=ADVANCED_FACE('',(#290),#3300,.F.);
#3449=ADVANCED_FACE('',(#291),#3301,.F.);
#3450=ADVANCED_FACE('',(#292),#116,.T.);
#3451=ADVANCED_FACE('',(#293),#117,.T.);
#3452=ADVANCED_FACE('',(#294),#118,.T.);
#3453=ADVANCED_FACE('',(#295),#119,.T.);
#3454=ADVANCED_FACE('',(#296,#182),#3302,.T.);
#3455=ADVANCED_FACE('',(#297),#3303,.T.);
#3456=ADVANCED_FACE('',(#298),#3304,.T.);
#3457=ADVANCED_FACE('',(#299),#120,.T.);
#3458=ADVANCED_FACE('',(#300),#121,.T.);
#3459=ADVANCED_FACE('',(#301),#122,.T.);
#3460=ADVANCED_FACE('',(#302),#123,.T.);
#3461=ADVANCED_FACE('',(#303,#183),#3305,.T.);
#3462=ADVANCED_FACE('',(#304),#3306,.T.);
#3463=ADVANCED_FACE('',(#305),#3307,.T.);
#3464=ADVANCED_FACE('',(#306),#124,.F.);
#3465=ADVANCED_FACE('',(#307),#3308,.F.);
#3466=ADVANCED_FACE('',(#308),#3309,.F.);
#3467=ADVANCED_FACE('',(#309,#184),#3310,.F.);
#3468=ADVANCED_FACE('',(#310),#125,.F.);
#3469=ADVANCED_FACE('',(#311),#3311,.F.);
#3470=ADVANCED_FACE('',(#312),#3312,.F.);
#3471=ADVANCED_FACE('',(#313,#185),#3313,.F.);
#3472=ADVANCED_FACE('',(#314),#3314,.T.);
#3473=ADVANCED_FACE('',(#315),#126,.F.);
#3474=ADVANCED_FACE('',(#316),#3315,.T.);
#3475=ADVANCED_FACE('',(#317,#186),#3316,.F.);
#3476=ADVANCED_FACE('',(#318),#3317,.T.);
#3477=ADVANCED_FACE('',(#319),#3318,.T.);
#3478=ADVANCED_FACE('',(#320),#127,.F.);
#3479=ADVANCED_FACE('',(#321),#3319,.T.);
#3480=ADVANCED_FACE('',(#322,#187),#3320,.F.);
#3481=ADVANCED_FACE('',(#323),#65,.F.);
#3482=ADVANCED_FACE('',(#324),#3321,.F.);
#3483=ADVANCED_FACE('',(#325),#128,.F.);
#3484=ADVANCED_FACE('',(#326),#24,.T.);
#3485=ADVANCED_FACE('',(#327,#188),#3322,.F.);
#3486=ADVANCED_FACE('',(#328),#66,.T.);
#3487=ADVANCED_FACE('',(#329),#3323,.T.);
#3488=ADVANCED_FACE('',(#330),#67,.F.);
#3489=ADVANCED_FACE('',(#331),#3324,.T.);
#3490=ADVANCED_FACE('',(#332),#3325,.T.);
#3491=ADVANCED_FACE('',(#333),#68,.F.);
#3492=ADVANCED_FACE('',(#334),#3326,.T.);
#3493=ADVANCED_FACE('',(#335),#3327,.T.);
#3494=ADVANCED_FACE('',(#336),#69,.F.);
#3495=ADVANCED_FACE('',(#337),#3328,.T.);
#3496=ADVANCED_FACE('',(#338),#3329,.T.);
#3497=ADVANCED_FACE('',(#339),#70,.F.);
#3498=ADVANCED_FACE('',(#340),#3330,.T.);
#3499=ADVANCED_FACE('',(#341),#3331,.T.);
#3500=ADVANCED_FACE('',(#342),#71,.F.);
#3501=ADVANCED_FACE('',(#343),#129,.F.);
#3502=ADVANCED_FACE('',(#344),#72,.F.);
#3503=ADVANCED_FACE('',(#345),#130,.F.);
#3504=ADVANCED_FACE('',(#346),#73,.F.);
#3505=ADVANCED_FACE('',(#347),#131,.F.);
#3506=ADVANCED_FACE('',(#348),#74,.F.);
#3507=ADVANCED_FACE('',(#349),#132,.F.);
#3508=ADVANCED_FACE('',(#350,#189),#3332,.T.);
#3509=ADVANCED_FACE('',(#351),#133,.F.);
#3510=ADVANCED_FACE('',(#352),#3333,.T.);
#3511=ADVANCED_FACE('',(#353),#134,.F.);
#3512=ADVANCED_FACE('',(#354),#3334,.T.);
#3513=ADVANCED_FACE('',(#355),#135,.F.);
#3514=ADVANCED_FACE('',(#356),#3335,.T.);
#3515=ADVANCED_FACE('',(#357),#136,.F.);
#3516=ADVANCED_FACE('',(#358),#3336,.T.);
#3517=ADVANCED_FACE('',(#359),#137,.T.);
#3518=ADVANCED_FACE('',(#360),#3337,.F.);
#3519=ADVANCED_FACE('',(#361,#190),#3338,.T.);
#3520=ADVANCED_FACE('',(#362),#3339,.T.);
#3521=ADVANCED_FACE('',(#363),#138,.F.);
#3522=ADVANCED_FACE('',(#364),#139,.F.);
#3523=ADVANCED_FACE('',(#365),#3340,.F.);
#3524=ADVANCED_FACE('',(#366),#140,.T.);
#3525=ADVANCED_FACE('',(#367,#191),#3341,.T.);
#3526=ADVANCED_FACE('',(#368),#3342,.T.);
#3527=ADVANCED_FACE('',(#369),#141,.F.);
#3528=ADVANCED_FACE('',(#370),#142,.T.);
#3529=ADVANCED_FACE('',(#371),#3343,.F.);
#3530=ADVANCED_FACE('',(#372,#192),#3344,.T.);
#3531=ADVANCED_FACE('',(#373),#3345,.T.);
#3532=ADVANCED_FACE('',(#374),#143,.F.);
#3533=ADVANCED_FACE('',(#375),#144,.F.);
#3534=ADVANCED_FACE('',(#376),#145,.T.);
#3535=ADVANCED_FACE('',(#377),#3346,.F.);
#3536=ADVANCED_FACE('',(#378,#193),#3347,.T.);
#3537=ADVANCED_FACE('',(#379),#146,.F.);
#3538=ADVANCED_FACE('',(#380),#147,.F.);
#3539=ADVANCED_FACE('',(#381),#17,.T.);
#3540=ADVANCED_FACE('',(#382),#18,.T.);
#3541=ADVANCED_FACE('',(#383),#19,.T.);
#3542=ADVANCED_FACE('',(#384),#148,.T.);
#3543=ADVANCED_FACE('',(#385),#20,.T.);
#3544=ADVANCED_FACE('',(#386),#149,.T.);
#3545=ADVANCED_FACE('',(#387),#150,.T.);
#3546=ADVANCED_FACE('',(#388),#151,.T.);
#3547=ADVANCED_FACE('',(#389),#152,.T.);
#3548=ADVANCED_FACE('',(#390),#153,.T.);
#3549=ADVANCED_FACE('',(#391),#154,.T.);
#3550=ADVANCED_FACE('',(#392),#155,.T.);
#3551=ADVANCED_FACE('',(#393),#3348,.T.);
#3552=ADVANCED_FACE('',(#394),#3349,.T.);
#3553=ADVANCED_FACE('',(#395),#13,.T.);
#3554=ADVANCED_FACE('',(#396),#14,.T.);
#3555=ADVANCED_FACE('',(#397),#15,.T.);
#3556=ADVANCED_FACE('',(#398),#16,.T.);
#3557=ADVANCED_FACE('',(#399),#156,.F.);
#3558=ADVANCED_FACE('',(#400),#157,.F.);
#3559=ADVANCED_FACE('',(#401),#158,.F.);
#3560=ADVANCED_FACE('',(#402),#159,.F.);
#3561=ADVANCED_FACE('',(#403),#160,.F.);
#3562=ADVANCED_FACE('',(#404,#194),#3350,.T.);
#3563=ADVANCED_FACE('',(#405),#3351,.T.);
#3564=ADVANCED_FACE('',(#406,#195),#3352,.T.);
#3565=ADVANCED_FACE('',(#407),#3353,.T.);
#3566=CLOSED_SHELL('',(#3354,#3355,#3356,#3357,#3358,#3359,#3360,#3361,
#3362,#3363,#3364,#3365,#3366,#3367,#3368,#3369,#3370,#3371,#3372,#3373,
#3374,#3375,#3376,#3377,#3378,#3379,#3380,#3381,#3382,#3383,#3384,#3385,
#3386,#3387,#3388,#3389,#3390,#3391,#3392,#3393,#3394,#3395,#3396,#3397,
#3398,#3399,#3400,#3401,#3402,#3403,#3404,#3405,#3406,#3407,#3408,#3409,
#3410,#3411,#3412,#3413,#3414,#3415,#3416,#3417,#3418,#3419,#3420,#3421,
#3422,#3423,#3424,#3425,#3426,#3427,#3428,#3429,#3430,#3431,#3432,#3433,
#3434,#3435));
#3567=CLOSED_SHELL('',(#3436,#3437,#3438,#3439,#3440,#3441,#3442,#3443,
#3444,#3445,#3446,#3447,#3448,#3449,#3450,#3451,#3452,#3453,#3454,#3455,
#3456,#3457,#3458,#3459,#3460,#3461,#3462,#3463,#3464,#3465,#3466,#3467,
#3468,#3469,#3470,#3471,#3472,#3473,#3474,#3475,#3476,#3477,#3478,#3479,
#3480,#3481,#3482,#3483,#3484,#3485,#3486,#3487,#3488,#3489,#3490,#3491,
#3492,#3493,#3494,#3495,#3496,#3497,#3498,#3499,#3500,#3501,#3502,#3503,
#3504,#3505,#3506,#3507,#3508,#3509,#3510,#3511,#3512,#3513,#3514,#3515,
#3516,#3517,#3518,#3519,#3520,#3521,#3522,#3523,#3524,#3525,#3526,#3527,
#3528,#3529,#3530,#3531,#3532,#3533,#3534,#3535,#3536,#3537,#3538,#3539,
#3540,#3541,#3542,#3543,#3544,#3545,#3546,#3547,#3548,#3549,#3550,#3551,
#3552,#3553,#3554,#3555,#3556,#3557,#3558,#3559,#3560,#3561,#3562,#3563,
#3564,#3565));
#3568=AXIS2_PLACEMENT_3D('',#5173,#4013,#4014);
#3569=AXIS2_PLACEMENT_3D('',#5174,#4015,#4016);
#3570=AXIS2_PLACEMENT_3D('',#5177,#4017,#4018);
#3571=AXIS2_PLACEMENT_3D('',#5181,#4020,#4021);
#3572=AXIS2_PLACEMENT_3D('',#5185,#4023,#4024);
#3573=AXIS2_PLACEMENT_3D('',#5189,#4026,#4027);
#3574=AXIS2_PLACEMENT_3D('',#5192,#4029,#4030);
#3575=AXIS2_PLACEMENT_3D('',#5193,#4031,#4032);
#3576=AXIS2_PLACEMENT_3D('',#5197,#4034,#4035);
#3577=AXIS2_PLACEMENT_3D('',#5199,#4037,#4038);
#3578=AXIS2_PLACEMENT_3D('',#5203,#4041,#4042);
#3579=AXIS2_PLACEMENT_3D('',#5206,#4044,#4045);
#3580=AXIS2_PLACEMENT_3D('',#5207,#4046,#4047);
#3581=AXIS2_PLACEMENT_3D('',#5211,#4050,#4051);
#3582=AXIS2_PLACEMENT_3D('',#5214,#4053,#4054);
#3583=AXIS2_PLACEMENT_3D('',#5215,#4055,#4056);
#3584=AXIS2_PLACEMENT_3D('',#5219,#4059,#4060);
#3585=AXIS2_PLACEMENT_3D('',#5222,#4062,#4063);
#3586=AXIS2_PLACEMENT_3D('',#5223,#4064,#4065);
#3587=AXIS2_PLACEMENT_3D('',#5225,#4067,#4068);
#3588=AXIS2_PLACEMENT_3D('',#5228,#4069,#4070);
#3589=AXIS2_PLACEMENT_3D('',#5232,#4072,#4073);
#3590=AXIS2_PLACEMENT_3D('',#5234,#4075,#4076);
#3591=AXIS2_PLACEMENT_3D('',#5237,#4077,#4078);
#3592=AXIS2_PLACEMENT_3D('',#5241,#4080,#4081);
#3593=AXIS2_PLACEMENT_3D('',#5243,#4083,#4084);
#3594=AXIS2_PLACEMENT_3D('',#5246,#4085,#4086);
#3595=AXIS2_PLACEMENT_3D('',#5250,#4088,#4089);
#3596=AXIS2_PLACEMENT_3D('',#5252,#4091,#4092);
#3597=AXIS2_PLACEMENT_3D('',#5255,#4093,#4094);
#3598=AXIS2_PLACEMENT_3D('',#5259,#4096,#4097);
#3599=AXIS2_PLACEMENT_3D('',#5261,#4099,#4100);
#3600=AXIS2_PLACEMENT_3D('',#5269,#4105,#4106);
#3601=AXIS2_PLACEMENT_3D('',#5277,#4111,#4112);
#3602=AXIS2_PLACEMENT_3D('',#5285,#4117,#4118);
#3603=AXIS2_PLACEMENT_3D('',#5293,#4123,#4124);
#3604=AXIS2_PLACEMENT_3D('',#5301,#4129,#4130);
#3605=AXIS2_PLACEMENT_3D('',#5309,#4135,#4136);
#3606=AXIS2_PLACEMENT_3D('',#5312,#4138,#4139);
#3607=AXIS2_PLACEMENT_3D('',#5313,#4140,#4141);
#3608=AXIS2_PLACEMENT_3D('',#5315,#4142,#4143);
#3609=AXIS2_PLACEMENT_3D('',#5316,#4144,#4145);
#3610=AXIS2_PLACEMENT_3D('',#5317,#4146,#4147);
#3611=AXIS2_PLACEMENT_3D('',#5319,#4148,#4149);
#3612=AXIS2_PLACEMENT_3D('',#5320,#4150,#4151);
#3613=AXIS2_PLACEMENT_3D('',#5321,#4152,#4153);
#3614=AXIS2_PLACEMENT_3D('',#5324,#4155,#4156);
#3615=AXIS2_PLACEMENT_3D('',#5325,#4157,#4158);
#3616=AXIS2_PLACEMENT_3D('',#5326,#4159,#4160);
#3617=AXIS2_PLACEMENT_3D('',#5327,#4161,#4162);
#3618=AXIS2_PLACEMENT_3D('',#5329,#4163,#4164);
#3619=AXIS2_PLACEMENT_3D('',#5330,#4165,#4166);
#3620=AXIS2_PLACEMENT_3D('',#5331,#4167,#4168);
#3621=AXIS2_PLACEMENT_3D('',#5332,#4169,#4170);
#3622=AXIS2_PLACEMENT_3D('',#5333,#4171,#4172);
#3623=AXIS2_PLACEMENT_3D('',#5336,#4174,#4175);
#3624=AXIS2_PLACEMENT_3D('',#5337,#4176,#4177);
#3625=AXIS2_PLACEMENT_3D('',#5338,#4178,#4179);
#3626=AXIS2_PLACEMENT_3D('',#5340,#4180,#4181);
#3627=AXIS2_PLACEMENT_3D('',#5341,#4182,#4183);
#3628=AXIS2_PLACEMENT_3D('',#5342,#4184,#4185);
#3629=AXIS2_PLACEMENT_3D('',#5345,#4187,#4188);
#3630=AXIS2_PLACEMENT_3D('',#5346,#4189,#4190);
#3631=AXIS2_PLACEMENT_3D('',#5348,#4191,#4192);
#3632=AXIS2_PLACEMENT_3D('',#5349,#4193,#4194);
#3633=AXIS2_PLACEMENT_3D('',#5350,#4195,#4196);
#3634=AXIS2_PLACEMENT_3D('',#5352,#4197,#4198);
#3635=AXIS2_PLACEMENT_3D('',#5353,#4199,#4200);
#3636=AXIS2_PLACEMENT_3D('',#5354,#4201,#4202);
#3637=AXIS2_PLACEMENT_3D('',#5355,#4203,#4204);
#3638=AXIS2_PLACEMENT_3D('',#5356,#4205,#4206);
#3639=AXIS2_PLACEMENT_3D('',#5358,#4207,#4208);
#3640=AXIS2_PLACEMENT_3D('',#5359,#4209,#4210);
#3641=AXIS2_PLACEMENT_3D('',#5361,#4211,#4212);
#3642=AXIS2_PLACEMENT_3D('',#5362,#4213,#4214);
#3643=AXIS2_PLACEMENT_3D('',#5363,#4215,#4216);
#3644=AXIS2_PLACEMENT_3D('',#5364,#4217,#4218);
#3645=AXIS2_PLACEMENT_3D('',#5366,#4219,#4220);
#3646=AXIS2_PLACEMENT_3D('',#5367,#4221,#4222);
#3647=AXIS2_PLACEMENT_3D('',#5370,#4224,#4225);
#3648=AXIS2_PLACEMENT_3D('',#5371,#4226,#4227);
#3649=AXIS2_PLACEMENT_3D('',#5374,#4228,#4229);
#3650=AXIS2_PLACEMENT_3D('',#5378,#4231,#4232);
#3651=AXIS2_PLACEMENT_3D('',#5380,#4234,#4235);
#3652=AXIS2_PLACEMENT_3D('',#5383,#4236,#4237);
#3653=AXIS2_PLACEMENT_3D('',#5384,#4238,#4239);
#3654=AXIS2_PLACEMENT_3D('',#5385,#4240,#4241);
#3655=AXIS2_PLACEMENT_3D('',#5386,#4242,#4243);
#3656=AXIS2_PLACEMENT_3D('',#5389,#4244,#4245);
#3657=AXIS2_PLACEMENT_3D('',#5392,#4248,#4249);
#3658=AXIS2_PLACEMENT_3D('',#5395,#4250,#4251);
#3659=AXIS2_PLACEMENT_3D('',#5396,#4252,#4253);
#3660=AXIS2_PLACEMENT_3D('',#5397,#4254,#4255);
#3661=AXIS2_PLACEMENT_3D('',#5398,#4256,#4257);
#3662=AXIS2_PLACEMENT_3D('',#5401,#4258,#4259);
#3663=AXIS2_PLACEMENT_3D('',#5404,#4262,#4263);
#3664=AXIS2_PLACEMENT_3D('',#5407,#4264,#4265);
#3665=AXIS2_PLACEMENT_3D('',#5408,#4266,#4267);
#3666=AXIS2_PLACEMENT_3D('',#5409,#4268,#4269);
#3667=AXIS2_PLACEMENT_3D('',#5410,#4270,#4271);
#3668=AXIS2_PLACEMENT_3D('',#5413,#4272,#4273);
#3669=AXIS2_PLACEMENT_3D('',#5416,#4276,#4277);
#3670=AXIS2_PLACEMENT_3D('',#5417,#4278,#4279);
#3671=AXIS2_PLACEMENT_3D('',#5418,#4280,#4281);
#3672=AXIS2_PLACEMENT_3D('',#5419,#4282,#4283);
#3673=AXIS2_PLACEMENT_3D('',#5423,#4285,#4286);
#3674=AXIS2_PLACEMENT_3D('',#5425,#4288,#4289);
#3675=AXIS2_PLACEMENT_3D('',#5429,#4292,#4293);
#3676=AXIS2_PLACEMENT_3D('',#5432,#4295,#4296);
#3677=AXIS2_PLACEMENT_3D('',#5433,#4297,#4298);
#3678=AXIS2_PLACEMENT_3D('',#5437,#4301,#4302);
#3679=AXIS2_PLACEMENT_3D('',#5439,#4303,#4304);
#3680=AXIS2_PLACEMENT_3D('',#5441,#4305,#4306);
#3681=AXIS2_PLACEMENT_3D('',#5443,#4307,#4308);
#3682=AXIS2_PLACEMENT_3D('',#5445,#4309,#4310);
#3683=AXIS2_PLACEMENT_3D('',#5446,#4311,#4312);
#3684=AXIS2_PLACEMENT_3D('',#5449,#4313,#4314);
#3685=AXIS2_PLACEMENT_3D('',#5451,#4315,#4316);
#3686=AXIS2_PLACEMENT_3D('',#5453,#4317,#4318);
#3687=AXIS2_PLACEMENT_3D('',#5454,#4319,#4320);
#3688=AXIS2_PLACEMENT_3D('',#5455,#4321,#4322);
#3689=AXIS2_PLACEMENT_3D('',#5460,#4325,#4326);
#3690=AXIS2_PLACEMENT_3D('',#5461,#4327,#4328);
#3691=AXIS2_PLACEMENT_3D('',#5463,#4329,#4330);
#3692=AXIS2_PLACEMENT_3D('',#5465,#4331,#4332);
#3693=AXIS2_PLACEMENT_3D('',#5466,#4333,#4334);
#3694=AXIS2_PLACEMENT_3D('',#5467,#4335,#4336);
#3695=AXIS2_PLACEMENT_3D('',#5472,#4339,#4340);
#3696=AXIS2_PLACEMENT_3D('',#5473,#4341,#4342);
#3697=AXIS2_PLACEMENT_3D('',#5475,#4343,#4344);
#3698=AXIS2_PLACEMENT_3D('',#5477,#4345,#4346);
#3699=AXIS2_PLACEMENT_3D('',#5478,#4347,#4348);
#3700=AXIS2_PLACEMENT_3D('',#5479,#4349,#4350);
#3701=AXIS2_PLACEMENT_3D('',#5484,#4353,#4354);
#3702=AXIS2_PLACEMENT_3D('',#5485,#4355,#4356);
#3703=AXIS2_PLACEMENT_3D('',#5487,#4357,#4358);
#3704=AXIS2_PLACEMENT_3D('',#5489,#4359,#4360);
#3705=AXIS2_PLACEMENT_3D('',#5490,#4361,#4362);
#3706=AXIS2_PLACEMENT_3D('',#5491,#4363,#4364);
#3707=AXIS2_PLACEMENT_3D('',#5494,#4367,#4368);
#3708=AXIS2_PLACEMENT_3D('',#5496,#4369,#4370);
#3709=AXIS2_PLACEMENT_3D('',#5499,#4372,#4373);
#3710=AXIS2_PLACEMENT_3D('',#5501,#4375,#4376);
#3711=AXIS2_PLACEMENT_3D('',#5502,#4377,#4378);
#3712=AXIS2_PLACEMENT_3D('',#5503,#4379,#4380);
#3713=AXIS2_PLACEMENT_3D('',#5505,#4381,#4382);
#3714=AXIS2_PLACEMENT_3D('',#5508,#4384,#4385);
#3715=AXIS2_PLACEMENT_3D('',#5509,#4386,#4387);
#3716=AXIS2_PLACEMENT_3D('',#5511,#4388,#4389);
#3717=AXIS2_PLACEMENT_3D('',#5513,#4391,#4392);
#3718=AXIS2_PLACEMENT_3D('',#5515,#4393,#4394);
#3719=AXIS2_PLACEMENT_3D('',#5517,#4396,#4397);
#3720=AXIS2_PLACEMENT_3D('',#5519,#4398,#4399);
#3721=AXIS2_PLACEMENT_3D('',#5521,#4401,#4402);
#3722=AXIS2_PLACEMENT_3D('',#5523,#4403,#4404);
#3723=AXIS2_PLACEMENT_3D('',#5525,#4406,#4407);
#3724=AXIS2_PLACEMENT_3D('',#5526,#4408,#4409);
#3725=AXIS2_PLACEMENT_3D('',#5528,#4410,#4411);
#3726=AXIS2_PLACEMENT_3D('',#5530,#4413,#4414);
#3727=AXIS2_PLACEMENT_3D('',#5531,#4415,#4416);
#3728=AXIS2_PLACEMENT_3D('',#5533,#4417,#4418);
#3729=AXIS2_PLACEMENT_3D('',#5535,#4420,#4421);
#3730=AXIS2_PLACEMENT_3D('',#5536,#4422,#4423);
#3731=AXIS2_PLACEMENT_3D('',#5538,#4424,#4425);
#3732=AXIS2_PLACEMENT_3D('',#5540,#4427,#4428);
#3733=AXIS2_PLACEMENT_3D('',#5541,#4429,#4430);
#3734=AXIS2_PLACEMENT_3D('',#5542,#4431,#4432);
#3735=AXIS2_PLACEMENT_3D('',#5543,#4433,#4434);
#3736=AXIS2_PLACEMENT_3D('',#5545,#4436,#4437);
#3737=AXIS2_PLACEMENT_3D('',#5547,#4439,#4440);
#3738=AXIS2_PLACEMENT_3D('',#5548,#4441,#4442);
#3739=AXIS2_PLACEMENT_3D('',#5549,#4443,#4444);
#3740=AXIS2_PLACEMENT_3D('',#5550,#4445,#4446);
#3741=AXIS2_PLACEMENT_3D('',#5553,#4448,#4449);
#3742=AXIS2_PLACEMENT_3D('',#5554,#4450,#4451);
#3743=AXIS2_PLACEMENT_3D('',#5558,#4454,#4455);
#3744=AXIS2_PLACEMENT_3D('',#5561,#4457,#4458);
#3745=AXIS2_PLACEMENT_3D('',#5562,#4459,#4460);
#3746=AXIS2_PLACEMENT_3D('',#5564,#4462,#4463);
#3747=AXIS2_PLACEMENT_3D('',#5565,#4464,#4465);
#3748=AXIS2_PLACEMENT_3D('',#5570,#4467,#4468);
#3749=AXIS2_PLACEMENT_3D('',#5572,#4469,#4470);
#3750=AXIS2_PLACEMENT_3D('',#5575,#4472,#4473);
#3751=AXIS2_PLACEMENT_3D('',#5576,#4474,#4475);
#3752=AXIS2_PLACEMENT_3D('',#5581,#4478,#4479);
#3753=AXIS2_PLACEMENT_3D('',#5582,#4480,#4481);
#3754=AXIS2_PLACEMENT_3D('',#5586,#4483,#4484);
#3755=AXIS2_PLACEMENT_3D('',#5590,#4486,#4487);
#3756=AXIS2_PLACEMENT_3D('',#5591,#4488,#4489);
#3757=AXIS2_PLACEMENT_3D('',#5592,#4490,#4491);
#3758=AXIS2_PLACEMENT_3D('',#5596,#4494,#4495);
#3759=AXIS2_PLACEMENT_3D('',#5597,#4496,#4497);
#3760=AXIS2_PLACEMENT_3D('',#5604,#4501,#4502);
#3761=AXIS2_PLACEMENT_3D('',#5605,#4503,#4504);
#3762=AXIS2_PLACEMENT_3D('',#5611,#4508,#4509);
#3763=AXIS2_PLACEMENT_3D('',#5612,#4510,#4511);
#3764=AXIS2_PLACEMENT_3D('',#5617,#4513,#4514);
#3765=AXIS2_PLACEMENT_3D('',#5620,#4516,#4517);
#3766=AXIS2_PLACEMENT_3D('',#5621,#4518,#4519);
#3767=AXIS2_PLACEMENT_3D('',#5625,#4521,#4522);
#3768=AXIS2_PLACEMENT_3D('',#5628,#4524,#4525);
#3769=AXIS2_PLACEMENT_3D('',#5629,#4526,#4527);
#3770=AXIS2_PLACEMENT_3D('',#5633,#4529,#4530);
#3771=AXIS2_PLACEMENT_3D('',#5637,#4532,#4533);
#3772=AXIS2_PLACEMENT_3D('',#5638,#4534,#4535);
#3773=AXIS2_PLACEMENT_3D('',#5639,#4536,#4537);
#3774=AXIS2_PLACEMENT_3D('',#5642,#4539,#4540);
#3775=AXIS2_PLACEMENT_3D('',#5644,#4542,#4543);
#3776=AXIS2_PLACEMENT_3D('',#5651,#4547,#4548);
#3777=AXIS2_PLACEMENT_3D('',#5652,#4549,#4550);
#3778=AXIS2_PLACEMENT_3D('',#5658,#4554,#4555);
#3779=AXIS2_PLACEMENT_3D('',#5659,#4556,#4557);
#3780=AXIS2_PLACEMENT_3D('',#5664,#4559,#4560);
#3781=AXIS2_PLACEMENT_3D('',#5667,#4562,#4563);
#3782=AXIS2_PLACEMENT_3D('',#5668,#4564,#4565);
#3783=AXIS2_PLACEMENT_3D('',#5672,#4567,#4568);
#3784=AXIS2_PLACEMENT_3D('',#5675,#4570,#4571);
#3785=AXIS2_PLACEMENT_3D('',#5676,#4572,#4573);
#3786=AXIS2_PLACEMENT_3D('',#5680,#4575,#4576);
#3787=AXIS2_PLACEMENT_3D('',#5684,#4578,#4579);
#3788=AXIS2_PLACEMENT_3D('',#5685,#4580,#4581);
#3789=AXIS2_PLACEMENT_3D('',#5686,#4582,#4583);
#3790=AXIS2_PLACEMENT_3D('',#5690,#4586,#4587);
#3791=AXIS2_PLACEMENT_3D('',#5691,#4588,#4589);
#3792=AXIS2_PLACEMENT_3D('',#5698,#4593,#4594);
#3793=AXIS2_PLACEMENT_3D('',#5699,#4595,#4596);
#3794=AXIS2_PLACEMENT_3D('',#5705,#4600,#4601);
#3795=AXIS2_PLACEMENT_3D('',#5706,#4602,#4603);
#3796=AXIS2_PLACEMENT_3D('',#5711,#4605,#4606);
#3797=AXIS2_PLACEMENT_3D('',#5713,#4607,#4608);
#3798=AXIS2_PLACEMENT_3D('',#5716,#4610,#4611);
#3799=AXIS2_PLACEMENT_3D('',#5717,#4612,#4613);
#3800=AXIS2_PLACEMENT_3D('',#5722,#4616,#4617);
#3801=AXIS2_PLACEMENT_3D('',#5723,#4618,#4619);
#3802=AXIS2_PLACEMENT_3D('',#5727,#4621,#4622);
#3803=AXIS2_PLACEMENT_3D('',#5731,#4624,#4625);
#3804=AXIS2_PLACEMENT_3D('',#5732,#4626,#4627);
#3805=AXIS2_PLACEMENT_3D('',#5733,#4628,#4629);
#3806=AXIS2_PLACEMENT_3D('',#5736,#4631,#4632);
#3807=AXIS2_PLACEMENT_3D('',#5738,#4634,#4635);
#3808=AXIS2_PLACEMENT_3D('',#5745,#4639,#4640);
#3809=AXIS2_PLACEMENT_3D('',#5746,#4641,#4642);
#3810=AXIS2_PLACEMENT_3D('',#5752,#4646,#4647);
#3811=AXIS2_PLACEMENT_3D('',#5753,#4648,#4649);
#3812=AXIS2_PLACEMENT_3D('',#5756,#4651,#4652);
#3813=AXIS2_PLACEMENT_3D('',#5757,#4653,#4654);
#3814=AXIS2_PLACEMENT_3D('',#5763,#4658,#4659);
#3815=AXIS2_PLACEMENT_3D('',#5765,#4661,#4662);
#3816=AXIS2_PLACEMENT_3D('',#5767,#4664,#4665);
#3817=AXIS2_PLACEMENT_3D('',#5769,#4666,#4667);
#3818=AXIS2_PLACEMENT_3D('',#5771,#4669,#4670);
#3819=AXIS2_PLACEMENT_3D('',#5777,#4674,#4675);
#3820=AXIS2_PLACEMENT_3D('',#5780,#4678,#4679);
#3821=AXIS2_PLACEMENT_3D('',#5781,#4680,#4681);
#3822=AXIS2_PLACEMENT_3D('',#5787,#4685,#4686);
#3823=AXIS2_PLACEMENT_3D('',#5789,#4687,#4688);
#3824=AXIS2_PLACEMENT_3D('',#5791,#4690,#4691);
#3825=AXIS2_PLACEMENT_3D('',#5794,#4694,#4695);
#3826=AXIS2_PLACEMENT_3D('',#5795,#4696,#4697);
#3827=AXIS2_PLACEMENT_3D('',#5810,#4706,#4707);
#3828=AXIS2_PLACEMENT_3D('',#5813,#4710,#4711);
#3829=AXIS2_PLACEMENT_3D('',#5816,#4713,#4714);
#3830=AXIS2_PLACEMENT_3D('',#5817,#4715,#4716);
#3831=AXIS2_PLACEMENT_3D('',#5819,#4718,#4719);
#3832=AXIS2_PLACEMENT_3D('',#5820,#4720,#4721);
#3833=AXIS2_PLACEMENT_3D('',#5822,#4722,#4723);
#3834=AXIS2_PLACEMENT_3D('',#5824,#4724,#4725);
#3835=AXIS2_PLACEMENT_3D('',#5825,#4726,#4727);
#3836=AXIS2_PLACEMENT_3D('',#5826,#4728,#4729);
#3837=AXIS2_PLACEMENT_3D('',#5827,#4730,#4731);
#3838=AXIS2_PLACEMENT_3D('',#5829,#4732,#4733);
#3839=AXIS2_PLACEMENT_3D('',#5918,#4735,#4736);
#3840=AXIS2_PLACEMENT_3D('',#5958,#4737,#4738);
#3841=AXIS2_PLACEMENT_3D('',#5967,#4743,#4744);
#3842=AXIS2_PLACEMENT_3D('',#5969,#4745,#4746);
#3843=AXIS2_PLACEMENT_3D('',#5970,#4747,#4748);
#3844=AXIS2_PLACEMENT_3D('',#5971,#4749,#4750);
#3845=AXIS2_PLACEMENT_3D('',#5972,#4751,#4752);
#3846=AXIS2_PLACEMENT_3D('',#5974,#4753,#4754);
#3847=AXIS2_PLACEMENT_3D('',#5976,#4755,#4756);
#3848=AXIS2_PLACEMENT_3D('',#5978,#4757,#4758);
#3849=AXIS2_PLACEMENT_3D('',#5980,#4759,#4760);
#3850=AXIS2_PLACEMENT_3D('',#5981,#4761,#4762);
#3851=AXIS2_PLACEMENT_3D('',#5982,#4763,#4764);
#3852=AXIS2_PLACEMENT_3D('',#5986,#4766,#4767);
#3853=AXIS2_PLACEMENT_3D('',#5988,#4769,#4770);
#3854=AXIS2_PLACEMENT_3D('',#5992,#4772,#4773);
#3855=AXIS2_PLACEMENT_3D('',#5994,#4775,#4776);
#3856=AXIS2_PLACEMENT_3D('',#5996,#4777,#4778);
#3857=AXIS2_PLACEMENT_3D('',#5998,#4779,#4780);
#3858=AXIS2_PLACEMENT_3D('',#6000,#4781,#4782);
#3859=AXIS2_PLACEMENT_3D('',#6001,#4783,#4784);
#3860=AXIS2_PLACEMENT_3D('',#6002,#4785,#4786);
#3861=AXIS2_PLACEMENT_3D('',#6006,#4788,#4789);
#3862=AXIS2_PLACEMENT_3D('',#6008,#4791,#4792);
#3863=AXIS2_PLACEMENT_3D('',#6012,#4794,#4795);
#3864=AXIS2_PLACEMENT_3D('',#6014,#4797,#4798);
#3865=AXIS2_PLACEMENT_3D('',#6016,#4799,#4800);
#3866=AXIS2_PLACEMENT_3D('',#6018,#4801,#4802);
#3867=AXIS2_PLACEMENT_3D('',#6020,#4803,#4804);
#3868=AXIS2_PLACEMENT_3D('',#6022,#4805,#4806);
#3869=AXIS2_PLACEMENT_3D('',#6023,#4807,#4808);
#3870=AXIS2_PLACEMENT_3D('',#6024,#4809,#4810);
#3871=AXIS2_PLACEMENT_3D('',#6028,#4812,#4813);
#3872=AXIS2_PLACEMENT_3D('',#6030,#4815,#4816);
#3873=AXIS2_PLACEMENT_3D('',#6034,#4818,#4819);
#3874=AXIS2_PLACEMENT_3D('',#6036,#4821,#4822);
#3875=AXIS2_PLACEMENT_3D('',#6038,#4823,#4824);
#3876=AXIS2_PLACEMENT_3D('',#6040,#4825,#4826);
#3877=AXIS2_PLACEMENT_3D('',#6042,#4827,#4828);
#3878=AXIS2_PLACEMENT_3D('',#6043,#4829,#4830);
#3879=AXIS2_PLACEMENT_3D('',#6044,#4831,#4832);
#3880=AXIS2_PLACEMENT_3D('',#6048,#4834,#4835);
#3881=AXIS2_PLACEMENT_3D('',#6050,#4837,#4838);
#3882=AXIS2_PLACEMENT_3D('',#6054,#4840,#4841);
#3883=AXIS2_PLACEMENT_3D('',#6056,#4843,#4844);
#3884=AXIS2_PLACEMENT_3D('',#6059,#4845,#4846);
#3885=AXIS2_PLACEMENT_3D('',#6061,#4847,#4848);
#3886=AXIS2_PLACEMENT_3D('',#6063,#4849,#4850);
#3887=AXIS2_PLACEMENT_3D('',#6064,#4851,#4852);
#3888=AXIS2_PLACEMENT_3D('',#6065,#4853,#4854);
#3889=AXIS2_PLACEMENT_3D('',#6070,#4857,#4858);
#3890=AXIS2_PLACEMENT_3D('',#6071,#4859,#4860);
#3891=AXIS2_PLACEMENT_3D('',#6073,#4861,#4862);
#3892=AXIS2_PLACEMENT_3D('',#6075,#4863,#4864);
#3893=AXIS2_PLACEMENT_3D('',#6076,#4865,#4866);
#3894=AXIS2_PLACEMENT_3D('',#6077,#4867,#4868);
#3895=AXIS2_PLACEMENT_3D('',#6082,#4871,#4872);
#3896=AXIS2_PLACEMENT_3D('',#6083,#4873,#4874);
#3897=AXIS2_PLACEMENT_3D('',#6085,#4875,#4876);
#3898=AXIS2_PLACEMENT_3D('',#6087,#4877,#4878);
#3899=AXIS2_PLACEMENT_3D('',#6088,#4879,#4880);
#3900=AXIS2_PLACEMENT_3D('',#6089,#4881,#4882);
#3901=AXIS2_PLACEMENT_3D('',#6093,#4884,#4885);
#3902=AXIS2_PLACEMENT_3D('',#6095,#4887,#4888);
#3903=AXIS2_PLACEMENT_3D('',#6097,#4889,#4890);
#3904=AXIS2_PLACEMENT_3D('',#6099,#4891,#4892);
#3905=AXIS2_PLACEMENT_3D('',#6100,#4893,#4894);
#3906=AXIS2_PLACEMENT_3D('',#6101,#4895,#4896);
#3907=AXIS2_PLACEMENT_3D('',#6104,#4899,#4900);
#3908=AXIS2_PLACEMENT_3D('',#6109,#4902,#4903);
#3909=AXIS2_PLACEMENT_3D('',#6113,#4905,#4906);
#3910=AXIS2_PLACEMENT_3D('',#6117,#4908,#4909);
#3911=AXIS2_PLACEMENT_3D('',#6120,#4911,#4912);
#3912=AXIS2_PLACEMENT_3D('',#6121,#4913,#4914);
#3913=AXIS2_PLACEMENT_3D('',#6123,#4915,#4916);
#3914=AXIS2_PLACEMENT_3D('',#6126,#4918,#4919);
#3915=AXIS2_PLACEMENT_3D('',#6127,#4920,#4921);
#3916=AXIS2_PLACEMENT_3D('',#6128,#4922,#4923);
#3917=AXIS2_PLACEMENT_3D('',#6130,#4924,#4925);
#3918=AXIS2_PLACEMENT_3D('',#6133,#4927,#4928);
#3919=AXIS2_PLACEMENT_3D('',#6134,#4929,#4930);
#3920=AXIS2_PLACEMENT_3D('',#6135,#4931,#4932);
#3921=AXIS2_PLACEMENT_3D('',#6137,#4933,#4934);
#3922=AXIS2_PLACEMENT_3D('',#6140,#4936,#4937);
#3923=AXIS2_PLACEMENT_3D('',#6141,#4938,#4939);
#3924=AXIS2_PLACEMENT_3D('',#6142,#4940,#4941);
#3925=AXIS2_PLACEMENT_3D('',#6144,#4942,#4943);
#3926=AXIS2_PLACEMENT_3D('',#6147,#4945,#4946);
#3927=AXIS2_PLACEMENT_3D('',#6148,#4947,#4948);
#3928=AXIS2_PLACEMENT_3D('',#6149,#4949,#4950);
#3929=AXIS2_PLACEMENT_3D('',#6153,#4952,#4953);
#3930=AXIS2_PLACEMENT_3D('',#6155,#4955,#4956);
#3931=AXIS2_PLACEMENT_3D('',#6159,#4958,#4959);
#3932=AXIS2_PLACEMENT_3D('',#6161,#4961,#4962);
#3933=AXIS2_PLACEMENT_3D('',#6162,#4963,#4964);
#3934=AXIS2_PLACEMENT_3D('',#6174,#4972,#4973);
#3935=AXIS2_PLACEMENT_3D('',#6177,#4975,#4976);
#3936=AXIS2_PLACEMENT_3D('',#6178,#4977,#4978);
#3937=AXIS2_PLACEMENT_3D('',#6180,#4980,#4981);
#3938=AXIS2_PLACEMENT_3D('',#6185,#4983,#4984);
#3939=AXIS2_PLACEMENT_3D('',#6188,#4986,#4987);
#3940=AXIS2_PLACEMENT_3D('',#6189,#4988,#4989);
#3941=AXIS2_PLACEMENT_3D('',#6192,#4992,#4993);
#3942=AXIS2_PLACEMENT_3D('',#6193,#4994,#4995);
#3943=AXIS2_PLACEMENT_3D('',#6205,#5003,#5004);
#3944=AXIS2_PLACEMENT_3D('',#6207,#5006,#5007);
#3945=AXIS2_PLACEMENT_3D('',#6209,#5008,#5009);
#3946=AXIS2_PLACEMENT_3D('',#6211,#5011,#5012);
#3947=AXIS2_PLACEMENT_3D('',#6213,#5013,#5014);
#3948=AXIS2_PLACEMENT_3D('',#6215,#5016,#5017);
#3949=AXIS2_PLACEMENT_3D('',#6216,#5018,#5019);
#3950=AXIS2_PLACEMENT_3D('',#6228,#5027,#5028);
#3951=AXIS2_PLACEMENT_3D('',#6229,#5029,#5030);
#3952=AXIS2_PLACEMENT_3D('',#6230,#5031,#5032);
#3953=AXIS2_PLACEMENT_3D('',#6231,#5033,#5034);
#3954=AXIS2_PLACEMENT_3D('',#6232,#5035,#5036);
#3955=AXIS2_PLACEMENT_3D('',#6233,#5037,#5038);
#3956=AXIS2_PLACEMENT_3D('',#6234,#5039,#5040);
#3957=AXIS2_PLACEMENT_3D('',#6235,#5041,#5042);
#3958=AXIS2_PLACEMENT_3D('',#6236,#5043,#5044);
#3959=AXIS2_PLACEMENT_3D('',#6237,#5045,#5046);
#3960=AXIS2_PLACEMENT_3D('',#6238,#5047,#5048);
#3961=AXIS2_PLACEMENT_3D('',#6239,#5049,#5050);
#3962=AXIS2_PLACEMENT_3D('',#6241,#5051,#5052);
#3963=AXIS2_PLACEMENT_3D('',#6242,#5053,#5054);
#3964=AXIS2_PLACEMENT_3D('',#6243,#5055,#5056);
#3965=AXIS2_PLACEMENT_3D('',#6244,#5057,#5058);
#3966=AXIS2_PLACEMENT_3D('',#6247,#5059,#5060);
#3967=AXIS2_PLACEMENT_3D('',#6248,#5061,#5062);
#3968=AXIS2_PLACEMENT_3D('',#6249,#5063,#5064);
#3969=AXIS2_PLACEMENT_3D('',#6250,#5065,#5066);
#3970=AXIS2_PLACEMENT_3D('',#6252,#5067,#5068);
#3971=AXIS2_PLACEMENT_3D('',#6253,#5069,#5070);
#3972=AXIS2_PLACEMENT_3D('',#6254,#5071,#5072);
#3973=AXIS2_PLACEMENT_3D('',#6255,#5073,#5074);
#3974=AXIS2_PLACEMENT_3D('',#6256,#5075,#5076);
#3975=AXIS2_PLACEMENT_3D('',#6258,#5077,#5078);
#3976=AXIS2_PLACEMENT_3D('',#6260,#5079,#5080);
#3977=AXIS2_PLACEMENT_3D('',#6261,#5081,#5082);
#3978=AXIS2_PLACEMENT_3D('',#6262,#5083,#5084);
#3979=AXIS2_PLACEMENT_3D('',#6264,#5086,#5087);
#3980=AXIS2_PLACEMENT_3D('',#6267,#5088,#5089);
#3981=AXIS2_PLACEMENT_3D('',#6271,#5093,#5094);
#3982=AXIS2_PLACEMENT_3D('',#6273,#5096,#5097);
#3983=AXIS2_PLACEMENT_3D('',#6275,#5098,#5099);
#3984=AXIS2_PLACEMENT_3D('',#6277,#5101,#5102);
#3985=AXIS2_PLACEMENT_3D('',#6279,#5104,#5105);
#3986=AXIS2_PLACEMENT_3D('',#6282,#5106,#5107);
#3987=AXIS2_PLACEMENT_3D('',#6286,#5111,#5112);
#3988=AXIS2_PLACEMENT_3D('',#6288,#5113,#5114);
#3989=AXIS2_PLACEMENT_3D('',#6290,#5116,#5117);
#3990=AXIS2_PLACEMENT_3D('',#6292,#5119,#5120);
#3991=AXIS2_PLACEMENT_3D('',#6305,#5122,#5123);
#3992=AXIS2_PLACEMENT_3D('',#6306,#5124,#5125);
#3993=AXIS2_PLACEMENT_3D('',#6307,#5126,#5127);
#3994=AXIS2_PLACEMENT_3D('',#6318,#5128,#5129);
#3995=AXIS2_PLACEMENT_3D('',#6320,#5130,#5131);
#3996=AXIS2_PLACEMENT_3D('',#6321,#5132,#5133);
#3997=AXIS2_PLACEMENT_3D('',#6333,#5134,#5135);
#3998=AXIS2_PLACEMENT_3D('',#6335,#5136,#5137);
#3999=AXIS2_PLACEMENT_3D('',#6336,#5138,#5139);
#4000=AXIS2_PLACEMENT_3D('',#6337,#5140,#5141);
#4001=AXIS2_PLACEMENT_3D('',#6349,#5142,#5143);
#4002=AXIS2_PLACEMENT_3D('',#6350,#5144,#5145);
#4003=AXIS2_PLACEMENT_3D('',#6351,#5146,#5147);
#4004=AXIS2_PLACEMENT_3D('',#6352,#5148,#5149);
#4005=AXIS2_PLACEMENT_3D('',#6354,#5151,#5152);
#4006=AXIS2_PLACEMENT_3D('',#6357,#5155,#5156);
#4007=AXIS2_PLACEMENT_3D('',#6359,#5158,#5159);
#4008=AXIS2_PLACEMENT_3D('',#6361,#5161,#5162);
#4009=AXIS2_PLACEMENT_3D('',#6363,#5164,#5165);
#4010=AXIS2_PLACEMENT_3D('',#6364,#5166,#5167);
#4011=AXIS2_PLACEMENT_3D('',#6365,#5168,#5169);
#4012=AXIS2_PLACEMENT_3D('',#6367,#5171,#5172);
#4013=DIRECTION('axis',(0.,0.,1.));
#4014=DIRECTION('refdir',(1.,0.,0.));
#4015=DIRECTION('center_axis',(0.,0.,1.));
#4016=DIRECTION('ref_axis',(-1.,0.,0.));
#4017=DIRECTION('center_axis',(0.,0.,1.));
#4018=DIRECTION('ref_axis',(0.435889894354067,0.9,0.));
#4019=DIRECTION('',(1.,0.,0.));
#4020=DIRECTION('center_axis',(0.,0.,1.));
#4021=DIRECTION('ref_axis',(0.9,-0.435889894354067,0.));
#4022=DIRECTION('',(0.,-1.,0.));
#4023=DIRECTION('center_axis',(0.,0.,1.));
#4024=DIRECTION('ref_axis',(-0.435889894354063,-0.900000000000002,0.));
#4025=DIRECTION('',(-1.,0.,0.));
#4026=DIRECTION('center_axis',(0.,0.,1.));
#4027=DIRECTION('ref_axis',(-0.9,0.435889894354068,0.));
#4028=DIRECTION('',(0.,1.,0.));
#4029=DIRECTION('center_axis',(0.,0.,1.));
#4030=DIRECTION('ref_axis',(-1.,0.,0.));
#4031=DIRECTION('center_axis',(0.,0.,1.));
#4032=DIRECTION('ref_axis',(0.707106781186547,-0.707106781186548,0.));
#4033=DIRECTION('',(0.,0.,1.));
#4034=DIRECTION('center_axis',(0.,0.,1.));
#4035=DIRECTION('ref_axis',(0.435889894354067,0.9,0.));
#4036=DIRECTION('',(0.,0.,-1.));
#4037=DIRECTION('center_axis',(1.,0.,0.));
#4038=DIRECTION('ref_axis',(0.,1.,0.));
#4039=DIRECTION('',(0.,0.,1.));
#4040=DIRECTION('',(0.,1.,0.));
#4041=DIRECTION('center_axis',(0.,0.,1.));
#4042=DIRECTION('ref_axis',(0.707106781186548,0.707106781186547,0.));
#4043=DIRECTION('',(0.,0.,1.));
#4044=DIRECTION('center_axis',(0.,0.,1.));
#4045=DIRECTION('ref_axis',(-0.9,0.435889894354068,0.));
#4046=DIRECTION('center_axis',(0.,1.,0.));
#4047=DIRECTION('ref_axis',(-1.,0.,0.));
#4048=DIRECTION('',(0.,0.,1.));
#4049=DIRECTION('',(-1.,0.,0.));
#4050=DIRECTION('center_axis',(0.,0.,1.));
#4051=DIRECTION('ref_axis',(-0.707106781186547,0.707106781186548,0.));
#4052=DIRECTION('',(0.,0.,1.));
#4053=DIRECTION('center_axis',(0.,0.,1.));
#4054=DIRECTION('ref_axis',(-0.435889894354063,-0.900000000000002,0.));
#4055=DIRECTION('center_axis',(-1.,0.,0.));
#4056=DIRECTION('ref_axis',(0.,-1.,0.));
#4057=DIRECTION('',(0.,0.,1.));
#4058=DIRECTION('',(0.,-1.,0.));
#4059=DIRECTION('center_axis',(0.,0.,1.));
#4060=DIRECTION('ref_axis',(-0.707106781186548,-0.707106781186547,0.));
#4061=DIRECTION('',(0.,0.,1.));
#4062=DIRECTION('center_axis',(0.,0.,1.));
#4063=DIRECTION('ref_axis',(0.9,-0.435889894354067,0.));
#4064=DIRECTION('center_axis',(0.,-1.,0.));
#4065=DIRECTION('ref_axis',(1.,0.,0.));
#4066=DIRECTION('',(1.,0.,0.));
#4067=DIRECTION('center_axis',(0.,0.,1.));
#4068=DIRECTION('ref_axis',(-0.707106781186549,0.707106781186546,0.));
#4069=DIRECTION('center_axis',(0.,0.,-1.));
#4070=DIRECTION('ref_axis',(-0.435889894354063,-0.900000000000002,0.));
#4071=DIRECTION('',(0.,0.,-1.));
#4072=DIRECTION('center_axis',(0.,0.,-1.));
#4073=DIRECTION('ref_axis',(-0.435889894354063,-0.900000000000002,0.));
#4074=DIRECTION('',(0.,0.,1.));
#4075=DIRECTION('center_axis',(0.,0.,1.));
#4076=DIRECTION('ref_axis',(0.707106781186548,0.707106781186547,0.));
#4077=DIRECTION('center_axis',(0.,0.,-1.));
#4078=DIRECTION('ref_axis',(-0.9,0.435889894354068,0.));
#4079=DIRECTION('',(0.,0.,-1.));
#4080=DIRECTION('center_axis',(0.,0.,-1.));
#4081=DIRECTION('ref_axis',(-0.9,0.435889894354068,0.));
#4082=DIRECTION('',(0.,0.,1.));
#4083=DIRECTION('center_axis',(0.,0.,1.));
#4084=DIRECTION('ref_axis',(0.707106781186547,-0.707106781186548,0.));
#4085=DIRECTION('center_axis',(0.,0.,-1.));
#4086=DIRECTION('ref_axis',(0.435889894354067,0.9,0.));
#4087=DIRECTION('',(0.,0.,-1.));
#4088=DIRECTION('center_axis',(0.,0.,-1.));
#4089=DIRECTION('ref_axis',(0.435889894354067,0.9,0.));
#4090=DIRECTION('',(0.,0.,1.));
#4091=DIRECTION('center_axis',(0.,0.,1.));
#4092=DIRECTION('ref_axis',(-0.707106781186548,-0.707106781186547,0.));
#4093=DIRECTION('center_axis',(0.,0.,-1.));
#4094=DIRECTION('ref_axis',(0.9,-0.435889894354067,0.));
#4095=DIRECTION('',(0.,0.,-1.));
#4096=DIRECTION('center_axis',(0.,0.,-1.));
#4097=DIRECTION('ref_axis',(0.9,-0.435889894354067,0.));
#4098=DIRECTION('',(0.,0.,1.));
#4099=DIRECTION('center_axis',(-1.,0.,0.));
#4100=DIRECTION('ref_axis',(0.,1.,0.));
#4101=DIRECTION('',(0.,1.,0.));
#4102=DIRECTION('',(0.,1.,0.));
#4103=DIRECTION('',(0.,0.,-1.));
#4104=DIRECTION('',(0.,-1.,0.));
#4105=DIRECTION('center_axis',(0.,1.,0.));
#4106=DIRECTION('ref_axis',(1.,0.,0.));
#4107=DIRECTION('',(-1.,0.,0.));
#4108=DIRECTION('',(0.,0.,1.));
#4109=DIRECTION('',(1.,0.,0.));
#4110=DIRECTION('',(1.,0.,0.));
#4111=DIRECTION('center_axis',(0.,1.,0.));
#4112=DIRECTION('ref_axis',(1.,0.,0.));
#4113=DIRECTION('',(1.,0.,0.));
#4114=DIRECTION('',(1.,0.,0.));
#4115=DIRECTION('',(0.,0.,1.));
#4116=DIRECTION('',(-1.,0.,0.));
#4117=DIRECTION('center_axis',(1.,0.,0.));
#4118=DIRECTION('ref_axis',(0.,-1.,0.));
#4119=DIRECTION('',(0.,1.,0.));
#4120=DIRECTION('',(0.,0.,1.));
#4121=DIRECTION('',(0.,-1.,0.));
#4122=DIRECTION('',(0.,-1.,0.));
#4123=DIRECTION('center_axis',(1.,0.,0.));
#4124=DIRECTION('ref_axis',(0.,-1.,0.));
#4125=DIRECTION('',(0.,-1.,0.));
#4126=DIRECTION('',(0.,-1.,0.));
#4127=DIRECTION('',(0.,0.,1.));
#4128=DIRECTION('',(0.,1.,0.));
#4129=DIRECTION('center_axis',(-1.38777878078145E-16,-1.,0.));
#4130=DIRECTION('ref_axis',(-1.,1.38777878078145E-16,0.));
#4131=DIRECTION('',(-1.,1.38777878078145E-16,0.));
#4132=DIRECTION('',(-1.,1.38777878078145E-16,0.));
#4133=DIRECTION('',(0.,0.,1.));
#4134=DIRECTION('',(1.,-1.38777878078145E-16,0.));
#4135=DIRECTION('center_axis',(0.,0.,1.));
#4136=DIRECTION('ref_axis',(-1.,0.,0.));
#4137=DIRECTION('',(-1.,1.38777878078145E-16,0.));
#4138=DIRECTION('center_axis',(0.,0.,1.));
#4139=DIRECTION('ref_axis',(1.,0.,0.));
#4140=DIRECTION('center_axis',(0.,0.,1.));
#4141=DIRECTION('ref_axis',(-1.,0.,0.));
#4142=DIRECTION('center_axis',(0.,0.,1.));
#4143=DIRECTION('ref_axis',(1.,0.,0.));
#4144=DIRECTION('center_axis',(0.,0.,1.));
#4145=DIRECTION('ref_axis',(1.,0.,0.));
#4146=DIRECTION('center_axis',(0.,0.,1.));
#4147=DIRECTION('ref_axis',(-1.,0.,0.));
#4148=DIRECTION('center_axis',(0.,0.,1.));
#4149=DIRECTION('ref_axis',(1.,0.,0.));
#4150=DIRECTION('center_axis',(0.,0.,1.));
#4151=DIRECTION('ref_axis',(1.,0.,0.));
#4152=DIRECTION('center_axis',(0.,0.,1.));
#4153=DIRECTION('ref_axis',(-1.,0.,0.));
#4154=DIRECTION('',(0.,0.,1.));
#4155=DIRECTION('center_axis',(0.,0.,1.));
#4156=DIRECTION('ref_axis',(-1.,0.,0.));
#4157=DIRECTION('center_axis',(0.,0.,1.));
#4158=DIRECTION('ref_axis',(-1.,0.,0.));
#4159=DIRECTION('center_axis',(0.,0.,1.));
#4160=DIRECTION('ref_axis',(1.,0.,0.));
#4161=DIRECTION('center_axis',(0.,0.,1.));
#4162=DIRECTION('ref_axis',(1.,0.,0.));
#4163=DIRECTION('center_axis',(0.,1.,0.));
#4164=DIRECTION('ref_axis',(-1.,0.,0.));
#4165=DIRECTION('center_axis',(0.,0.,-1.));
#4166=DIRECTION('ref_axis',(1.,0.,0.));
#4167=DIRECTION('center_axis',(0.,0.,1.));
#4168=DIRECTION('ref_axis',(-1.,0.,0.));
#4169=DIRECTION('center_axis',(0.,0.,-1.));
#4170=DIRECTION('ref_axis',(0.,-1.,0.));
#4171=DIRECTION('center_axis',(0.,0.,1.));
#4172=DIRECTION('ref_axis',(-1.,0.,0.));
#4173=DIRECTION('',(0.,1.,0.));
#4174=DIRECTION('center_axis',(0.,0.,1.));
#4175=DIRECTION('ref_axis',(1.,0.,0.));
#4176=DIRECTION('center_axis',(0.,0.,1.));
#4177=DIRECTION('ref_axis',(1.,0.,0.));
#4178=DIRECTION('center_axis',(0.,0.,1.));
#4179=DIRECTION('ref_axis',(1.,0.,0.));
#4180=DIRECTION('center_axis',(0.,1.,0.));
#4181=DIRECTION('ref_axis',(-1.,0.,0.));
#4182=DIRECTION('center_axis',(0.,0.,-1.));
#4183=DIRECTION('ref_axis',(1.,0.,0.));
#4184=DIRECTION('center_axis',(0.,0.,1.));
#4185=DIRECTION('ref_axis',(-1.,0.,0.));
#4186=DIRECTION('',(-1.,1.38777878078145E-16,0.));
#4187=DIRECTION('center_axis',(0.,0.,-1.));
#4188=DIRECTION('ref_axis',(-1.,0.,0.));
#4189=DIRECTION('center_axis',(0.,0.,1.));
#4190=DIRECTION('ref_axis',(-1.,0.,0.));
#4191=DIRECTION('center_axis',(0.,0.,1.));
#4192=DIRECTION('ref_axis',(-1.,0.,0.));
#4193=DIRECTION('center_axis',(0.,0.,1.));
#4194=DIRECTION('ref_axis',(1.,0.,0.));
#4195=DIRECTION('center_axis',(0.,0.,1.));
#4196=DIRECTION('ref_axis',(1.,0.,0.));
#4197=DIRECTION('center_axis',(0.,1.,0.));
#4198=DIRECTION('ref_axis',(-1.,0.,0.));
#4199=DIRECTION('center_axis',(0.,0.,-1.));
#4200=DIRECTION('ref_axis',(1.,0.,0.));
#4201=DIRECTION('center_axis',(0.,0.,1.));
#4202=DIRECTION('ref_axis',(-1.,0.,0.));
#4203=DIRECTION('center_axis',(0.,0.,-1.));
#4204=DIRECTION('ref_axis',(1.,0.,0.));
#4205=DIRECTION('center_axis',(0.,0.,1.));
#4206=DIRECTION('ref_axis',(-1.,0.,0.));
#4207=DIRECTION('center_axis',(0.,0.,1.));
#4208=DIRECTION('ref_axis',(-1.,0.,0.));
#4209=DIRECTION('center_axis',(0.,0.,1.));
#4210=DIRECTION('ref_axis',(1.,0.,0.));
#4211=DIRECTION('center_axis',(0.,1.,0.));
#4212=DIRECTION('ref_axis',(-1.,0.,0.));
#4213=DIRECTION('center_axis',(0.,0.,-1.));
#4214=DIRECTION('ref_axis',(1.,0.,0.));
#4215=DIRECTION('center_axis',(0.,0.,1.));
#4216=DIRECTION('ref_axis',(1.,0.,0.));
#4217=DIRECTION('center_axis',(0.,0.,1.));
#4218=DIRECTION('ref_axis',(-1.,0.,0.));
#4219=DIRECTION('center_axis',(0.,0.,1.));
#4220=DIRECTION('ref_axis',(-1.,0.,0.));
#4221=DIRECTION('center_axis',(0.,0.,1.));
#4222=DIRECTION('ref_axis',(-1.,0.,0.));
#4223=DIRECTION('',(0.,1.,0.));
#4224=DIRECTION('center_axis',(0.,0.,-1.));
#4225=DIRECTION('ref_axis',(0.,1.,0.));
#4226=DIRECTION('center_axis',(1.,-6.93889390390723E-17,0.));
#4227=DIRECTION('ref_axis',(0.,-0.707106781186548,0.707106781186548));
#4228=DIRECTION('center_axis',(1.,0.,0.));
#4229=DIRECTION('ref_axis',(0.,0.,1.));
#4230=DIRECTION('',(1.,-6.93889390390723E-17,0.));
#4231=DIRECTION('center_axis',(-1.,2.22044604925031E-15,0.));
#4232=DIRECTION('ref_axis',(-2.22044604925031E-15,-1.,0.));
#4233=DIRECTION('',(-1.,6.93889390390723E-17,0.));
#4234=DIRECTION('center_axis',(0.,0.,1.));
#4235=DIRECTION('ref_axis',(1.,0.,0.));
#4236=DIRECTION('center_axis',(0.,-1.,0.));
#4237=DIRECTION('ref_axis',(1.,0.,0.));
#4238=DIRECTION('center_axis',(0.,0.,-1.));
#4239=DIRECTION('ref_axis',(0.707106781186547,-0.707106781186548,0.));
#4240=DIRECTION('center_axis',(0.,0.,1.));
#4241=DIRECTION('ref_axis',(0.707106781186547,-0.707106781186548,0.));
#4242=DIRECTION('center_axis',(0.,1.,0.));
#4243=DIRECTION('ref_axis',(0.707106781186548,0.,0.707106781186548));
#4244=DIRECTION('center_axis',(0.,-1.,0.));
#4245=DIRECTION('ref_axis',(1.,0.,0.));
#4246=DIRECTION('',(0.,-1.,0.));
#4247=DIRECTION('',(0.,1.,0.));
#4248=DIRECTION('center_axis',(0.,0.,1.));
#4249=DIRECTION('ref_axis',(1.,0.,0.));
#4250=DIRECTION('center_axis',(1.,0.,0.));
#4251=DIRECTION('ref_axis',(0.,1.,0.));
#4252=DIRECTION('center_axis',(0.,0.,-1.));
#4253=DIRECTION('ref_axis',(0.707106781186548,0.707106781186547,0.));
#4254=DIRECTION('center_axis',(0.,0.,1.));
#4255=DIRECTION('ref_axis',(0.707106781186548,0.707106781186547,0.));
#4256=DIRECTION('center_axis',(-1.,-6.93889390390723E-17,0.));
#4257=DIRECTION('ref_axis',(0.,0.707106781186548,0.707106781186548));
#4258=DIRECTION('center_axis',(1.,-2.22044604925031E-15,0.));
#4259=DIRECTION('ref_axis',(2.22044604925031E-15,1.,0.));
#4260=DIRECTION('',(1.,6.93889390390723E-17,0.));
#4261=DIRECTION('',(-1.,-6.93889390390723E-17,0.));
#4262=DIRECTION('center_axis',(0.,0.,1.));
#4263=DIRECTION('ref_axis',(1.,0.,0.));
#4264=DIRECTION('center_axis',(0.,1.,0.));
#4265=DIRECTION('ref_axis',(-1.,0.,0.));
#4266=DIRECTION('center_axis',(0.,0.,-1.));
#4267=DIRECTION('ref_axis',(-0.707106781186547,0.707106781186548,0.));
#4268=DIRECTION('center_axis',(0.,0.,1.));
#4269=DIRECTION('ref_axis',(-0.707106781186547,0.707106781186548,0.));
#4270=DIRECTION('center_axis',(0.,-1.,0.));
#4271=DIRECTION('ref_axis',(-0.707106781186548,0.,0.707106781186548));
#4272=DIRECTION('center_axis',(0.,1.,0.));
#4273=DIRECTION('ref_axis',(-1.,0.,0.));
#4274=DIRECTION('',(0.,1.,0.));
#4275=DIRECTION('',(0.,-1.,0.));
#4276=DIRECTION('center_axis',(0.,0.,1.));
#4277=DIRECTION('ref_axis',(1.,0.,0.));
#4278=DIRECTION('center_axis',(0.,0.,-1.));
#4279=DIRECTION('ref_axis',(-0.707106781186548,-0.707106781186547,0.));
#4280=DIRECTION('center_axis',(0.,0.,1.));
#4281=DIRECTION('ref_axis',(-0.707106781186548,-0.707106781186547,0.));
#4282=DIRECTION('center_axis',(0.,0.,1.));
#4283=DIRECTION('ref_axis',(1.,0.,0.));
#4284=DIRECTION('',(0.,0.,1.));
#4285=DIRECTION('center_axis',(0.,0.,1.));
#4286=DIRECTION('ref_axis',(1.,0.,0.));
#4287=DIRECTION('',(0.,0.,1.));
#4288=DIRECTION('center_axis',(1.,0.,0.));
#4289=DIRECTION('ref_axis',(0.,1.,0.));
#4290=DIRECTION('',(0.,0.,1.));
#4291=DIRECTION('',(0.,1.,0.));
#4292=DIRECTION('center_axis',(0.,0.,1.));
#4293=DIRECTION('ref_axis',(0.,-1.,0.));
#4294=DIRECTION('',(0.,0.,1.));
#4295=DIRECTION('center_axis',(0.,0.,1.));
#4296=DIRECTION('ref_axis',(0.,-1.,0.));
#4297=DIRECTION('center_axis',(-6.93889390390723E-17,-1.,0.));
#4298=DIRECTION('ref_axis',(1.,-6.93889390390723E-17,0.));
#4299=DIRECTION('',(0.,0.,1.));
#4300=DIRECTION('',(1.,-6.93889390390723E-17,0.));
#4301=DIRECTION('center_axis',(0.,0.,1.));
#4302=DIRECTION('ref_axis',(-1.,0.,0.));
#4303=DIRECTION('center_axis',(0.,0.,-1.));
#4304=DIRECTION('ref_axis',(-1.,0.,0.));
#4305=DIRECTION('center_axis',(0.,0.,-1.));
#4306=DIRECTION('ref_axis',(-1.,0.,0.));
#4307=DIRECTION('center_axis',(0.,0.,-1.));
#4308=DIRECTION('ref_axis',(-1.,0.,0.));
#4309=DIRECTION('center_axis',(0.,0.,-1.));
#4310=DIRECTION('ref_axis',(-1.,0.,0.));
#4311=DIRECTION('center_axis',(0.,0.,-1.));
#4312=DIRECTION('ref_axis',(-1.,0.,0.));
#4313=DIRECTION('center_axis',(0.,0.,1.));
#4314=DIRECTION('ref_axis',(-1.,0.,0.));
#4315=DIRECTION('center_axis',(7.12236172397279E-17,-1.,0.));
#4316=DIRECTION('ref_axis',(1.,7.12236172397285E-17,0.));
#4317=DIRECTION('center_axis',(0.,0.,-1.));
#4318=DIRECTION('ref_axis',(-1.,0.,0.));
#4319=DIRECTION('center_axis',(1.,1.56430351175758E-15,0.));
#4320=DIRECTION('ref_axis',(-1.56430351175758E-15,1.,0.));
#4321=DIRECTION('center_axis',(1.,6.93889390390723E-17,0.));
#4322=DIRECTION('ref_axis',(-6.93889390390723E-17,1.,0.));
#4323=DIRECTION('',(-1.,-6.93889390390723E-17,0.));
#4324=DIRECTION('',(1.,6.93889390390723E-17,0.));
#4325=DIRECTION('center_axis',(1.,1.56430351175758E-15,0.));
#4326=DIRECTION('ref_axis',(-1.56430351175758E-15,1.,0.));
#4327=DIRECTION('center_axis',(0.,0.,-1.));
#4328=DIRECTION('ref_axis',(-1.,0.,0.));
#4329=DIRECTION('center_axis',(0.,0.,1.));
#4330=DIRECTION('ref_axis',(-1.,0.,0.));
#4331=DIRECTION('center_axis',(0.,0.,-1.));
#4332=DIRECTION('ref_axis',(-1.,0.,0.));
#4333=DIRECTION('center_axis',(-1.70803542250024E-16,1.,0.));
#4334=DIRECTION('ref_axis',(-1.,-1.70803542250025E-16,0.));
#4335=DIRECTION('center_axis',(-1.70803542250024E-16,1.,0.));
#4336=DIRECTION('ref_axis',(-1.,-1.70803542250024E-16,0.));
#4337=DIRECTION('',(1.70803542250024E-16,-1.,0.));
#4338=DIRECTION('',(-1.70803542250024E-16,1.,0.));
#4339=DIRECTION('center_axis',(2.83563077705683E-17,1.,0.));
#4340=DIRECTION('ref_axis',(-1.,2.83563077705678E-17,0.));
#4341=DIRECTION('center_axis',(0.,0.,-1.));
#4342=DIRECTION('ref_axis',(-1.,0.,0.));
#4343=DIRECTION('center_axis',(0.,0.,1.));
#4344=DIRECTION('ref_axis',(-1.,0.,0.));
#4345=DIRECTION('center_axis',(0.,0.,-1.));
#4346=DIRECTION('ref_axis',(-1.,0.,0.));
#4347=DIRECTION('center_axis',(-1.,-1.46472358674728E-15,0.));
#4348=DIRECTION('ref_axis',(1.46472358674728E-15,-1.,0.));
#4349=DIRECTION('center_axis',(-1.,6.93889390390723E-17,0.));
#4350=DIRECTION('ref_axis',(-6.93889390390723E-17,-1.,0.));
#4351=DIRECTION('',(1.,-6.93889390390723E-17,0.));
#4352=DIRECTION('',(-1.,6.93889390390723E-17,0.));
#4353=DIRECTION('center_axis',(-1.,-1.46472358674728E-15,0.));
#4354=DIRECTION('ref_axis',(1.46472358674728E-15,-1.,0.));
#4355=DIRECTION('center_axis',(0.,0.,-1.));
#4356=DIRECTION('ref_axis',(-1.,0.,0.));
#4357=DIRECTION('center_axis',(0.,0.,1.));
#4358=DIRECTION('ref_axis',(-1.,0.,0.));
#4359=DIRECTION('center_axis',(0.,0.,-1.));
#4360=DIRECTION('ref_axis',(-1.,0.,0.));
#4361=DIRECTION('center_axis',(7.12236172397279E-17,-1.,0.));
#4362=DIRECTION('ref_axis',(1.,7.12236172397285E-17,0.));
#4363=DIRECTION('center_axis',(1.70803542250024E-16,-1.,0.));
#4364=DIRECTION('ref_axis',(1.,1.70803542250024E-16,0.));
#4365=DIRECTION('',(-1.70803542250024E-16,1.,0.));
#4366=DIRECTION('',(1.70803542250024E-16,-1.,0.));
#4367=DIRECTION('center_axis',(0.,0.,1.));
#4368=DIRECTION('ref_axis',(-1.,0.,0.));
#4369=DIRECTION('center_axis',(0.,0.,1.));
#4370=DIRECTION('ref_axis',(-1.,0.,0.));
#4371=DIRECTION('',(1.,-1.38777878078145E-16,0.));
#4372=DIRECTION('center_axis',(0.,0.,1.));
#4373=DIRECTION('ref_axis',(0.,1.,0.));
#4374=DIRECTION('',(0.,-1.,0.));
#4375=DIRECTION('center_axis',(0.,0.,1.));
#4376=DIRECTION('ref_axis',(1.,0.,0.));
#4377=DIRECTION('center_axis',(0.,0.,1.));
#4378=DIRECTION('ref_axis',(0.,-1.,0.));
#4379=DIRECTION('center_axis',(0.,0.,-1.));
#4380=DIRECTION('ref_axis',(-1.,0.,0.));
#4381=DIRECTION('center_axis',(0.,0.,-1.));
#4382=DIRECTION('ref_axis',(-1.,0.,0.));
#4383=DIRECTION('',(0.,0.,-1.));
#4384=DIRECTION('center_axis',(0.,0.,1.));
#4385=DIRECTION('ref_axis',(-1.,0.,0.));
#4386=DIRECTION('center_axis',(0.,0.,-1.));
#4387=DIRECTION('ref_axis',(-1.,0.,0.));
#4388=DIRECTION('center_axis',(0.,0.,-1.));
#4389=DIRECTION('ref_axis',(-1.,0.,0.));
#4390=DIRECTION('',(0.,0.,-1.));
#4391=DIRECTION('center_axis',(0.,0.,-1.));
#4392=DIRECTION('ref_axis',(-1.,0.,0.));
#4393=DIRECTION('center_axis',(0.,0.,-1.));
#4394=DIRECTION('ref_axis',(-1.,0.,0.));
#4395=DIRECTION('',(0.,0.,-1.));
#4396=DIRECTION('center_axis',(0.,0.,-1.));
#4397=DIRECTION('ref_axis',(-1.,0.,0.));
#4398=DIRECTION('center_axis',(0.,0.,-1.));
#4399=DIRECTION('ref_axis',(-1.,0.,0.));
#4400=DIRECTION('',(0.,0.,-1.));
#4401=DIRECTION('center_axis',(0.,0.,1.));
#4402=DIRECTION('ref_axis',(-1.,0.,0.));
#4403=DIRECTION('center_axis',(0.,0.,1.));
#4404=DIRECTION('ref_axis',(-1.,0.,0.));
#4405=DIRECTION('',(0.,0.,1.));
#4406=DIRECTION('center_axis',(0.,0.,1.));
#4407=DIRECTION('ref_axis',(-1.,0.,0.));
#4408=DIRECTION('center_axis',(0.,0.,1.));
#4409=DIRECTION('ref_axis',(-1.,0.,0.));
#4410=DIRECTION('center_axis',(0.,0.,1.));
#4411=DIRECTION('ref_axis',(-1.,0.,0.));
#4412=DIRECTION('',(0.,0.,1.));
#4413=DIRECTION('center_axis',(0.,0.,1.));
#4414=DIRECTION('ref_axis',(-1.,0.,0.));
#4415=DIRECTION('center_axis',(0.,0.,1.));
#4416=DIRECTION('ref_axis',(-1.,0.,0.));
#4417=DIRECTION('center_axis',(0.,0.,1.));
#4418=DIRECTION('ref_axis',(-1.,0.,0.));
#4419=DIRECTION('',(0.,0.,1.));
#4420=DIRECTION('center_axis',(0.,0.,1.));
#4421=DIRECTION('ref_axis',(-1.,0.,0.));
#4422=DIRECTION('center_axis',(0.,0.,1.));
#4423=DIRECTION('ref_axis',(-1.,0.,0.));
#4424=DIRECTION('center_axis',(0.,0.,1.));
#4425=DIRECTION('ref_axis',(-1.,0.,0.));
#4426=DIRECTION('',(0.,0.,1.));
#4427=DIRECTION('center_axis',(0.,0.,1.));
#4428=DIRECTION('ref_axis',(-1.,0.,0.));
#4429=DIRECTION('center_axis',(0.,0.,-1.));
#4430=DIRECTION('ref_axis',(1.,0.,0.));
#4431=DIRECTION('center_axis',(0.,0.,-1.));
#4432=DIRECTION('ref_axis',(0.,-1.,0.));
#4433=DIRECTION('center_axis',(-1.38777878078145E-16,-1.,0.));
#4434=DIRECTION('ref_axis',(-1.,1.38777878078145E-16,0.));
#4435=DIRECTION('',(0.,0.,1.));
#4436=DIRECTION('center_axis',(0.,0.,-1.));
#4437=DIRECTION('ref_axis',(0.,1.,0.));
#4438=DIRECTION('',(0.,0.,1.));
#4439=DIRECTION('center_axis',(-1.,0.,0.));
#4440=DIRECTION('ref_axis',(0.,1.,0.));
#4441=DIRECTION('center_axis',(0.,0.,-1.));
#4442=DIRECTION('ref_axis',(-1.,0.,0.));
#4443=DIRECTION('center_axis',(0.,0.,1.));
#4444=DIRECTION('ref_axis',(-1.,0.,0.));
#4445=DIRECTION('center_axis',(0.,0.,1.));
#4446=DIRECTION('ref_axis',(-1.,0.,0.));
#4447=DIRECTION('',(0.,0.,1.));
#4448=DIRECTION('center_axis',(0.,0.,1.));
#4449=DIRECTION('ref_axis',(-1.,0.,0.));
#4450=DIRECTION('center_axis',(-1.,0.,0.));
#4451=DIRECTION('ref_axis',(0.,-1.,0.));
#4452=DIRECTION('',(0.,0.,1.));
#4453=DIRECTION('',(0.,-1.,0.));
#4454=DIRECTION('center_axis',(0.,0.,1.));
#4455=DIRECTION('ref_axis',(0.,1.,0.));
#4456=DIRECTION('',(0.,0.,1.));
#4457=DIRECTION('center_axis',(0.,0.,1.));
#4458=DIRECTION('ref_axis',(0.,1.,0.));
#4459=DIRECTION('center_axis',(-6.93889390390723E-17,1.,0.));
#4460=DIRECTION('ref_axis',(-1.,-6.93889390390723E-17,0.));
#4461=DIRECTION('',(-1.,-6.93889390390723E-17,0.));
#4462=DIRECTION('center_axis',(0.,0.,1.));
#4463=DIRECTION('ref_axis',(-1.,0.,0.));
#4464=DIRECTION('center_axis',(0.,0.,-1.));
#4465=DIRECTION('ref_axis',(0.707106781186546,0.707106781186549,0.));
#4466=DIRECTION('',(0.,0.,1.));
#4467=DIRECTION('center_axis',(0.707106781186548,0.,-0.707106781186547));
#4468=DIRECTION('ref_axis',(0.707106781186547,0.,0.707106781186548));
#4469=DIRECTION('center_axis',(0.,-0.173648177666933,-0.984807753012208));
#4470=DIRECTION('ref_axis',(4.78343355972789E-16,0.984807753012208,-0.173648177666933));
#4471=DIRECTION('',(0.,0.,-1.));
#4472=DIRECTION('center_axis',(0.707106781186547,0.,0.707106781186548));
#4473=DIRECTION('ref_axis',(-0.707106781186548,0.,0.707106781186547));
#4474=DIRECTION('center_axis',(-1.,0.,0.));
#4475=DIRECTION('ref_axis',(0.,0.766044443118977,0.64278760968654));
#4476=DIRECTION('',(1.,0.,0.));
#4477=DIRECTION('',(-1.,0.,0.));
#4478=DIRECTION('center_axis',(0.707106781186548,0.,0.707106781186547));
#4479=DIRECTION('ref_axis',(0.707106781186547,0.,-0.707106781186548));
#4480=DIRECTION('center_axis',(-1.,0.,0.));
#4481=DIRECTION('ref_axis',(0.,0.642787609686537,-0.76604444311898));
#4482=DIRECTION('',(1.,0.,0.));
#4483=DIRECTION('center_axis',(-1.,0.,0.));
#4484=DIRECTION('ref_axis',(0.,0.642787609686537,-0.76604444311898));
#4485=DIRECTION('',(-1.,0.,0.));
#4486=DIRECTION('center_axis',(1.,0.,0.));
#4487=DIRECTION('ref_axis',(0.,0.642787609686537,-0.76604444311898));
#4488=DIRECTION('center_axis',(0.707106781186547,0.,-0.707106781186548));
#4489=DIRECTION('ref_axis',(0.707106781186548,0.,0.707106781186547));
#4490=DIRECTION('center_axis',(0.,0.,1.));
#4491=DIRECTION('ref_axis',(-0.707106781186546,0.707106781186549,0.));
#4492=DIRECTION('',(0.,0.,-1.));
#4493=DIRECTION('',(0.,0.,1.));
#4494=DIRECTION('center_axis',(0.,-0.173648177666933,-0.984807753012208));
#4495=DIRECTION('ref_axis',(-4.78343355972789E-16,0.984807753012208,-0.173648177666933));
#4496=DIRECTION('center_axis',(-1.,0.,0.));
#4497=DIRECTION('ref_axis',(0.,-1.,0.));
#4498=DIRECTION('',(0.,0.984807753012208,-0.173648177666932));
#4499=DIRECTION('',(0.,0.,-1.));
#4500=DIRECTION('',(0.,-0.984807753012208,0.173648177666933));
#4501=DIRECTION('center_axis',(-1.,0.,0.));
#4502=DIRECTION('ref_axis',(0.,-1.,0.));
#4503=DIRECTION('center_axis',(0.,0.173648177666932,0.984807753012208));
#4504=DIRECTION('ref_axis',(0.,0.984807753012208,-0.173648177666932));
#4505=DIRECTION('',(0.,0.984807753012208,-0.173648177666932));
#4506=DIRECTION('',(1.,0.,0.));
#4507=DIRECTION('',(-1.,0.,0.));
#4508=DIRECTION('center_axis',(0.,-1.,0.));
#4509=DIRECTION('ref_axis',(0.,0.,1.));
#4510=DIRECTION('center_axis',(1.,0.,0.));
#4511=DIRECTION('ref_axis',(0.,0.766044443118977,0.64278760968654));
#4512=DIRECTION('',(-1.,0.,0.));
#4513=DIRECTION('center_axis',(0.707106781186548,0.,0.707106781186547));
#4514=DIRECTION('ref_axis',(-0.707106781186547,0.,0.707106781186548));
#4515=DIRECTION('',(1.,0.,0.));
#4516=DIRECTION('center_axis',(-0.707106781186548,0.,0.707106781186547));
#4517=DIRECTION('ref_axis',(-0.707106781186547,0.,-0.707106781186548));
#4518=DIRECTION('center_axis',(0.,0.,-1.));
#4519=DIRECTION('ref_axis',(-0.707106781186546,0.707106781186549,0.));
#4520=DIRECTION('',(0.,0.,1.));
#4521=DIRECTION('center_axis',(0.,-0.173648177666933,-0.984807753012208));
#4522=DIRECTION('ref_axis',(-4.78343355972789E-16,0.984807753012208,-0.173648177666933));
#4523=DIRECTION('',(0.,0.,-1.));
#4524=DIRECTION('center_axis',(-0.707106781186547,0.,0.707106781186548));
#4525=DIRECTION('ref_axis',(0.707106781186548,0.,0.707106781186547));
#4526=DIRECTION('center_axis',(1.,0.,0.));
#4527=DIRECTION('ref_axis',(0.,0.642787609686537,-0.76604444311898));
#4528=DIRECTION('',(-1.,0.,0.));
#4529=DIRECTION('center_axis',(1.,0.,0.));
#4530=DIRECTION('ref_axis',(0.,0.642787609686537,-0.76604444311898));
#4531=DIRECTION('',(1.,0.,0.));
#4532=DIRECTION('center_axis',(-0.707106781186547,0.,-0.707106781186548));
#4533=DIRECTION('ref_axis',(-0.707106781186548,0.,0.707106781186547));
#4534=DIRECTION('center_axis',(-1.,0.,0.));
#4535=DIRECTION('ref_axis',(0.,0.642787609686537,-0.76604444311898));
#4536=DIRECTION('center_axis',(0.,0.,-1.));
#4537=DIRECTION('ref_axis',(0.707106781186546,0.707106781186549,0.));
#4538=DIRECTION('',(0.,0.,1.));
#4539=DIRECTION('center_axis',(0.,-0.173648177666933,-0.984807753012208));
#4540=DIRECTION('ref_axis',(4.78343355972789E-16,0.984807753012208,-0.173648177666933));
#4541=DIRECTION('',(0.,0.,-1.));
#4542=DIRECTION('center_axis',(-1.,0.,0.));
#4543=DIRECTION('ref_axis',(0.,-1.,0.));
#4544=DIRECTION('',(0.,0.984807753012208,-0.173648177666932));
#4545=DIRECTION('',(0.,0.,-1.));
#4546=DIRECTION('',(0.,0.984807753012208,-0.173648177666933));
#4547=DIRECTION('center_axis',(1.,0.,0.));
#4548=DIRECTION('ref_axis',(0.,-1.,0.));
#4549=DIRECTION('center_axis',(0.,0.173648177666932,0.984807753012208));
#4550=DIRECTION('ref_axis',(0.,-0.984807753012208,0.173648177666932));
#4551=DIRECTION('',(0.,-0.984807753012208,0.173648177666932));
#4552=DIRECTION('',(1.,0.,0.));
#4553=DIRECTION('',(1.,0.,0.));
#4554=DIRECTION('center_axis',(0.,-1.,0.));
#4555=DIRECTION('ref_axis',(0.,0.,-1.));
#4556=DIRECTION('center_axis',(-1.,0.,0.));
#4557=DIRECTION('ref_axis',(0.,-0.76604444311898,0.642787609686537));
#4558=DIRECTION('',(1.,0.,0.));
#4559=DIRECTION('center_axis',(-0.707106781186547,0.,0.707106781186548));
#4560=DIRECTION('ref_axis',(0.707106781186548,0.,0.707106781186547));
#4561=DIRECTION('',(-1.,0.,0.));
#4562=DIRECTION('center_axis',(0.707106781186547,0.,0.707106781186548));
#4563=DIRECTION('ref_axis',(0.707106781186548,0.,-0.707106781186547));
#4564=DIRECTION('center_axis',(0.,0.,-1.));
#4565=DIRECTION('ref_axis',(0.707106781186546,-0.707106781186549,0.));
#4566=DIRECTION('',(0.,0.,1.));
#4567=DIRECTION('center_axis',(0.,0.173648177666933,-0.984807753012208));
#4568=DIRECTION('ref_axis',(4.78343355972789E-16,-0.984807753012208,-0.173648177666933));
#4569=DIRECTION('',(0.,0.,-1.));
#4570=DIRECTION('center_axis',(0.707106781186547,0.,0.707106781186548));
#4571=DIRECTION('ref_axis',(-0.707106781186548,0.,0.707106781186547));
#4572=DIRECTION('center_axis',(-1.,0.,0.));
#4573=DIRECTION('ref_axis',(0.,-0.642787609686537,-0.76604444311898));
#4574=DIRECTION('',(1.,0.,0.));
#4575=DIRECTION('center_axis',(-1.,0.,0.));
#4576=DIRECTION('ref_axis',(0.,-0.642787609686537,-0.76604444311898));
#4577=DIRECTION('',(-1.,0.,0.));
#4578=DIRECTION('center_axis',(0.707106781186547,0.,-0.707106781186548));
#4579=DIRECTION('ref_axis',(0.707106781186548,0.,0.707106781186547));
#4580=DIRECTION('center_axis',(1.,0.,0.));
#4581=DIRECTION('ref_axis',(0.,-0.642787609686537,-0.76604444311898));
#4582=DIRECTION('center_axis',(0.,0.,1.));
#4583=DIRECTION('ref_axis',(-0.707106781186546,-0.707106781186549,0.));
#4584=DIRECTION('',(0.,0.,-1.));
#4585=DIRECTION('',(0.,0.,1.));
#4586=DIRECTION('center_axis',(0.,0.173648177666933,-0.984807753012208));
#4587=DIRECTION('ref_axis',(-4.78343355972789E-16,-0.984807753012208,-0.173648177666933));
#4588=DIRECTION('center_axis',(1.,0.,0.));
#4589=DIRECTION('ref_axis',(0.,1.,0.));
#4590=DIRECTION('',(0.,-0.984807753012208,-0.173648177666932));
#4591=DIRECTION('',(0.,0.,-1.));
#4592=DIRECTION('',(0.,-0.984807753012208,-0.173648177666933));
#4593=DIRECTION('center_axis',(-1.,0.,0.));
#4594=DIRECTION('ref_axis',(0.,1.,0.));
#4595=DIRECTION('center_axis',(0.,0.173648177666932,-0.984807753012208));
#4596=DIRECTION('ref_axis',(0.,-0.984807753012208,-0.173648177666932));
#4597=DIRECTION('',(0.,-0.984807753012208,-0.173648177666932));
#4598=DIRECTION('',(-1.,0.,0.));
#4599=DIRECTION('',(-1.,1.11022302462516E-16,1.95762273845176E-17));
#4600=DIRECTION('center_axis',(0.,-1.,0.));
#4601=DIRECTION('ref_axis',(0.,0.,1.));
#4602=DIRECTION('center_axis',(0.,0.,-1.));
#4603=DIRECTION('ref_axis',(-0.707106781186546,-0.707106781186549,0.));
#4604=DIRECTION('',(0.,0.,1.));
#4605=DIRECTION('center_axis',(-0.707106781186548,0.,-0.707106781186548));
#4606=DIRECTION('ref_axis',(-0.707106781186547,0.,0.707106781186547));
#4607=DIRECTION('center_axis',(0.,0.173648177666933,-0.984807753012208));
#4608=DIRECTION('ref_axis',(-4.78343355972789E-16,-0.984807753012208,-0.173648177666933));
#4609=DIRECTION('',(0.,0.,-1.));
#4610=DIRECTION('center_axis',(-0.707106781186547,0.,0.707106781186548));
#4611=DIRECTION('ref_axis',(0.707106781186548,0.,0.707106781186547));
#4612=DIRECTION('center_axis',(1.,0.,0.));
#4613=DIRECTION('ref_axis',(0.,-0.766044443118978,0.642787609686539));
#4614=DIRECTION('',(-1.,0.,0.));
#4615=DIRECTION('',(1.,0.,0.));
#4616=DIRECTION('center_axis',(-0.707106781186548,0.,0.707106781186548));
#4617=DIRECTION('ref_axis',(-0.707106781186547,0.,-0.707106781186547));
#4618=DIRECTION('center_axis',(1.,0.,0.));
#4619=DIRECTION('ref_axis',(0.,-0.642787609686541,-0.766044443118976));
#4620=DIRECTION('',(-1.,0.,0.));
#4621=DIRECTION('center_axis',(1.,0.,0.));
#4622=DIRECTION('ref_axis',(0.,-0.642787609686541,-0.766044443118976));
#4623=DIRECTION('',(1.,0.,0.));
#4624=DIRECTION('center_axis',(-1.,0.,0.));
#4625=DIRECTION('ref_axis',(0.,-0.642787609686541,-0.766044443118976));
#4626=DIRECTION('center_axis',(-0.707106781186547,0.,-0.707106781186548));
#4627=DIRECTION('ref_axis',(-0.707106781186548,0.,0.707106781186547));
#4628=DIRECTION('center_axis',(0.,0.,-1.));
#4629=DIRECTION('ref_axis',(0.707106781186546,-0.707106781186549,0.));
#4630=DIRECTION('',(0.,0.,1.));
#4631=DIRECTION('center_axis',(0.,0.173648177666933,-0.984807753012208));
#4632=DIRECTION('ref_axis',(4.78343355972789E-16,-0.984807753012208,-0.173648177666933));
#4633=DIRECTION('',(0.,0.,-1.));
#4634=DIRECTION('center_axis',(1.,0.,0.));
#4635=DIRECTION('ref_axis',(0.,1.,0.));
#4636=DIRECTION('',(0.,0.984807753012208,0.173648177666932));
#4637=DIRECTION('',(0.,0.,1.));
#4638=DIRECTION('',(0.,-0.984807753012208,-0.173648177666933));
#4639=DIRECTION('center_axis',(-1.,0.,0.));
#4640=DIRECTION('ref_axis',(0.,1.,0.));
#4641=DIRECTION('center_axis',(0.,0.173648177666932,-0.984807753012208));
#4642=DIRECTION('ref_axis',(0.,0.984807753012208,0.173648177666932));
#4643=DIRECTION('',(0.,-0.984807753012208,-0.173648177666932));
#4644=DIRECTION('',(-1.,1.11022302462516E-16,1.95762273845176E-17));
#4645=DIRECTION('',(1.,0.,0.));
#4646=DIRECTION('center_axis',(0.,-1.,0.));
#4647=DIRECTION('ref_axis',(0.,0.,-1.));
#4648=DIRECTION('center_axis',(1.,0.,0.));
#4649=DIRECTION('ref_axis',(0.,-1.,0.));
#4650=DIRECTION('',(1.,0.,0.));
#4651=DIRECTION('center_axis',(1.,0.,0.));
#4652=DIRECTION('ref_axis',(0.,-1.,0.));
#4653=DIRECTION('center_axis',(0.,-0.173648177666933,-0.984807753012208));
#4654=DIRECTION('ref_axis',(0.,-0.984807753012208,0.173648177666933));
#4655=DIRECTION('',(-1.,0.,0.));
#4656=DIRECTION('',(-1.,0.,0.));
#4657=DIRECTION('',(0.,0.984807753012208,-0.173648177666933));
#4658=DIRECTION('center_axis',(0.,1.,0.));
#4659=DIRECTION('ref_axis',(0.,0.,-1.));
#4660=DIRECTION('',(0.,0.,-1.));
#4661=DIRECTION('center_axis',(-1.,0.,0.));
#4662=DIRECTION('ref_axis',(0.,-1.,0.));
#4663=DIRECTION('',(0.,0.,1.));
#4664=DIRECTION('center_axis',(-1.,0.,0.));
#4665=DIRECTION('ref_axis',(0.,-1.,0.));
#4666=DIRECTION('center_axis',(1.,0.,0.));
#4667=DIRECTION('ref_axis',(0.,-1.,0.));
#4668=DIRECTION('',(-1.,0.,0.));
#4669=DIRECTION('center_axis',(0.,-0.173648177666933,-0.984807753012208));
#4670=DIRECTION('ref_axis',(0.,0.984807753012208,-0.173648177666933));
#4671=DIRECTION('',(-1.,0.,0.));
#4672=DIRECTION('',(1.,0.,0.));
#4673=DIRECTION('',(0.,0.984807753012208,-0.173648177666933));
#4674=DIRECTION('center_axis',(0.,1.,0.));
#4675=DIRECTION('ref_axis',(0.,0.,1.));
#4676=DIRECTION('',(0.,0.,1.));
#4677=DIRECTION('',(0.,0.,1.));
#4678=DIRECTION('center_axis',(-1.,0.,0.));
#4679=DIRECTION('ref_axis',(0.,-1.,0.));
#4680=DIRECTION('center_axis',(0.,1.,0.));
#4681=DIRECTION('ref_axis',(0.,0.,-1.));
#4682=DIRECTION('',(0.,0.,1.));
#4683=DIRECTION('',(0.,0.,-1.));
#4684=DIRECTION('',(-1.,0.,0.));
#4685=DIRECTION('center_axis',(-1.,0.,0.));
#4686=DIRECTION('ref_axis',(0.,1.,0.));
#4687=DIRECTION('center_axis',(1.,0.,0.));
#4688=DIRECTION('ref_axis',(0.,1.,0.));
#4689=DIRECTION('',(1.,0.,0.));
#4690=DIRECTION('center_axis',(0.,-0.173648177666933,0.984807753012208));
#4691=DIRECTION('ref_axis',(0.,0.984807753012208,0.173648177666933));
#4692=DIRECTION('',(1.,-1.11022302462516E-16,-1.95762273845176E-17));
#4693=DIRECTION('',(0.,0.984807753012208,0.173648177666933));
#4694=DIRECTION('center_axis',(1.,0.,0.));
#4695=DIRECTION('ref_axis',(0.,1.,0.));
#4696=DIRECTION('center_axis',(-1.11022302462516E-16,-1.,0.));
#4697=DIRECTION('ref_axis',(1.,-1.11022302462516E-16,0.));
#4698=DIRECTION('',(0.,0.,1.));
#4699=DIRECTION('',(-1.,1.11022302462516E-16,0.));
#4700=DIRECTION('',(0.,0.,-1.));
#4701=DIRECTION('',(0.,0.,1.));
#4702=DIRECTION('',(1.,-1.11022302462516E-16,-1.95762273845176E-17));
#4703=DIRECTION('',(0.,0.,-1.));
#4704=DIRECTION('',(1.,-1.11022302462516E-16,0.));
#4705=DIRECTION('',(0.,0.,1.));
#4706=DIRECTION('center_axis',(0.,1.,0.));
#4707=DIRECTION('ref_axis',(0.,0.,1.));
#4708=DIRECTION('',(0.,0.,-1.));
#4709=DIRECTION('',(1.,0.,0.));
#4710=DIRECTION('center_axis',(1.,0.,0.));
#4711=DIRECTION('ref_axis',(0.,1.,0.));
#4712=DIRECTION('',(-1.,0.,0.));
#4713=DIRECTION('center_axis',(-1.,0.,0.));
#4714=DIRECTION('ref_axis',(0.,1.,0.));
#4715=DIRECTION('center_axis',(0.,-0.173648177666933,0.984807753012208));
#4716=DIRECTION('ref_axis',(0.,-0.984807753012208,-0.173648177666933));
#4717=DIRECTION('',(0.,-0.984807753012208,-0.173648177666933));
#4718=DIRECTION('center_axis',(1.,0.,0.));
#4719=DIRECTION('ref_axis',(0.,1.,0.));
#4720=DIRECTION('center_axis',(2.34669638614944E-16,0.,-1.));
#4721=DIRECTION('ref_axis',(-1.,0.,-2.44249065417534E-16));
#4722=DIRECTION('center_axis',(2.34669638614944E-16,0.,-1.));
#4723=DIRECTION('ref_axis',(1.,0.,2.34669638614944E-16));
#4724=DIRECTION('center_axis',(-1.22464679914735E-16,-1.,-2.87387421786858E-32));
#4725=DIRECTION('ref_axis',(1.,-1.22464679914735E-16,2.22044604925031E-16));
#4726=DIRECTION('center_axis',(-2.34669638614944E-16,0.,1.));
#4727=DIRECTION('ref_axis',(1.,0.,2.35922392732846E-16));
#4728=DIRECTION('center_axis',(2.34669638614944E-16,0.,-1.));
#4729=DIRECTION('ref_axis',(-1.,0.,-2.34669638614944E-16));
#4730=DIRECTION('center_axis',(2.34669638614944E-16,0.,-1.));
#4731=DIRECTION('ref_axis',(-1.,0.,-2.22044604925031E-16));
#4732=DIRECTION('center_axis',(0.,0.,-1.));
#4733=DIRECTION('ref_axis',(-1.,0.,-2.22044604925031E-16));
#4734=DIRECTION('',(2.34669638614944E-16,0.,-1.));
#4735=DIRECTION('center_axis',(0.000811828910621456,-0.999999670466856,
0.));
#4736=DIRECTION('ref_axis',(0.,0.,1.));
#4737=DIRECTION('center_axis',(0.,0.,1.));
#4738=DIRECTION('ref_axis',(1.,0.,0.));
#4739=DIRECTION('',(-1.,0.,0.));
#4740=DIRECTION('',(0.,1.,0.));
#4741=DIRECTION('',(1.,-1.11022302462516E-16,0.));
#4742=DIRECTION('',(0.,-1.,0.));
#4743=DIRECTION('center_axis',(2.34669638614944E-16,0.,-1.));
#4744=DIRECTION('ref_axis',(-1.,0.,-2.33146835171283E-16));
#4745=DIRECTION('center_axis',(2.34669638614944E-16,0.,-1.));
#4746=DIRECTION('ref_axis',(1.,0.,2.34669638614944E-16));
#4747=DIRECTION('center_axis',(-1.22464679914735E-16,-1.,-2.87387421786858E-32));
#4748=DIRECTION('ref_axis',(1.,-1.22464679914735E-16,2.35922392732846E-16));
#4749=DIRECTION('center_axis',(2.34669638614944E-16,0.,-1.));
#4750=DIRECTION('ref_axis',(-1.,0.,-2.34669638614944E-16));
#4751=DIRECTION('center_axis',(0.,0.,1.));
#4752=DIRECTION('ref_axis',(1.,0.,0.));
#4753=DIRECTION('center_axis',(0.,0.,1.));
#4754=DIRECTION('ref_axis',(1.,0.,0.));
#4755=DIRECTION('center_axis',(0.,1.,0.));
#4756=DIRECTION('ref_axis',(-1.,0.,0.));
#4757=DIRECTION('center_axis',(0.,0.,-1.));
#4758=DIRECTION('ref_axis',(1.,0.,0.));
#4759=DIRECTION('center_axis',(0.,0.,-1.));
#4760=DIRECTION('ref_axis',(1.,0.,0.));
#4761=DIRECTION('center_axis',(0.,0.,-1.));
#4762=DIRECTION('ref_axis',(1.,0.,0.));
#4763=DIRECTION('center_axis',(0.,0.,1.));
#4764=DIRECTION('ref_axis',(-1.,0.,0.));
#4765=DIRECTION('',(-1.,1.2335811384724E-16,0.));
#4766=DIRECTION('center_axis',(0.,0.,-1.));
#4767=DIRECTION('ref_axis',(0.707106781186548,-0.707106781186548,0.));
#4768=DIRECTION('',(0.,-1.,0.));
#4769=DIRECTION('center_axis',(0.,0.,1.));
#4770=DIRECTION('ref_axis',(-1.,0.,0.));
#4771=DIRECTION('',(0.,-1.,0.));
#4772=DIRECTION('center_axis',(0.,0.,1.));
#4773=DIRECTION('ref_axis',(-1.,0.,0.));
#4774=DIRECTION('',(-1.,1.2335811384724E-16,0.));
#4775=DIRECTION('center_axis',(0.,0.,1.));
#4776=DIRECTION('ref_axis',(1.,0.,0.));
#4777=DIRECTION('center_axis',(0.,0.,1.));
#4778=DIRECTION('ref_axis',(1.,0.,0.));
#4779=DIRECTION('center_axis',(0.,1.,0.));
#4780=DIRECTION('ref_axis',(-1.,0.,0.));
#4781=DIRECTION('center_axis',(0.,0.,-1.));
#4782=DIRECTION('ref_axis',(1.,0.,0.));
#4783=DIRECTION('center_axis',(0.,0.,-1.));
#4784=DIRECTION('ref_axis',(1.,0.,0.));
#4785=DIRECTION('center_axis',(0.,0.,1.));
#4786=DIRECTION('ref_axis',(-1.,0.,0.));
#4787=DIRECTION('',(-1.,1.2335811384724E-16,0.));
#4788=DIRECTION('center_axis',(0.,0.,1.));
#4789=DIRECTION('ref_axis',(-1.,0.,0.));
#4790=DIRECTION('',(0.,1.,0.));
#4791=DIRECTION('center_axis',(0.,0.,1.));
#4792=DIRECTION('ref_axis',(-1.,0.,0.));
#4793=DIRECTION('',(0.,1.,0.));
#4794=DIRECTION('center_axis',(0.,0.,-1.));
#4795=DIRECTION('ref_axis',(-0.707106781186548,-0.707106781186548,0.));
#4796=DIRECTION('',(-1.,1.2335811384724E-16,0.));
#4797=DIRECTION('center_axis',(0.,0.,1.));
#4798=DIRECTION('ref_axis',(1.,0.,0.));
#4799=DIRECTION('center_axis',(0.,0.,1.));
#4800=DIRECTION('ref_axis',(1.,0.,0.));
#4801=DIRECTION('center_axis',(0.,1.,0.));
#4802=DIRECTION('ref_axis',(-1.,0.,0.));
#4803=DIRECTION('center_axis',(0.,0.,-1.));
#4804=DIRECTION('ref_axis',(1.,0.,0.));
#4805=DIRECTION('center_axis',(0.,0.,-1.));
#4806=DIRECTION('ref_axis',(1.,0.,0.));
#4807=DIRECTION('center_axis',(0.,0.,-1.));
#4808=DIRECTION('ref_axis',(1.,0.,0.));
#4809=DIRECTION('center_axis',(0.,0.,1.));
#4810=DIRECTION('ref_axis',(-1.,0.,0.));
#4811=DIRECTION('',(0.,-1.,0.));
#4812=DIRECTION('center_axis',(0.,0.,-1.));
#4813=DIRECTION('ref_axis',(0.707106781186548,0.707106781186548,0.));
#4814=DIRECTION('',(1.,0.,0.));
#4815=DIRECTION('center_axis',(0.,0.,1.));
#4816=DIRECTION('ref_axis',(-1.,0.,0.));
#4817=DIRECTION('',(1.,0.,0.));
#4818=DIRECTION('center_axis',(0.,0.,1.));
#4819=DIRECTION('ref_axis',(-1.,0.,0.));
#4820=DIRECTION('',(0.,-1.,0.));
#4821=DIRECTION('center_axis',(0.,0.,1.));
#4822=DIRECTION('ref_axis',(1.,0.,0.));
#4823=DIRECTION('center_axis',(0.,0.,1.));
#4824=DIRECTION('ref_axis',(1.,0.,0.));
#4825=DIRECTION('center_axis',(0.,1.,0.));
#4826=DIRECTION('ref_axis',(-1.,0.,0.));
#4827=DIRECTION('center_axis',(0.,0.,-1.));
#4828=DIRECTION('ref_axis',(1.,0.,0.));
#4829=DIRECTION('center_axis',(0.,0.,-1.));
#4830=DIRECTION('ref_axis',(1.,0.,0.));
#4831=DIRECTION('center_axis',(0.,0.,1.));
#4832=DIRECTION('ref_axis',(-1.,0.,0.));
#4833=DIRECTION('',(1.,0.,0.));
#4834=DIRECTION('center_axis',(0.,0.,-1.));
#4835=DIRECTION('ref_axis',(-0.707106781186548,0.707106781186548,0.));
#4836=DIRECTION('',(0.,1.,0.));
#4837=DIRECTION('center_axis',(0.,0.,1.));
#4838=DIRECTION('ref_axis',(-1.,0.,0.));
#4839=DIRECTION('',(0.,1.,0.));
#4840=DIRECTION('center_axis',(0.,0.,1.));
#4841=DIRECTION('ref_axis',(-1.,0.,0.));
#4842=DIRECTION('',(1.,0.,0.));
#4843=DIRECTION('center_axis',(0.,0.,-1.));
#4844=DIRECTION('ref_axis',(-1.,0.,0.));
#4845=DIRECTION('center_axis',(0.,0.,-1.));
#4846=DIRECTION('ref_axis',(-1.,0.,0.));
#4847=DIRECTION('center_axis',(1.,1.56430351175758E-15,0.));
#4848=DIRECTION('ref_axis',(-1.56430351175758E-15,1.,0.));
#4849=DIRECTION('center_axis',(0.,0.,1.));
#4850=DIRECTION('ref_axis',(-1.,0.,0.));
#4851=DIRECTION('center_axis',(7.12236172397279E-17,-1.,0.));
#4852=DIRECTION('ref_axis',(1.,7.12236172397285E-17,0.));
#4853=DIRECTION('center_axis',(1.70803542250024E-16,-1.,0.));
#4854=DIRECTION('ref_axis',(6.12323399573677E-17,3.42387545668842E-32,-1.));
#4855=DIRECTION('',(1.70803542250024E-16,-1.,0.));
#4856=DIRECTION('',(-1.70803542250024E-16,1.,0.));
#4857=DIRECTION('center_axis',(7.12236172397279E-17,-1.,0.));
#4858=DIRECTION('ref_axis',(1.,7.12236172397285E-17,0.));
#4859=DIRECTION('center_axis',(0.,0.,-1.));
#4860=DIRECTION('ref_axis',(-1.,0.,0.));
#4861=DIRECTION('center_axis',(0.,0.,-1.));
#4862=DIRECTION('ref_axis',(-1.,0.,0.));
#4863=DIRECTION('center_axis',(0.,0.,1.));
#4864=DIRECTION('ref_axis',(-1.,0.,0.));
#4865=DIRECTION('center_axis',(-1.,-1.46472358674728E-15,0.));
#4866=DIRECTION('ref_axis',(1.46472358674728E-15,-1.,0.));
#4867=DIRECTION('center_axis',(-1.,6.93889390390723E-17,0.));
#4868=DIRECTION('ref_axis',(5.99178204920474E-32,8.26946079742758E-16,-1.));
#4869=DIRECTION('',(-1.,6.93889390390723E-17,0.));
#4870=DIRECTION('',(1.,-6.93889390390723E-17,0.));
#4871=DIRECTION('center_axis',(-1.,-1.46472358674728E-15,0.));
#4872=DIRECTION('ref_axis',(1.46472358674728E-15,-1.,0.));
#4873=DIRECTION('center_axis',(0.,0.,-1.));
#4874=DIRECTION('ref_axis',(-1.,0.,0.));
#4875=DIRECTION('center_axis',(0.,0.,-1.));
#4876=DIRECTION('ref_axis',(-1.,0.,0.));
#4877=DIRECTION('center_axis',(0.,0.,1.));
#4878=DIRECTION('ref_axis',(-1.,0.,0.));
#4879=DIRECTION('center_axis',(2.83563077705683E-17,1.,0.));
#4880=DIRECTION('ref_axis',(-1.,2.83563077705678E-17,0.));
#4881=DIRECTION('center_axis',(1.,6.93889390390723E-17,0.));
#4882=DIRECTION('ref_axis',(-7.70371977754896E-32,9.49410759657493E-16,
-1.));
#4883=DIRECTION('',(1.,6.93889390390723E-17,0.));
#4884=DIRECTION('center_axis',(1.,1.56430351175758E-15,0.));
#4885=DIRECTION('ref_axis',(-1.56430351175758E-15,1.,0.));
#4886=DIRECTION('',(-1.,-6.93889390390723E-17,0.));
#4887=DIRECTION('center_axis',(0.,0.,-1.));
#4888=DIRECTION('ref_axis',(-1.,0.,0.));
#4889=DIRECTION('center_axis',(0.,0.,-1.));
#4890=DIRECTION('ref_axis',(-1.,0.,0.));
#4891=DIRECTION('center_axis',(-1.70803542250024E-16,1.,0.));
#4892=DIRECTION('ref_axis',(-1.,-1.70803542250025E-16,0.));
#4893=DIRECTION('center_axis',(0.,0.,1.));
#4894=DIRECTION('ref_axis',(-1.,0.,0.));
#4895=DIRECTION('center_axis',(-1.70803542250024E-16,1.,0.));
#4896=DIRECTION('ref_axis',(2.60330291914301E-15,4.45103809369495E-31,-1.));
#4897=DIRECTION('',(-1.70803542250024E-16,1.,0.));
#4898=DIRECTION('',(1.70803542250024E-16,-1.,0.));
#4899=DIRECTION('center_axis',(0.,0.,1.));
#4900=DIRECTION('ref_axis',(1.,0.,0.));
#4901=DIRECTION('',(-1.,1.2335811384724E-16,0.));
#4902=DIRECTION('center_axis',(0.,0.,1.));
#4903=DIRECTION('ref_axis',(-0.707106781186548,-0.707106781186548,0.));
#4904=DIRECTION('',(0.,1.,0.));
#4905=DIRECTION('center_axis',(0.,0.,1.));
#4906=DIRECTION('ref_axis',(-0.707106781186548,0.707106781186548,0.));
#4907=DIRECTION('',(1.,0.,0.));
#4908=DIRECTION('center_axis',(0.,0.,1.));
#4909=DIRECTION('ref_axis',(0.707106781186548,0.707106781186548,0.));
#4910=DIRECTION('',(0.,-1.,0.));
#4911=DIRECTION('center_axis',(0.,0.,1.));
#4912=DIRECTION('ref_axis',(0.707106781186548,-0.707106781186548,0.));
#4913=DIRECTION('center_axis',(0.,0.,-1.));
#4914=DIRECTION('ref_axis',(-1.,0.,0.));
#4915=DIRECTION('center_axis',(0.,0.,-1.));
#4916=DIRECTION('ref_axis',(-1.,0.,0.));
#4917=DIRECTION('',(0.,0.,-1.));
#4918=DIRECTION('center_axis',(0.,0.,-1.));
#4919=DIRECTION('ref_axis',(-1.,0.,0.));
#4920=DIRECTION('center_axis',(0.,0.,1.));
#4921=DIRECTION('ref_axis',(-1.,0.,0.));
#4922=DIRECTION('center_axis',(0.,0.,-1.));
#4923=DIRECTION('ref_axis',(-1.,0.,0.));
#4924=DIRECTION('center_axis',(0.,0.,-1.));
#4925=DIRECTION('ref_axis',(-1.,0.,0.));
#4926=DIRECTION('',(0.,0.,-1.));
#4927=DIRECTION('center_axis',(0.,0.,-1.));
#4928=DIRECTION('ref_axis',(-1.,0.,0.));
#4929=DIRECTION('center_axis',(0.,0.,1.));
#4930=DIRECTION('ref_axis',(-1.,0.,0.));
#4931=DIRECTION('center_axis',(0.,0.,-1.));
#4932=DIRECTION('ref_axis',(-1.,0.,0.));
#4933=DIRECTION('center_axis',(0.,0.,-1.));
#4934=DIRECTION('ref_axis',(-1.,0.,0.));
#4935=DIRECTION('',(0.,0.,-1.));
#4936=DIRECTION('center_axis',(0.,0.,-1.));
#4937=DIRECTION('ref_axis',(-1.,0.,0.));
#4938=DIRECTION('center_axis',(0.,0.,1.));
#4939=DIRECTION('ref_axis',(-1.,0.,0.));
#4940=DIRECTION('center_axis',(0.,0.,-1.));
#4941=DIRECTION('ref_axis',(-1.,0.,0.));
#4942=DIRECTION('center_axis',(0.,0.,-1.));
#4943=DIRECTION('ref_axis',(-1.,0.,0.));
#4944=DIRECTION('',(0.,0.,-1.));
#4945=DIRECTION('center_axis',(0.,0.,-1.));
#4946=DIRECTION('ref_axis',(-1.,0.,0.));
#4947=DIRECTION('center_axis',(0.,0.,1.));
#4948=DIRECTION('ref_axis',(-1.,0.,0.));
#4949=DIRECTION('center_axis',(0.,0.,-1.));
#4950=DIRECTION('ref_axis',(-1.,0.,0.));
#4951=DIRECTION('',(0.,0.,1.));
#4952=DIRECTION('center_axis',(0.,0.,-1.));
#4953=DIRECTION('ref_axis',(-1.,0.,0.));
#4954=DIRECTION('',(0.,0.,-1.));
#4955=DIRECTION('center_axis',(0.,0.,1.));
#4956=DIRECTION('ref_axis',(-1.,0.,0.));
#4957=DIRECTION('',(-1.,0.,0.));
#4958=DIRECTION('center_axis',(0.,0.,1.));
#4959=DIRECTION('ref_axis',(0.707106781186548,0.707106781186548,0.));
#4960=DIRECTION('',(0.,1.,0.));
#4961=DIRECTION('center_axis',(0.,0.,1.));
#4962=DIRECTION('ref_axis',(-1.,0.,0.));
#4963=DIRECTION('center_axis',(-1.,0.,0.));
#4964=DIRECTION('ref_axis',(0.,-1.,0.));
#4965=DIRECTION('',(0.,0.,1.));
#4966=DIRECTION('',(0.,1.,0.));
#4967=DIRECTION('',(0.,0.,-1.));
#4968=DIRECTION('',(0.,1.,0.));
#4969=DIRECTION('',(0.,0.,1.));
#4970=DIRECTION('',(0.,0.,-1.));
#4971=DIRECTION('',(0.,0.,1.));
#4972=DIRECTION('center_axis',(0.,0.,1.));
#4973=DIRECTION('ref_axis',(0.707106781186548,0.707106781186548,0.));
#4974=DIRECTION('',(0.,0.,-1.));
#4975=DIRECTION('center_axis',(0.,0.,1.));
#4976=DIRECTION('ref_axis',(0.,1.,0.));
#4977=DIRECTION('center_axis',(0.,0.,1.));
#4978=DIRECTION('ref_axis',(0.707106781186548,0.707106781186548,0.));
#4979=DIRECTION('',(0.,0.,-1.));
#4980=DIRECTION('center_axis',(0.,0.,1.));
#4981=DIRECTION('ref_axis',(-1.,0.,0.));
#4982=DIRECTION('',(0.,-1.,0.));
#4983=DIRECTION('center_axis',(0.,0.,1.));
#4984=DIRECTION('ref_axis',(-0.707106781186548,0.707106781186548,0.));
#4985=DIRECTION('',(-1.,0.,0.));
#4986=DIRECTION('center_axis',(0.,0.,-1.));
#4987=DIRECTION('ref_axis',(-1.,0.,0.));
#4988=DIRECTION('center_axis',(0.,0.,-1.));
#4989=DIRECTION('ref_axis',(0.707106781186547,-0.707106781186548,0.));
#4990=DIRECTION('',(0.,0.,1.));
#4991=DIRECTION('',(0.,0.,-1.));
#4992=DIRECTION('center_axis',(0.,0.,1.));
#4993=DIRECTION('ref_axis',(-1.,0.,0.));
#4994=DIRECTION('center_axis',(1.,0.,0.));
#4995=DIRECTION('ref_axis',(0.,1.,0.));
#4996=DIRECTION('',(0.,0.,-1.));
#4997=DIRECTION('',(0.,0.,1.));
#4998=DIRECTION('',(0.,0.,-1.));
#4999=DIRECTION('',(0.,-1.,0.));
#5000=DIRECTION('',(0.,0.,1.));
#5001=DIRECTION('',(0.,-1.,0.));
#5002=DIRECTION('',(0.,0.,-1.));
#5003=DIRECTION('center_axis',(0.,0.,1.));
#5004=DIRECTION('ref_axis',(-0.707106781186548,0.707106781186548,0.));
#5005=DIRECTION('',(0.,0.,1.));
#5006=DIRECTION('center_axis',(0.,0.,-1.));
#5007=DIRECTION('ref_axis',(-1.,0.,0.));
#5008=DIRECTION('center_axis',(0.,0.,-1.));
#5009=DIRECTION('ref_axis',(-1.,0.,0.));
#5010=DIRECTION('',(0.,0.,-1.));
#5011=DIRECTION('center_axis',(0.,0.,1.));
#5012=DIRECTION('ref_axis',(-1.,0.,0.));
#5013=DIRECTION('center_axis',(0.,0.,1.));
#5014=DIRECTION('ref_axis',(0.707106781186548,-0.707106781186548,0.));
#5015=DIRECTION('',(1.,-1.2335811384724E-16,0.));
#5016=DIRECTION('center_axis',(0.,0.,1.));
#5017=DIRECTION('ref_axis',(-1.,0.,0.));
#5018=DIRECTION('center_axis',(1.2335811384724E-16,1.,0.));
#5019=DIRECTION('ref_axis',(-1.,1.2335811384724E-16,0.));
#5020=DIRECTION('',(0.,0.,1.));
#5021=DIRECTION('',(1.,-1.2335811384724E-16,0.));
#5022=DIRECTION('',(0.,0.,-1.));
#5023=DIRECTION('',(1.,-1.2335811384724E-16,0.));
#5024=DIRECTION('',(0.,0.,1.));
#5025=DIRECTION('',(0.,0.,-1.));
#5026=DIRECTION('',(0.,0.,1.));
#5027=DIRECTION('center_axis',(0.,0.,1.));
#5028=DIRECTION('ref_axis',(0.707106781186548,-0.707106781186548,0.));
#5029=DIRECTION('center_axis',(0.,0.,1.));
#5030=DIRECTION('ref_axis',(1.,0.,0.));
#5031=DIRECTION('center_axis',(0.,0.,1.));
#5032=DIRECTION('ref_axis',(0.707106781186548,-0.707106781186548,0.));
#5033=DIRECTION('center_axis',(0.,0.,-1.));
#5034=DIRECTION('ref_axis',(0.707106781186548,0.707106781186547,0.));
#5035=DIRECTION('center_axis',(0.,0.,-1.));
#5036=DIRECTION('ref_axis',(-1.,0.,0.));
#5037=DIRECTION('center_axis',(0.,0.,1.));
#5038=DIRECTION('ref_axis',(-1.,0.,0.));
#5039=DIRECTION('center_axis',(0.,0.,1.));
#5040=DIRECTION('ref_axis',(-0.707106781186548,-0.707106781186548,0.));
#5041=DIRECTION('center_axis',(0.,0.,1.));
#5042=DIRECTION('ref_axis',(-1.,0.,0.));
#5043=DIRECTION('center_axis',(0.,0.,1.));
#5044=DIRECTION('ref_axis',(-0.707106781186548,-0.707106781186548,0.));
#5045=DIRECTION('center_axis',(0.,0.,1.));
#5046=DIRECTION('ref_axis',(0.,-1.,0.));
#5047=DIRECTION('center_axis',(0.,0.,1.));
#5048=DIRECTION('ref_axis',(-0.707106781186548,-0.707106781186548,0.));
#5049=DIRECTION('center_axis',(0.408248290463863,-0.816496580927726,0.408248290463863));
#5050=DIRECTION('ref_axis',(-0.577350269189626,-0.577350269189626,-0.577350269189626));
#5051=DIRECTION('center_axis',(0.,0.,-1.));
#5052=DIRECTION('ref_axis',(-1.,0.,0.));
#5053=DIRECTION('center_axis',(0.,-1.,0.));
#5054=DIRECTION('ref_axis',(0.,0.,-1.));
#5055=DIRECTION('center_axis',(-1.,0.,0.));
#5056=DIRECTION('ref_axis',(0.,-1.,0.));
#5057=DIRECTION('center_axis',(-0.408248290463863,-0.816496580927726,-0.408248290463863));
#5058=DIRECTION('ref_axis',(-0.577350269189626,0.577350269189626,-0.577350269189626));
#5059=DIRECTION('center_axis',(0.,0.,-1.));
#5060=DIRECTION('ref_axis',(0.,1.,0.));
#5061=DIRECTION('center_axis',(-1.,0.,0.));
#5062=DIRECTION('ref_axis',(0.,0.,-1.));
#5063=DIRECTION('center_axis',(0.,1.,0.));
#5064=DIRECTION('ref_axis',(-1.,0.,0.));
#5065=DIRECTION('center_axis',(-0.816496580927726,-0.408248290463863,-0.408248290463863));
#5066=DIRECTION('ref_axis',(0.577350269189625,-0.577350269189626,-0.577350269189626));
#5067=DIRECTION('center_axis',(0.,0.,-1.));
#5068=DIRECTION('ref_axis',(0.,-1.,0.));
#5069=DIRECTION('center_axis',(1.,0.,0.));
#5070=DIRECTION('ref_axis',(0.,0.,-1.));
#5071=DIRECTION('center_axis',(0.,-1.,-5.55111512312578E-16));
#5072=DIRECTION('ref_axis',(1.,0.,0.));
#5073=DIRECTION('center_axis',(-1.,1.11022302462516E-16,0.));
#5074=DIRECTION('ref_axis',(0.,-0.707106781186547,-0.707106781186548));
#5075=DIRECTION('center_axis',(0.408248290463863,-0.816496580927726,-0.408248290463863));
#5076=DIRECTION('ref_axis',(0.577350269189626,0.577350269189626,-0.577350269189626));
#5077=DIRECTION('center_axis',(0.,1.,0.));
#5078=DIRECTION('ref_axis',(0.,0.,-1.));
#5079=DIRECTION('center_axis',(1.,0.,0.));
#5080=DIRECTION('ref_axis',(0.,1.,0.));
#5081=DIRECTION('center_axis',(0.,0.,-1.));
#5082=DIRECTION('ref_axis',(1.,0.,0.));
#5083=DIRECTION('center_axis',(1.,0.,0.));
#5084=DIRECTION('ref_axis',(0.,0.707106781186547,-0.707106781186548));
#5085=DIRECTION('',(1.,0.,0.));
#5086=DIRECTION('center_axis',(0.,0.,1.));
#5087=DIRECTION('ref_axis',(0.707106781186548,0.707106781186548,0.));
#5088=DIRECTION('center_axis',(0.,0.,-1.));
#5089=DIRECTION('ref_axis',(0.707106781186548,0.707106781186548,0.));
#5090=DIRECTION('',(0.,0.,-1.));
#5091=DIRECTION('',(0.,0.,1.));
#5092=DIRECTION('',(0.,0.,1.));
#5093=DIRECTION('center_axis',(0.,-1.,0.));
#5094=DIRECTION('ref_axis',(0.707106781186547,0.,-0.707106781186548));
#5095=DIRECTION('',(0.,-1.,0.));
#5096=DIRECTION('center_axis',(0.,0.,1.));
#5097=DIRECTION('ref_axis',(0.707106781186548,-0.707106781186548,0.));
#5098=DIRECTION('center_axis',(0.,0.,-1.));
#5099=DIRECTION('ref_axis',(0.707106781186548,-0.707106781186548,0.));
#5100=DIRECTION('',(0.,0.,1.));
#5101=DIRECTION('center_axis',(0.,1.,0.));
#5102=DIRECTION('ref_axis',(-0.707106781186547,0.,-0.707106781186548));
#5103=DIRECTION('',(0.,1.,0.));
#5104=DIRECTION('center_axis',(0.,0.,1.));
#5105=DIRECTION('ref_axis',(-0.707106781186548,0.707106781186548,0.));
#5106=DIRECTION('center_axis',(0.,0.,-1.));
#5107=DIRECTION('ref_axis',(-0.707106781186548,0.707106781186548,0.));
#5108=DIRECTION('',(0.,0.,-1.));
#5109=DIRECTION('',(0.,0.,-1.));
#5110=DIRECTION('',(0.,0.,1.));
#5111=DIRECTION('center_axis',(0.,0.,1.));
#5112=DIRECTION('ref_axis',(-0.707106781186548,-0.707106781186548,0.));
#5113=DIRECTION('center_axis',(0.,0.,-1.));
#5114=DIRECTION('ref_axis',(-0.707106781186548,-0.707106781186548,0.));
#5115=DIRECTION('',(0.,0.,-1.));
#5116=DIRECTION('center_axis',(0.,1.,0.));
#5117=DIRECTION('ref_axis',(-1.,0.,0.));
#5118=DIRECTION('',(-1.,0.,0.));
#5119=DIRECTION('center_axis',(-1.,0.,0.));
#5120=DIRECTION('ref_axis',(0.,-1.,0.));
#5121=DIRECTION('',(0.,-1.,0.));
#5122=DIRECTION('center_axis',(0.,0.,-1.));
#5123=DIRECTION('ref_axis',(-0.707106781186548,-0.707106781186548,0.));
#5124=DIRECTION('center_axis',(0.,-1.,0.));
#5125=DIRECTION('ref_axis',(-1.,0.,0.));
#5126=DIRECTION('center_axis',(-1.,0.,0.));
#5127=DIRECTION('ref_axis',(0.,0.,-1.));
#5128=DIRECTION('center_axis',(0.,-1.,0.));
#5129=DIRECTION('ref_axis',(0.,0.,-1.));
#5130=DIRECTION('center_axis',(0.,0.,-1.));
#5131=DIRECTION('ref_axis',(0.707106781186546,-0.707106781186549,0.));
#5132=DIRECTION('center_axis',(1.,0.,0.));
#5133=DIRECTION('ref_axis',(0.,-1.,0.));
#5134=DIRECTION('center_axis',(0.,0.,-1.));
#5135=DIRECTION('ref_axis',(-0.707106781186548,0.707106781186548,0.));
#5136=DIRECTION('center_axis',(-1.,0.,0.));
#5137=DIRECTION('ref_axis',(0.,1.,0.));
#5138=DIRECTION('center_axis',(0.,0.,1.));
#5139=DIRECTION('ref_axis',(-1.,0.,0.));
#5140=DIRECTION('center_axis',(0.,1.,0.));
#5141=DIRECTION('ref_axis',(0.,0.,-1.));
#5142=DIRECTION('center_axis',(0.,0.,-1.));
#5143=DIRECTION('ref_axis',(0.707106781186548,0.707106781186548,0.));
#5144=DIRECTION('center_axis',(0.,1.,0.));
#5145=DIRECTION('ref_axis',(1.,0.,0.));
#5146=DIRECTION('center_axis',(1.,0.,0.));
#5147=DIRECTION('ref_axis',(0.,0.,-1.));
#5148=DIRECTION('center_axis',(0.,1.,0.));
#5149=DIRECTION('ref_axis',(0.707106781186548,0.,-0.707106781186547));
#5150=DIRECTION('',(0.,-1.,0.));
#5151=DIRECTION('center_axis',(-1.,0.,0.));
#5152=DIRECTION('ref_axis',(0.,0.707106781186548,-0.707106781186547));
#5153=DIRECTION('',(1.,0.,0.));
#5154=DIRECTION('',(-1.,0.,0.));
#5155=DIRECTION('center_axis',(0.,0.,1.));
#5156=DIRECTION('ref_axis',(-0.707106781186548,0.707106781186548,0.));
#5157=DIRECTION('',(0.,0.,1.));
#5158=DIRECTION('center_axis',(0.,-1.,0.));
#5159=DIRECTION('ref_axis',(-0.707106781186548,0.,-0.707106781186547));
#5160=DIRECTION('',(0.,1.,0.));
#5161=DIRECTION('center_axis',(1.,-1.2335811384724E-16,0.));
#5162=DIRECTION('ref_axis',(0.,-0.707106781186548,-0.707106781186547));
#5163=DIRECTION('',(-1.,1.2335811384724E-16,0.));
#5164=DIRECTION('center_axis',(0.,0.,1.));
#5165=DIRECTION('ref_axis',(1.,0.,0.));
#5166=DIRECTION('center_axis',(0.,-1.,0.));
#5167=DIRECTION('ref_axis',(1.,0.,0.));
#5168=DIRECTION('center_axis',(0.,0.,1.));
#5169=DIRECTION('ref_axis',(1.,0.,0.));
#5170=DIRECTION('',(0.,1.,0.));
#5171=DIRECTION('center_axis',(1.,0.,0.));
#5172=DIRECTION('ref_axis',(0.,1.,0.));
#5173=CARTESIAN_POINT('',(0.,0.,0.));
#5174=CARTESIAN_POINT('Origin',(0.,0.,11.5));
#5175=CARTESIAN_POINT('',(-17.8,10.9928716609194,11.5));
#5176=CARTESIAN_POINT('',(-13.9928716609194,14.8,11.5));
#5177=CARTESIAN_POINT('Origin',(-15.75,12.75,11.5));
#5178=CARTESIAN_POINT('',(13.9928716609194,14.8,11.5));
#5179=CARTESIAN_POINT('',(-6.99643583045972,14.8,11.5));
#5180=CARTESIAN_POINT('',(17.8,10.9928716609194,11.5));
#5181=CARTESIAN_POINT('Origin',(15.75,12.75,11.5));
#5182=CARTESIAN_POINT('',(17.8,-10.9928716609194,11.5));
#5183=CARTESIAN_POINT('',(17.8,5.49643583045972,11.5));
#5184=CARTESIAN_POINT('',(13.9928716609194,-14.8,11.5));
#5185=CARTESIAN_POINT('Origin',(15.75,-12.75,11.5));
#5186=CARTESIAN_POINT('',(-13.9928716609194,-14.8,11.5));
#5187=CARTESIAN_POINT('',(6.99643583045972,-14.8,11.5));
#5188=CARTESIAN_POINT('',(-17.8,-10.9928716609194,11.5));
#5189=CARTESIAN_POINT('Origin',(-15.75,-12.75,11.5));
#5190=CARTESIAN_POINT('',(-17.8,-5.49643583045972,11.5));
#5191=CARTESIAN_POINT('',(12.5,1.53080849893419E-15,11.5));
#5192=CARTESIAN_POINT('Origin',(0.,0.,11.5));
#5193=CARTESIAN_POINT('Origin',(-15.75,12.75,12.));
#5194=CARTESIAN_POINT('',(-17.8,10.9928716609194,13.));
#5195=CARTESIAN_POINT('',(-17.8,10.9928716609194,12.));
#5196=CARTESIAN_POINT('',(-13.9928716609194,14.8,13.));
#5197=CARTESIAN_POINT('Origin',(-15.75,12.75,13.));
#5198=CARTESIAN_POINT('',(-13.9928716609194,14.8,12.));
#5199=CARTESIAN_POINT('Origin',(-17.8,-10.9928716609194,12.));
#5200=CARTESIAN_POINT('',(-17.8,-10.9928716609194,13.));
#5201=CARTESIAN_POINT('',(-17.8,-10.9928716609194,12.));
#5202=CARTESIAN_POINT('',(-17.8,-12.75,13.));
#5203=CARTESIAN_POINT('Origin',(-15.75,-12.75,12.));
#5204=CARTESIAN_POINT('',(-13.9928716609194,-14.8,13.));
#5205=CARTESIAN_POINT('',(-13.9928716609194,-14.8,12.));
#5206=CARTESIAN_POINT('Origin',(-15.75,-12.75,13.));
#5207=CARTESIAN_POINT('Origin',(13.9928716609194,-14.8,12.));
#5208=CARTESIAN_POINT('',(13.9928716609194,-14.8,13.));
#5209=CARTESIAN_POINT('',(13.9928716609194,-14.8,12.));
#5210=CARTESIAN_POINT('',(15.75,-14.8,13.));
#5211=CARTESIAN_POINT('Origin',(15.75,-12.75,12.));
#5212=CARTESIAN_POINT('',(17.8,-10.9928716609194,13.));
#5213=CARTESIAN_POINT('',(17.8,-10.9928716609194,12.));
#5214=CARTESIAN_POINT('Origin',(15.75,-12.75,13.));
#5215=CARTESIAN_POINT('Origin',(17.8,10.9928716609194,12.));
#5216=CARTESIAN_POINT('',(17.8,10.9928716609194,13.));
#5217=CARTESIAN_POINT('',(17.8,10.9928716609194,12.));
#5218=CARTESIAN_POINT('',(17.8,12.75,13.));
#5219=CARTESIAN_POINT('Origin',(15.75,12.75,12.));
#5220=CARTESIAN_POINT('',(13.9928716609194,14.8,13.));
#5221=CARTESIAN_POINT('',(13.9928716609194,14.8,12.));
#5222=CARTESIAN_POINT('Origin',(15.75,12.75,13.));
#5223=CARTESIAN_POINT('Origin',(-13.9928716609194,14.8,12.));
#5224=CARTESIAN_POINT('',(-15.75,14.8,13.));
#5225=CARTESIAN_POINT('Origin',(15.75,-12.75,12.));
#5226=CARTESIAN_POINT('',(14.6602752641148,-15.,12.));
#5227=CARTESIAN_POINT('',(18.,-11.6602752641148,12.));
#5228=CARTESIAN_POINT('Origin',(15.75,-12.75,12.));
#5229=CARTESIAN_POINT('',(14.6602752641148,-15.,13.));
#5230=CARTESIAN_POINT('',(14.6602752641148,-15.,12.));
#5231=CARTESIAN_POINT('',(18.,-11.6602752641148,13.));
#5232=CARTESIAN_POINT('Origin',(15.75,-12.75,13.));
#5233=CARTESIAN_POINT('',(18.,-11.6602752641148,12.));
#5234=CARTESIAN_POINT('Origin',(-15.75,-12.75,12.));
#5235=CARTESIAN_POINT('',(-18.,-11.6602752641148,12.));
#5236=CARTESIAN_POINT('',(-14.6602752641148,-15.,12.));
#5237=CARTESIAN_POINT('Origin',(-15.75,-12.75,12.));
#5238=CARTESIAN_POINT('',(-18.,-11.6602752641148,13.));
#5239=CARTESIAN_POINT('',(-18.,-11.6602752641148,12.));
#5240=CARTESIAN_POINT('',(-14.6602752641148,-15.,13.));
#5241=CARTESIAN_POINT('Origin',(-15.75,-12.75,13.));
#5242=CARTESIAN_POINT('',(-14.6602752641148,-15.,12.));
#5243=CARTESIAN_POINT('Origin',(-15.75,12.75,12.));
#5244=CARTESIAN_POINT('',(-14.6602752641148,15.,12.));
#5245=CARTESIAN_POINT('',(-18.,11.6602752641148,12.));
#5246=CARTESIAN_POINT('Origin',(-15.75,12.75,12.));
#5247=CARTESIAN_POINT('',(-14.6602752641148,15.,13.));
#5248=CARTESIAN_POINT('',(-14.6602752641148,15.,12.));
#5249=CARTESIAN_POINT('',(-18.,11.6602752641148,13.));
#5250=CARTESIAN_POINT('Origin',(-15.75,12.75,13.));
#5251=CARTESIAN_POINT('',(-18.,11.6602752641148,12.));
#5252=CARTESIAN_POINT('Origin',(15.75,12.75,12.));
#5253=CARTESIAN_POINT('',(18.,11.6602752641148,12.));
#5254=CARTESIAN_POINT('',(14.6602752641148,15.,12.));
#5255=CARTESIAN_POINT('Origin',(15.75,12.75,12.));
#5256=CARTESIAN_POINT('',(18.,11.6602752641148,13.));
#5257=CARTESIAN_POINT('',(18.,11.6602752641148,12.));
#5258=CARTESIAN_POINT('',(14.6602752641148,15.,13.));
#5259=CARTESIAN_POINT('Origin',(15.75,12.75,13.));
#5260=CARTESIAN_POINT('',(14.6602752641148,15.,12.));
#5261=CARTESIAN_POINT('Origin',(-18.,-13.,13.));
#5262=CARTESIAN_POINT('',(-18.,-12.75,12.));
#5263=CARTESIAN_POINT('',(-18.,-13.,12.));
#5264=CARTESIAN_POINT('',(-18.,-13.,12.));
#5265=CARTESIAN_POINT('',(-18.,-13.,12.));
#5266=CARTESIAN_POINT('',(-18.,-13.,13.));
#5267=CARTESIAN_POINT('',(-18.,-13.,13.));
#5268=CARTESIAN_POINT('',(-18.,-6.5,13.));
#5269=CARTESIAN_POINT('Origin',(-16.,15.,13.));
#5270=CARTESIAN_POINT('',(16.,15.,13.));
#5271=CARTESIAN_POINT('',(-8.,15.,13.));
#5272=CARTESIAN_POINT('',(16.,15.,12.));
#5273=CARTESIAN_POINT('',(16.,15.,13.));
#5274=CARTESIAN_POINT('',(15.75,15.,12.));
#5275=CARTESIAN_POINT('',(-16.,15.,12.));
#5276=CARTESIAN_POINT('',(-16.,15.,12.));
#5277=CARTESIAN_POINT('Origin',(-16.,15.,13.));
#5278=CARTESIAN_POINT('',(-15.75,15.,12.));
#5279=CARTESIAN_POINT('',(-16.,15.,12.));
#5280=CARTESIAN_POINT('',(-16.,15.,12.));
#5281=CARTESIAN_POINT('',(-16.,15.,12.));
#5282=CARTESIAN_POINT('',(-16.,15.,13.));
#5283=CARTESIAN_POINT('',(-16.,15.,13.));
#5284=CARTESIAN_POINT('',(-8.,15.,13.));
#5285=CARTESIAN_POINT('Origin',(18.,13.,13.));
#5286=CARTESIAN_POINT('',(18.,-13.,13.));
#5287=CARTESIAN_POINT('',(18.,6.5,13.));
#5288=CARTESIAN_POINT('',(18.,-13.,12.));
#5289=CARTESIAN_POINT('',(18.,-13.,13.));
#5290=CARTESIAN_POINT('',(18.,-12.75,12.));
#5291=CARTESIAN_POINT('',(18.,13.,12.));
#5292=CARTESIAN_POINT('',(18.,13.,12.));
#5293=CARTESIAN_POINT('Origin',(18.,13.,13.));
#5294=CARTESIAN_POINT('',(18.,12.75,12.));
#5295=CARTESIAN_POINT('',(18.,13.,12.));
#5296=CARTESIAN_POINT('',(18.,13.,12.));
#5297=CARTESIAN_POINT('',(18.,13.,12.));
#5298=CARTESIAN_POINT('',(18.,13.,13.));
#5299=CARTESIAN_POINT('',(18.,13.,13.));
#5300=CARTESIAN_POINT('',(18.,6.5,13.));
#5301=CARTESIAN_POINT('Origin',(16.,-15.,13.));
#5302=CARTESIAN_POINT('',(15.75,-15.,12.));
#5303=CARTESIAN_POINT('',(16.,-15.,12.));
#5304=CARTESIAN_POINT('',(16.,-15.,12.));
#5305=CARTESIAN_POINT('',(16.,-15.,12.));
#5306=CARTESIAN_POINT('',(16.,-15.,13.));
#5307=CARTESIAN_POINT('',(16.,-15.,13.));
#5308=CARTESIAN_POINT('',(8.,-15.,13.));
#5309=CARTESIAN_POINT('Origin',(0.,0.,12.));
#5310=CARTESIAN_POINT('',(-15.75,-15.,12.));
#5311=CARTESIAN_POINT('',(16.,-15.,12.));
#5312=CARTESIAN_POINT('Origin',(-15.75,-12.75,12.));
#5313=CARTESIAN_POINT('Origin',(0.,0.,12.));
#5314=CARTESIAN_POINT('',(13.5,-12.75,12.));
#5315=CARTESIAN_POINT('Origin',(15.75,-12.75,12.));
#5316=CARTESIAN_POINT('Origin',(15.75,-12.75,12.));
#5317=CARTESIAN_POINT('Origin',(0.,0.,12.));
#5318=CARTESIAN_POINT('',(13.5,12.75,12.));
#5319=CARTESIAN_POINT('Origin',(15.75,12.75,12.));
#5320=CARTESIAN_POINT('Origin',(15.75,12.75,12.));
#5321=CARTESIAN_POINT('Origin',(0.,0.,1.5));
#5322=CARTESIAN_POINT('',(12.5,1.53080849893419E-15,12.7000001192));
#5323=CARTESIAN_POINT('',(12.5,1.53080849893419E-15,1.5));
#5324=CARTESIAN_POINT('Origin',(0.,0.,12.7000001192));
#5325=CARTESIAN_POINT('Origin',(0.,0.,12.7000001192));
#5326=CARTESIAN_POINT('Origin',(15.75,-12.75,12.));
#5327=CARTESIAN_POINT('Origin',(15.75,-12.75,12.));
#5328=CARTESIAN_POINT('',(14.5,-12.75,12.));
#5329=CARTESIAN_POINT('Origin',(14.,-12.75,12.));
#5330=CARTESIAN_POINT('Origin',(15.75,-12.75,12.));
#5331=CARTESIAN_POINT('Origin',(0.,0.,12.));
#5332=CARTESIAN_POINT('Origin',(16.,-13.,12.));
#5333=CARTESIAN_POINT('Origin',(0.,0.,12.));
#5334=CARTESIAN_POINT('',(-18.,12.75,12.));
#5335=CARTESIAN_POINT('',(-18.,-13.,12.));
#5336=CARTESIAN_POINT('Origin',(-15.75,12.75,12.));
#5337=CARTESIAN_POINT('Origin',(-15.75,-12.75,12.));
#5338=CARTESIAN_POINT('Origin',(-15.75,-12.75,12.));
#5339=CARTESIAN_POINT('',(-17.,-12.75,12.));
#5340=CARTESIAN_POINT('Origin',(-17.5,-12.75,12.));
#5341=CARTESIAN_POINT('Origin',(-15.75,-12.75,12.));
#5342=CARTESIAN_POINT('Origin',(0.,0.,12.));
#5343=CARTESIAN_POINT('',(-16.,-15.,12.));
#5344=CARTESIAN_POINT('',(16.,-15.,12.));
#5345=CARTESIAN_POINT('Origin',(-16.,-13.,12.));
#5346=CARTESIAN_POINT('Origin',(0.,0.,12.));
#5347=CARTESIAN_POINT('',(16.5,-12.75,12.));
#5348=CARTESIAN_POINT('Origin',(15.75,-12.75,12.));
#5349=CARTESIAN_POINT('Origin',(15.75,12.75,12.));
#5350=CARTESIAN_POINT('Origin',(15.75,12.75,12.));
#5351=CARTESIAN_POINT('',(14.5,12.75,12.));
#5352=CARTESIAN_POINT('Origin',(14.,12.75,12.));
#5353=CARTESIAN_POINT('Origin',(15.75,12.75,12.));
#5354=CARTESIAN_POINT('Origin',(0.,0.,12.));
#5355=CARTESIAN_POINT('Origin',(16.,13.,12.));
#5356=CARTESIAN_POINT('Origin',(0.,0.,12.));
#5357=CARTESIAN_POINT('',(-15.,-12.75,12.));
#5358=CARTESIAN_POINT('Origin',(-15.75,-12.75,12.));
#5359=CARTESIAN_POINT('Origin',(-15.75,12.75,12.));
#5360=CARTESIAN_POINT('',(-17.,12.75,12.));
#5361=CARTESIAN_POINT('Origin',(-17.5,12.75,12.));
#5362=CARTESIAN_POINT('Origin',(-15.75,12.75,12.));
#5363=CARTESIAN_POINT('Origin',(-15.75,12.75,12.));
#5364=CARTESIAN_POINT('Origin',(0.,0.,12.));
#5365=CARTESIAN_POINT('',(16.5,12.75,12.));
#5366=CARTESIAN_POINT('Origin',(15.75,12.75,12.));
#5367=CARTESIAN_POINT('Origin',(0.,0.,12.));
#5368=CARTESIAN_POINT('',(-18.,13.,12.));
#5369=CARTESIAN_POINT('',(-18.,-13.,12.));
#5370=CARTESIAN_POINT('Origin',(-16.,13.,12.));
#5371=CARTESIAN_POINT('Origin',(-8.,-16.,13.5));
#5372=CARTESIAN_POINT('',(-16.,-16.,14.5));
#5373=CARTESIAN_POINT('',(-16.,-17.,13.5));
#5374=CARTESIAN_POINT('Origin',(-16.,-16.,13.5));
#5375=CARTESIAN_POINT('',(16.,-17.,13.5));
#5376=CARTESIAN_POINT('',(-8.,-17.,13.5));
#5377=CARTESIAN_POINT('',(16.,-16.,14.5));
#5378=CARTESIAN_POINT('Origin',(16.,-16.,13.5));
#5379=CARTESIAN_POINT('',(-8.,-16.,14.5));
#5380=CARTESIAN_POINT('Origin',(16.,-13.,13.5));
#5381=CARTESIAN_POINT('',(20.,-13.,13.5));
#5382=CARTESIAN_POINT('',(19.,-13.,14.5));
#5383=CARTESIAN_POINT('Origin',(19.,-13.,13.5));
#5384=CARTESIAN_POINT('Origin',(16.,-13.,14.5));
#5385=CARTESIAN_POINT('Origin',(16.,-13.,13.5));
#5386=CARTESIAN_POINT('Origin',(19.,-6.5,13.5));
#5387=CARTESIAN_POINT('',(20.,13.,13.5));
#5388=CARTESIAN_POINT('',(19.,13.,14.5));
#5389=CARTESIAN_POINT('Origin',(19.,13.,13.5));
#5390=CARTESIAN_POINT('',(19.,-6.5,14.5));
#5391=CARTESIAN_POINT('',(20.,-6.5,13.5));
#5392=CARTESIAN_POINT('Origin',(16.,13.,13.5));
#5393=CARTESIAN_POINT('',(16.,17.,13.5));
#5394=CARTESIAN_POINT('',(16.,16.,14.5));
#5395=CARTESIAN_POINT('Origin',(16.,16.,13.5));
#5396=CARTESIAN_POINT('Origin',(16.,13.,14.5));
#5397=CARTESIAN_POINT('Origin',(16.,13.,13.5));
#5398=CARTESIAN_POINT('Origin',(8.,16.,13.5));
#5399=CARTESIAN_POINT('',(-16.,17.,13.5));
#5400=CARTESIAN_POINT('',(-16.,16.,14.5));
#5401=CARTESIAN_POINT('Origin',(-16.,16.,13.5));
#5402=CARTESIAN_POINT('',(8.,16.,14.5));
#5403=CARTESIAN_POINT('',(8.,17.,13.5));
#5404=CARTESIAN_POINT('Origin',(-16.,13.,13.5));
#5405=CARTESIAN_POINT('',(-20.,13.,13.5));
#5406=CARTESIAN_POINT('',(-19.,13.,14.5));
#5407=CARTESIAN_POINT('Origin',(-19.,13.,13.5));
#5408=CARTESIAN_POINT('Origin',(-16.,13.,14.5));
#5409=CARTESIAN_POINT('Origin',(-16.,13.,13.5));
#5410=CARTESIAN_POINT('Origin',(-19.,6.5,13.5));
#5411=CARTESIAN_POINT('',(-20.,-13.,13.5));
#5412=CARTESIAN_POINT('',(-19.,-13.,14.5));
#5413=CARTESIAN_POINT('Origin',(-19.,-13.,13.5));
#5414=CARTESIAN_POINT('',(-19.,6.5,14.5));
#5415=CARTESIAN_POINT('',(-20.,6.5,13.5));
#5416=CARTESIAN_POINT('Origin',(-16.,-13.,13.5));
#5417=CARTESIAN_POINT('Origin',(-16.,-13.,14.5));
#5418=CARTESIAN_POINT('Origin',(-16.,-13.,13.5));
#5419=CARTESIAN_POINT('Origin',(16.,13.,13.));
#5420=CARTESIAN_POINT('',(20.,13.,13.));
#5421=CARTESIAN_POINT('',(20.,13.,13.));
#5422=CARTESIAN_POINT('',(16.,17.,13.));
#5423=CARTESIAN_POINT('Origin',(16.,13.,13.));
#5424=CARTESIAN_POINT('',(16.,17.,13.));
#5425=CARTESIAN_POINT('Origin',(20.,-13.,13.));
#5426=CARTESIAN_POINT('',(20.,-13.,13.));
#5427=CARTESIAN_POINT('',(20.,-13.,13.));
#5428=CARTESIAN_POINT('',(20.,-13.,13.));
#5429=CARTESIAN_POINT('Origin',(16.,-13.,13.));
#5430=CARTESIAN_POINT('',(16.,-17.,13.));
#5431=CARTESIAN_POINT('',(16.,-17.,13.));
#5432=CARTESIAN_POINT('Origin',(16.,-13.,13.));
#5433=CARTESIAN_POINT('Origin',(-16.,-17.,13.));
#5434=CARTESIAN_POINT('',(-16.,-17.,13.));
#5435=CARTESIAN_POINT('',(-16.,-17.,13.));
#5436=CARTESIAN_POINT('',(-16.,-17.,13.));
#5437=CARTESIAN_POINT('Origin',(0.,-2.22044604925031E-15,14.5));
#5438=CARTESIAN_POINT('',(-14.,12.75,14.5));
#5439=CARTESIAN_POINT('Origin',(-15.75,12.75,14.5));
#5440=CARTESIAN_POINT('',(17.5,12.75,14.5));
#5441=CARTESIAN_POINT('Origin',(15.75,12.75,14.5));
#5442=CARTESIAN_POINT('',(17.5,-12.75,14.5));
#5443=CARTESIAN_POINT('Origin',(15.75,-12.75,14.5));
#5444=CARTESIAN_POINT('',(-14.,-12.75,14.5));
#5445=CARTESIAN_POINT('Origin',(-15.75,-12.75,14.5));
#5446=CARTESIAN_POINT('Origin',(16.,13.,12.8));
#5447=CARTESIAN_POINT('',(19.4031128874149,13.,13.));
#5448=CARTESIAN_POINT('',(16.,16.4031128874149,13.));
#5449=CARTESIAN_POINT('Origin',(16.,13.,13.));
#5450=CARTESIAN_POINT('',(18.5968871125851,13.,13.));
#5451=CARTESIAN_POINT('Origin',(19.,13.,12.8));
#5452=CARTESIAN_POINT('',(16.,15.5968871125851,13.));
#5453=CARTESIAN_POINT('Origin',(16.,13.,13.));
#5454=CARTESIAN_POINT('Origin',(16.,16.,12.8));
#5455=CARTESIAN_POINT('Origin',(-16.,16.,12.8));
#5456=CARTESIAN_POINT('',(-16.,16.4031128874149,13.));
#5457=CARTESIAN_POINT('',(-16.,16.4031128874149,13.));
#5458=CARTESIAN_POINT('',(-16.,15.5968871125851,13.));
#5459=CARTESIAN_POINT('',(-16.,15.5968871125851,13.));
#5460=CARTESIAN_POINT('Origin',(-16.,16.,12.8));
#5461=CARTESIAN_POINT('Origin',(-16.,13.,12.8));
#5462=CARTESIAN_POINT('',(-19.4031128874149,13.,13.));
#5463=CARTESIAN_POINT('Origin',(-16.,13.,13.));
#5464=CARTESIAN_POINT('',(-18.5968871125851,13.,13.));
#5465=CARTESIAN_POINT('Origin',(-16.,13.,13.));
#5466=CARTESIAN_POINT('Origin',(-19.,13.,12.8));
#5467=CARTESIAN_POINT('Origin',(-19.,4.44089209850063E-15,12.8));
#5468=CARTESIAN_POINT('',(-19.4031128874149,-13.,13.));
#5469=CARTESIAN_POINT('',(-19.4031128874149,4.37203898940352E-15,13.));
#5470=CARTESIAN_POINT('',(-18.5968871125851,-13.,13.));
#5471=CARTESIAN_POINT('',(-18.5968871125851,4.50974520759773E-15,13.));
#5472=CARTESIAN_POINT('Origin',(-19.,-13.,12.8));
#5473=CARTESIAN_POINT('Origin',(-16.,-13.,12.8));
#5474=CARTESIAN_POINT('',(-16.,-16.4031128874149,13.));
#5475=CARTESIAN_POINT('Origin',(-16.,-13.,13.));
#5476=CARTESIAN_POINT('',(-16.,-15.5968871125851,13.));
#5477=CARTESIAN_POINT('Origin',(-16.,-13.,13.));
#5478=CARTESIAN_POINT('Origin',(-16.,-16.,12.8));
#5479=CARTESIAN_POINT('Origin',(16.,-16.,12.8));
#5480=CARTESIAN_POINT('',(16.,-16.4031128874149,13.));
#5481=CARTESIAN_POINT('',(16.,-16.4031128874149,13.));
#5482=CARTESIAN_POINT('',(16.,-15.5968871125851,13.));
#5483=CARTESIAN_POINT('',(16.,-15.5968871125851,13.));
#5484=CARTESIAN_POINT('Origin',(16.,-16.,12.8));
#5485=CARTESIAN_POINT('Origin',(16.,-13.,12.8));
#5486=CARTESIAN_POINT('',(19.4031128874149,-13.,13.));
#5487=CARTESIAN_POINT('Origin',(16.,-13.,13.));
#5488=CARTESIAN_POINT('',(18.5968871125851,-13.,13.));
#5489=CARTESIAN_POINT('Origin',(16.,-13.,13.));
#5490=CARTESIAN_POINT('Origin',(19.,-13.,12.8));
#5491=CARTESIAN_POINT('Origin',(19.,13.,12.8));
#5492=CARTESIAN_POINT('',(19.4031128874149,13.,13.));
#5493=CARTESIAN_POINT('',(18.5968871125851,13.,13.));
#5494=CARTESIAN_POINT('Origin',(0.,-2.22044604925031E-15,13.));
#5495=CARTESIAN_POINT('',(-16.,-15.,13.));
#5496=CARTESIAN_POINT('Origin',(-16.,-13.,13.));
#5497=CARTESIAN_POINT('',(8.,-15.,13.));
#5498=CARTESIAN_POINT('',(-18.,13.,13.));
#5499=CARTESIAN_POINT('Origin',(-16.,13.,13.));
#5500=CARTESIAN_POINT('',(-18.,-6.5,13.));
#5501=CARTESIAN_POINT('Origin',(16.,13.,13.));
#5502=CARTESIAN_POINT('Origin',(16.,-13.,13.));
#5503=CARTESIAN_POINT('Origin',(-15.75,12.75,13.));
#5504=CARTESIAN_POINT('',(-15.,12.75,13.));
#5505=CARTESIAN_POINT('Origin',(-15.75,12.75,13.));
#5506=CARTESIAN_POINT('',(-15.,12.75,12.));
#5507=CARTESIAN_POINT('',(-15.,12.75,13.));
#5508=CARTESIAN_POINT('Origin',(-15.75,12.75,12.));
#5509=CARTESIAN_POINT('Origin',(-15.75,-12.75,13.));
#5510=CARTESIAN_POINT('',(-15.,-12.75,13.));
#5511=CARTESIAN_POINT('Origin',(-15.75,-12.75,13.));
#5512=CARTESIAN_POINT('',(-15.,-12.75,13.));
#5513=CARTESIAN_POINT('Origin',(15.75,12.75,13.));
#5514=CARTESIAN_POINT('',(16.5,12.75,13.));
#5515=CARTESIAN_POINT('Origin',(15.75,12.75,13.));
#5516=CARTESIAN_POINT('',(16.5,12.75,13.));
#5517=CARTESIAN_POINT('Origin',(15.75,-12.75,13.));
#5518=CARTESIAN_POINT('',(16.5,-12.75,13.));
#5519=CARTESIAN_POINT('Origin',(15.75,-12.75,13.));
#5520=CARTESIAN_POINT('',(16.5,-12.75,13.));
#5521=CARTESIAN_POINT('Origin',(-15.75,-12.75,13.));
#5522=CARTESIAN_POINT('',(-14.,-12.75,13.));
#5523=CARTESIAN_POINT('Origin',(-15.75,-12.75,13.));
#5524=CARTESIAN_POINT('',(-14.,-12.75,13.));
#5525=CARTESIAN_POINT('Origin',(-15.75,-12.75,13.));
#5526=CARTESIAN_POINT('Origin',(15.75,-12.75,13.));
#5527=CARTESIAN_POINT('',(17.5,-12.75,13.));
#5528=CARTESIAN_POINT('Origin',(15.75,-12.75,13.));
#5529=CARTESIAN_POINT('',(17.5,-12.75,13.));
#5530=CARTESIAN_POINT('Origin',(15.75,-12.75,13.));
#5531=CARTESIAN_POINT('Origin',(15.75,12.75,13.));
#5532=CARTESIAN_POINT('',(17.5,12.75,13.));
#5533=CARTESIAN_POINT('Origin',(15.75,12.75,13.));
#5534=CARTESIAN_POINT('',(17.5,12.75,13.));
#5535=CARTESIAN_POINT('Origin',(15.75,12.75,13.));
#5536=CARTESIAN_POINT('Origin',(-15.75,12.75,13.));
#5537=CARTESIAN_POINT('',(-14.,12.75,13.));
#5538=CARTESIAN_POINT('Origin',(-15.75,12.75,13.));
#5539=CARTESIAN_POINT('',(-14.,12.75,13.));
#5540=CARTESIAN_POINT('Origin',(-15.75,12.75,13.));
#5541=CARTESIAN_POINT('Origin',(16.,13.,13.));
#5542=CARTESIAN_POINT('Origin',(16.,-13.,13.));
#5543=CARTESIAN_POINT('Origin',(16.,-15.,13.));
#5544=CARTESIAN_POINT('',(-16.,-15.,13.));
#5545=CARTESIAN_POINT('Origin',(-16.,13.,13.));
#5546=CARTESIAN_POINT('',(-18.,13.,13.));
#5547=CARTESIAN_POINT('Origin',(-18.,-13.,13.));
#5548=CARTESIAN_POINT('Origin',(-16.,-13.,13.));
#5549=CARTESIAN_POINT('Origin',(0.,0.,12.));
#5550=CARTESIAN_POINT('Origin',(-16.,-13.,13.));
#5551=CARTESIAN_POINT('',(-20.,-13.,13.));
#5552=CARTESIAN_POINT('',(-20.,-13.,13.));
#5553=CARTESIAN_POINT('Origin',(-16.,-13.,13.));
#5554=CARTESIAN_POINT('Origin',(-20.,13.,13.));
#5555=CARTESIAN_POINT('',(-20.,13.,13.));
#5556=CARTESIAN_POINT('',(-20.,13.,13.));
#5557=CARTESIAN_POINT('',(-20.,13.,13.));
#5558=CARTESIAN_POINT('Origin',(-16.,13.,13.));
#5559=CARTESIAN_POINT('',(-16.,17.,13.));
#5560=CARTESIAN_POINT('',(-16.,17.,13.));
#5561=CARTESIAN_POINT('Origin',(-16.,13.,13.));
#5562=CARTESIAN_POINT('Origin',(16.,17.,13.));
#5563=CARTESIAN_POINT('',(16.,17.,13.));
#5564=CARTESIAN_POINT('Origin',(0.,-2.22044604925031E-15,13.));
#5565=CARTESIAN_POINT('Origin',(-12.1,22.,5.47195519869764));
#5566=CARTESIAN_POINT('',(-12.1,23.,5.14921832022916));
#5567=CARTESIAN_POINT('',(-12.1,23.,8.11836509645767));
#5568=CARTESIAN_POINT('',(-12.1,23.,5.47195519869764));
#5569=CARTESIAN_POINT('',(-11.1151922469878,22.1736481776669,9.10317284946987));
#5570=CARTESIAN_POINT('Origin',(-12.1,22.,8.11836509645767));
#5571=CARTESIAN_POINT('',(-11.1,22.,9.13379170834341));
#5572=CARTESIAN_POINT('Origin',(-12.1,22.,9.13379170834341));
#5573=CARTESIAN_POINT('',(-11.1,22.,4.14921832022916));
#5574=CARTESIAN_POINT('',(-11.1,22.,5.47195519869764));
#5575=CARTESIAN_POINT('Origin',(-12.1,22.,5.14921832022916));
#5576=CARTESIAN_POINT('Origin',(-11.1,22.,8.11836509645767));
#5577=CARTESIAN_POINT('',(-16.0848077530122,22.1736481776669,9.10317284946987));
#5578=CARTESIAN_POINT('',(-11.1,22.1736481776669,9.10317284946987));
#5579=CARTESIAN_POINT('',(-15.1,23.,8.11836509645767));
#5580=CARTESIAN_POINT('',(-11.1,23.,8.11836509645767));
#5581=CARTESIAN_POINT('Origin',(-15.1,22.,8.11836509645767));
#5582=CARTESIAN_POINT('Origin',(-11.1,22.,5.14921832022916));
#5583=CARTESIAN_POINT('',(-15.1,23.,5.14921832022916));
#5584=CARTESIAN_POINT('',(-11.1,23.,5.14921832022916));
#5585=CARTESIAN_POINT('',(-11.1,21.8263518223331,4.16441056721695));
#5586=CARTESIAN_POINT('Origin',(-11.1,22.,5.14921832022916));
#5587=CARTESIAN_POINT('',(-16.1,21.8263518223331,4.16441056721695));
#5588=CARTESIAN_POINT('',(-11.1,21.8263518223331,4.16441056721695));
#5589=CARTESIAN_POINT('',(-16.1,22.,4.14921832022916));
#5590=CARTESIAN_POINT('Origin',(-16.1,22.,5.14921832022916));
#5591=CARTESIAN_POINT('Origin',(-15.1,22.,5.14921832022916));
#5592=CARTESIAN_POINT('Origin',(-15.1,22.,5.47195519869764));
#5593=CARTESIAN_POINT('',(-15.1,23.,5.47195519869764));
#5594=CARTESIAN_POINT('',(-16.1,22.,9.13379170834341));
#5595=CARTESIAN_POINT('',(-16.1,22.,5.47195519869764));
#5596=CARTESIAN_POINT('Origin',(-15.1,22.,9.13379170834341));
#5597=CARTESIAN_POINT('Origin',(-16.1,20.,6.98644566976034));
#5598=CARTESIAN_POINT('',(-16.1,17.,5.01542661188575));
#5599=CARTESIAN_POINT('',(-16.1,17.,5.01542661188575));
#5600=CARTESIAN_POINT('',(-16.1,17.,10.0154266118857));
#5601=CARTESIAN_POINT('',(-16.1,17.,4.));
#5602=CARTESIAN_POINT('',(-16.1,17.,10.0154266118857));
#5603=CARTESIAN_POINT('',(-16.1,21.5,6.95746472763494));
#5604=CARTESIAN_POINT('Origin',(-16.1,20.5,6.95746472763494));
#5605=CARTESIAN_POINT('Origin',(-11.1,17.,5.01542661188575));
#5606=CARTESIAN_POINT('',(-11.1,17.,5.01542661188575));
#5607=CARTESIAN_POINT('',(-11.1,17.,5.01542661188575));
#5608=CARTESIAN_POINT('',(-16.,17.,5.01542661188575));
#5609=CARTESIAN_POINT('',(4.45,17.,5.01542661188575));
#5610=CARTESIAN_POINT('',(-11.1,17.,5.01542661188575));
#5611=CARTESIAN_POINT('Origin',(-11.1,23.,3.95746472763494));
#5612=CARTESIAN_POINT('Origin',(11.1,22.,8.11836509645767));
#5613=CARTESIAN_POINT('',(15.1,23.,8.11836509645767));
#5614=CARTESIAN_POINT('',(12.1,23.,8.11836509645767));
#5615=CARTESIAN_POINT('',(11.1,23.,8.11836509645767));
#5616=CARTESIAN_POINT('',(11.1151922469878,22.1736481776669,9.10317284946987));
#5617=CARTESIAN_POINT('Origin',(12.1,22.,8.11836509645767));
#5618=CARTESIAN_POINT('',(16.0848077530122,22.1736481776669,9.10317284946987));
#5619=CARTESIAN_POINT('',(11.1,22.1736481776669,9.10317284946987));
#5620=CARTESIAN_POINT('Origin',(15.1,22.,8.11836509645767));
#5621=CARTESIAN_POINT('Origin',(12.1,22.,7.97195519869764));
#5622=CARTESIAN_POINT('',(11.1,22.,4.14921832022916));
#5623=CARTESIAN_POINT('',(11.1,22.,9.13379170834341));
#5624=CARTESIAN_POINT('',(11.1,22.,7.97195519869764));
#5625=CARTESIAN_POINT('Origin',(12.1,22.,9.13379170834341));
#5626=CARTESIAN_POINT('',(12.1,23.,5.14921832022916));
#5627=CARTESIAN_POINT('',(12.1,23.,7.97195519869764));
#5628=CARTESIAN_POINT('Origin',(12.1,22.,5.14921832022916));
#5629=CARTESIAN_POINT('Origin',(11.1,22.,5.14921832022916));
#5630=CARTESIAN_POINT('',(16.1,21.8263518223331,4.16441056721695));
#5631=CARTESIAN_POINT('',(11.1,21.8263518223331,4.16441056721695));
#5632=CARTESIAN_POINT('',(11.1,21.8263518223331,4.16441056721695));
#5633=CARTESIAN_POINT('Origin',(11.1,22.,5.14921832022916));
#5634=CARTESIAN_POINT('',(15.1,23.,5.14921832022916));
#5635=CARTESIAN_POINT('',(11.1,23.,5.14921832022916));
#5636=CARTESIAN_POINT('',(16.1,22.,4.14921832022916));
#5637=CARTESIAN_POINT('Origin',(15.1,22.,5.14921832022916));
#5638=CARTESIAN_POINT('Origin',(16.1,22.,5.14921832022916));
#5639=CARTESIAN_POINT('Origin',(15.1,22.,7.97195519869764));
#5640=CARTESIAN_POINT('',(15.1,23.,7.97195519869764));
#5641=CARTESIAN_POINT('',(16.1,22.,9.13379170834341));
#5642=CARTESIAN_POINT('Origin',(15.1,22.,9.13379170834341));
#5643=CARTESIAN_POINT('',(16.1,22.,7.97195519869764));
#5644=CARTESIAN_POINT('Origin',(11.1,20.,6.98644566976034));
#5645=CARTESIAN_POINT('',(11.1,17.,5.01542661188575));
#5646=CARTESIAN_POINT('',(11.1,17.,5.01542661188575));
#5647=CARTESIAN_POINT('',(11.1,17.,10.0154266118857));
#5648=CARTESIAN_POINT('',(11.1,17.,3.49322283488017));
#5649=CARTESIAN_POINT('',(11.1,17.,10.0154266118857));
#5650=CARTESIAN_POINT('',(11.1,21.5,6.95746472763494));
#5651=CARTESIAN_POINT('Origin',(11.1,20.5,6.95746472763494));
#5652=CARTESIAN_POINT('Origin',(11.1,23.,3.95746472763494));
#5653=CARTESIAN_POINT('',(16.1,17.,5.01542661188575));
#5654=CARTESIAN_POINT('',(16.1,17.,5.01542661188575));
#5655=CARTESIAN_POINT('',(16.,17.,5.01542661188575));
#5656=CARTESIAN_POINT('',(11.1,17.,5.01542661188575));
#5657=CARTESIAN_POINT('',(15.55,17.,5.01542661188575));
#5658=CARTESIAN_POINT('Origin',(11.1,23.,8.95746472763494));
#5659=CARTESIAN_POINT('Origin',(-11.1,-22.,8.11836509645767));
#5660=CARTESIAN_POINT('',(-15.1,-23.,8.11836509645767));
#5661=CARTESIAN_POINT('',(-12.1,-23.,8.11836509645767));
#5662=CARTESIAN_POINT('',(-11.1,-23.,8.11836509645767));
#5663=CARTESIAN_POINT('',(-11.1151922469878,-22.1736481776669,9.10317284946987));
#5664=CARTESIAN_POINT('Origin',(-12.1,-22.,8.11836509645767));
#5665=CARTESIAN_POINT('',(-16.0848077530122,-22.1736481776669,9.10317284946987));
#5666=CARTESIAN_POINT('',(-11.1,-22.1736481776669,9.10317284946987));
#5667=CARTESIAN_POINT('Origin',(-15.1,-22.,8.11836509645767));
#5668=CARTESIAN_POINT('Origin',(-12.1,-22.,5.47195519869764));
#5669=CARTESIAN_POINT('',(-11.1,-22.,4.14921832022916));
#5670=CARTESIAN_POINT('',(-11.1,-22.,9.13379170834341));
#5671=CARTESIAN_POINT('',(-11.1,-22.,5.47195519869764));
#5672=CARTESIAN_POINT('Origin',(-12.1,-22.,9.13379170834341));
#5673=CARTESIAN_POINT('',(-12.1,-23.,5.14921832022916));
#5674=CARTESIAN_POINT('',(-12.1,-23.,5.47195519869764));
#5675=CARTESIAN_POINT('Origin',(-12.1,-22.,5.14921832022916));
#5676=CARTESIAN_POINT('Origin',(-11.1,-22.,5.14921832022916));
#5677=CARTESIAN_POINT('',(-16.1,-21.8263518223331,4.16441056721695));
#5678=CARTESIAN_POINT('',(-11.1,-21.8263518223331,4.16441056721695));
#5679=CARTESIAN_POINT('',(-11.1,-21.8263518223331,4.16441056721695));
#5680=CARTESIAN_POINT('Origin',(-11.1,-22.,5.14921832022916));
#5681=CARTESIAN_POINT('',(-15.1,-23.,5.14921832022916));
#5682=CARTESIAN_POINT('',(-11.1,-23.,5.14921832022916));
#5683=CARTESIAN_POINT('',(-16.1,-22.,4.14921832022916));
#5684=CARTESIAN_POINT('Origin',(-15.1,-22.,5.14921832022916));
#5685=CARTESIAN_POINT('Origin',(-16.1,-22.,5.14921832022916));
#5686=CARTESIAN_POINT('Origin',(-15.1,-22.,5.47195519869764));
#5687=CARTESIAN_POINT('',(-16.1,-22.,9.13379170834341));
#5688=CARTESIAN_POINT('',(-16.1,-22.,5.47195519869764));
#5689=CARTESIAN_POINT('',(-15.1,-23.,5.47195519869764));
#5690=CARTESIAN_POINT('Origin',(-15.1,-22.,9.13379170834341));
#5691=CARTESIAN_POINT('Origin',(-11.1,-20.,6.98644566976034));
#5692=CARTESIAN_POINT('',(-11.1,-17.,5.01542661188575));
#5693=CARTESIAN_POINT('',(-11.1,-17.,5.01542661188575));
#5694=CARTESIAN_POINT('',(-11.1,-17.,10.0154266118857));
#5695=CARTESIAN_POINT('',(-11.1,-17.,3.49322283488017));
#5696=CARTESIAN_POINT('',(-11.1,-17.,10.0154266118857));
#5697=CARTESIAN_POINT('',(-11.1,-21.5,6.95746472763494));
#5698=CARTESIAN_POINT('Origin',(-11.1,-20.5,6.95746472763494));
#5699=CARTESIAN_POINT('Origin',(-11.1,-17.,5.01542661188575));
#5700=CARTESIAN_POINT('',(-16.1,-17.,5.01542661188575));
#5701=CARTESIAN_POINT('',(-16.1,-17.,5.01542661188575));
#5702=CARTESIAN_POINT('',(-16.,-17.,5.01542661188575));
#5703=CARTESIAN_POINT('',(-11.1,-17.,5.01542661188575));
#5704=CARTESIAN_POINT('',(-15.55,-17.,5.01542661188575));
#5705=CARTESIAN_POINT('Origin',(-11.1,-23.,3.95746472763494));
#5706=CARTESIAN_POINT('Origin',(12.1,-22.,7.97195519869764));
#5707=CARTESIAN_POINT('',(12.1,-23.,5.14921832022916));
#5708=CARTESIAN_POINT('',(12.1,-23.,8.11836509645767));
#5709=CARTESIAN_POINT('',(12.1,-23.,7.97195519869764));
#5710=CARTESIAN_POINT('',(11.1151922469878,-22.1736481776669,9.10317284946987));
#5711=CARTESIAN_POINT('Origin',(12.1,-22.,8.11836509645767));
#5712=CARTESIAN_POINT('',(11.1,-22.,9.13379170834341));
#5713=CARTESIAN_POINT('Origin',(12.1,-22.,9.13379170834341));
#5714=CARTESIAN_POINT('',(11.1,-22.,4.14921832022916));
#5715=CARTESIAN_POINT('',(11.1,-22.,7.97195519869764));
#5716=CARTESIAN_POINT('Origin',(12.1,-22.,5.14921832022916));
#5717=CARTESIAN_POINT('Origin',(11.1,-22.,8.11836509645767));
#5718=CARTESIAN_POINT('',(16.0848077530122,-22.1736481776669,9.10317284946987));
#5719=CARTESIAN_POINT('',(11.1,-22.1736481776669,9.10317284946987));
#5720=CARTESIAN_POINT('',(15.1,-23.,8.11836509645767));
#5721=CARTESIAN_POINT('',(11.1,-23.,8.11836509645767));
#5722=CARTESIAN_POINT('Origin',(15.1,-22.,8.11836509645767));
#5723=CARTESIAN_POINT('Origin',(11.1,-22.,5.14921832022916));
#5724=CARTESIAN_POINT('',(15.1,-23.,5.14921832022916));
#5725=CARTESIAN_POINT('',(11.1,-23.,5.14921832022916));
#5726=CARTESIAN_POINT('',(11.1,-21.8263518223331,4.16441056721695));
#5727=CARTESIAN_POINT('Origin',(11.1,-22.,5.14921832022916));
#5728=CARTESIAN_POINT('',(16.1,-21.8263518223331,4.16441056721695));
#5729=CARTESIAN_POINT('',(11.1,-21.8263518223331,4.16441056721695));
#5730=CARTESIAN_POINT('',(16.1,-22.,4.14921832022916));
#5731=CARTESIAN_POINT('Origin',(16.1,-22.,5.14921832022916));
#5732=CARTESIAN_POINT('Origin',(15.1,-22.,5.14921832022916));
#5733=CARTESIAN_POINT('Origin',(15.1,-22.,7.97195519869764));
#5734=CARTESIAN_POINT('',(16.1,-22.,9.13379170834341));
#5735=CARTESIAN_POINT('',(16.1,-22.,7.97195519869764));
#5736=CARTESIAN_POINT('Origin',(15.1,-22.,9.13379170834341));
#5737=CARTESIAN_POINT('',(15.1,-23.,7.97195519869764));
#5738=CARTESIAN_POINT('Origin',(16.1,-20.,6.98644566976034));
#5739=CARTESIAN_POINT('',(16.1,-17.,5.01542661188575));
#5740=CARTESIAN_POINT('',(16.1,-17.,5.01542661188575));
#5741=CARTESIAN_POINT('',(16.1,-17.,10.0154266118857));
#5742=CARTESIAN_POINT('',(16.1,-17.,4.));
#5743=CARTESIAN_POINT('',(16.1,-17.,10.0154266118857));
#5744=CARTESIAN_POINT('',(16.1,-21.5,6.95746472763494));
#5745=CARTESIAN_POINT('Origin',(16.1,-20.5,6.95746472763494));
#5746=CARTESIAN_POINT('Origin',(11.1,-23.,3.95746472763494));
#5747=CARTESIAN_POINT('',(11.1,-17.,5.01542661188575));
#5748=CARTESIAN_POINT('',(11.1,-17.,5.01542661188575));
#5749=CARTESIAN_POINT('',(16.,-17.,5.01542661188575));
#5750=CARTESIAN_POINT('',(-4.45,-17.,5.01542661188575));
#5751=CARTESIAN_POINT('',(11.1,-17.,5.01542661188575));
#5752=CARTESIAN_POINT('Origin',(11.1,-23.,8.95746472763494));
#5753=CARTESIAN_POINT('Origin',(-11.1,20.5,6.95746472763494));
#5754=CARTESIAN_POINT('',(-11.1,21.5,6.95746472763494));
#5755=CARTESIAN_POINT('',(-11.1,21.5,6.95746472763494));
#5756=CARTESIAN_POINT('Origin',(-11.1,20.5,6.95746472763494));
#5757=CARTESIAN_POINT('Origin',(-11.1,23.,8.95746472763494));
#5758=CARTESIAN_POINT('',(-16.,17.,10.0154266118857));
#5759=CARTESIAN_POINT('',(-11.1,17.,10.0154266118857));
#5760=CARTESIAN_POINT('',(-11.1,17.,10.0154266118857));
#5761=CARTESIAN_POINT('',(4.45,17.,10.0154266118857));
#5762=CARTESIAN_POINT('',(-11.1,17.,10.0154266118857));
#5763=CARTESIAN_POINT('Origin',(-11.1,17.,10.0154266118857));
#5764=CARTESIAN_POINT('',(-16.,17.,0.));
#5765=CARTESIAN_POINT('Origin',(-11.1,20.,6.98644566976034));
#5766=CARTESIAN_POINT('',(-11.1,17.,3.49322283488017));
#5767=CARTESIAN_POINT('Origin',(11.1,20.5,6.95746472763494));
#5768=CARTESIAN_POINT('',(16.1,21.5,6.95746472763494));
#5769=CARTESIAN_POINT('Origin',(16.1,20.5,6.95746472763494));
#5770=CARTESIAN_POINT('',(11.1,21.5,6.95746472763494));
#5771=CARTESIAN_POINT('Origin',(11.1,17.,10.0154266118857));
#5772=CARTESIAN_POINT('',(16.,17.,10.0154266118857));
#5773=CARTESIAN_POINT('',(15.55,17.,10.0154266118857));
#5774=CARTESIAN_POINT('',(16.1,17.,10.0154266118857));
#5775=CARTESIAN_POINT('',(11.1,17.,10.0154266118857));
#5776=CARTESIAN_POINT('',(16.1,17.,10.0154266118857));
#5777=CARTESIAN_POINT('Origin',(11.1,17.,5.01542661188575));
#5778=CARTESIAN_POINT('',(16.,17.,0.));
#5779=CARTESIAN_POINT('',(16.1,17.,4.));
#5780=CARTESIAN_POINT('Origin',(16.1,20.,6.98644566976034));
#5781=CARTESIAN_POINT('Origin',(-11.1,-17.,10.0154266118857));
#5782=CARTESIAN_POINT('',(-16.,-17.,10.0154266118857));
#5783=CARTESIAN_POINT('',(-16.,-17.,0.));
#5784=CARTESIAN_POINT('',(-16.1,-17.,10.0154266118857));
#5785=CARTESIAN_POINT('',(-16.1,-17.,4.));
#5786=CARTESIAN_POINT('',(-11.1,-17.,10.0154266118857));
#5787=CARTESIAN_POINT('Origin',(-11.1,-20.5,6.95746472763494));
#5788=CARTESIAN_POINT('',(-16.1,-21.5,6.95746472763494));
#5789=CARTESIAN_POINT('Origin',(-16.1,-20.5,6.95746472763494));
#5790=CARTESIAN_POINT('',(-11.1,-21.5,6.95746472763494));
#5791=CARTESIAN_POINT('Origin',(-11.1,-23.,8.95746472763494));
#5792=CARTESIAN_POINT('',(-15.55,-17.,10.0154266118857));
#5793=CARTESIAN_POINT('',(-16.1,-17.,10.0154266118857));
#5794=CARTESIAN_POINT('Origin',(-16.1,-20.,6.98644566976034));
#5795=CARTESIAN_POINT('Origin',(-20.,-17.,0.));
#5796=CARTESIAN_POINT('',(-16.,-17.,4.));
#5797=CARTESIAN_POINT('',(-16.,-17.,0.));
#5798=CARTESIAN_POINT('',(16.,-17.,4.));
#5799=CARTESIAN_POINT('',(-10.,-17.,4.));
#5800=CARTESIAN_POINT('',(16.,-17.,0.));
#5801=CARTESIAN_POINT('',(11.1,-17.,10.0154266118857));
#5802=CARTESIAN_POINT('',(11.1,-17.,3.49322283488017));
#5803=CARTESIAN_POINT('',(16.,-17.,10.0154266118857));
#5804=CARTESIAN_POINT('',(-4.45,-17.,10.0154266118857));
#5805=CARTESIAN_POINT('',(16.,-17.,13.));
#5806=CARTESIAN_POINT('',(16.,-17.,0.));
#5807=CARTESIAN_POINT('',(-16.,-17.,13.));
#5808=CARTESIAN_POINT('',(20.,-17.,13.));
#5809=CARTESIAN_POINT('',(-16.,-17.,0.));
#5810=CARTESIAN_POINT('Origin',(11.1,-17.,5.01542661188575));
#5811=CARTESIAN_POINT('',(16.,-17.,0.));
#5812=CARTESIAN_POINT('',(11.1,-17.,10.0154266118857));
#5813=CARTESIAN_POINT('Origin',(11.1,-20.5,6.95746472763494));
#5814=CARTESIAN_POINT('',(11.1,-21.5,6.95746472763494));
#5815=CARTESIAN_POINT('',(11.1,-21.5,6.95746472763494));
#5816=CARTESIAN_POINT('Origin',(11.1,-20.5,6.95746472763494));
#5817=CARTESIAN_POINT('Origin',(11.1,-17.,10.0154266118857));
#5818=CARTESIAN_POINT('',(11.1,-17.,10.0154266118857));
#5819=CARTESIAN_POINT('Origin',(11.1,-20.,6.98644566976034));
#5820=CARTESIAN_POINT('Origin',(5.23548928087794E-16,0.,1.30000000000001));
#5821=CARTESIAN_POINT('',(9.,-1.10218211923262E-15,0.300000000000011));
#5822=CARTESIAN_POINT('Origin',(7.58218566702738E-16,0.,0.300000000000009));
#5823=CARTESIAN_POINT('',(10.,-1.22464679914735E-15,1.30000000000001));
#5824=CARTESIAN_POINT('Origin',(9.,-1.10218211923262E-15,1.30000000000001));
#5825=CARTESIAN_POINT('Origin',(5.23548928087794E-16,0.,1.30000000000001));
#5826=CARTESIAN_POINT('Origin',(0.,0.,0.300000000000009));
#5827=CARTESIAN_POINT('Origin',(6.17416783533772E-16,0.,0.900000000000007));
#5828=CARTESIAN_POINT('',(10.,-1.22464679914735E-15,1.5));
#5829=CARTESIAN_POINT('Origin',(4.76615000364807E-16,0.,1.5));
#5830=CARTESIAN_POINT('',(10.,-1.22464679914735E-15,0.900000000000009));
#5831=CARTESIAN_POINT('Ctrl Pts',(9.95424395301126,0.00808114568745487,
-0.666666666666664));
#5832=CARTESIAN_POINT('Ctrl Pts',(9.95544849641187,-1.47565882453765,-0.666666666666664));
#5833=CARTESIAN_POINT('Ctrl Pts',(9.27976797235692,-4.46075924015059,-0.666666666666664));
#5834=CARTESIAN_POINT('Ctrl Pts',(6.42436088232511,-8.04442182293193,-0.666666666666665));
#5835=CARTESIAN_POINT('Ctrl Pts',(2.29568444115058,-10.0336798621978,-0.666666666666665));
#5836=CARTESIAN_POINT('Ctrl Pts',(-2.79880318725764,-10.0431360348694,-0.666666666666665));
#5837=CARTESIAN_POINT('Ctrl Pts',(-6.84428663383858,-7.7085115153803,-0.666666666666667));
#5838=CARTESIAN_POINT('Ctrl Pts',(-9.09983895194157,-4.38651033627011,-0.666666666666666));
#5839=CARTESIAN_POINT('Ctrl Pts',(-10.2935860716135,-0.537003398632419,
-0.666666666666668));
#5840=CARTESIAN_POINT('Ctrl Pts',(-9.67891581418059,3.53184196111656,-0.666666666666666));
#5841=CARTESIAN_POINT('Ctrl Pts',(-6.85432035654527,7.69764791215082,-0.666666666666668));
#5842=CARTESIAN_POINT('Ctrl Pts',(-3.27018723465425,9.77279333677882,-0.666666666666665));
#5843=CARTESIAN_POINT('Ctrl Pts',(1.74678936636484,10.1581950550756,-0.666666666666665));
#5844=CARTESIAN_POINT('Ctrl Pts',(6.09068858276887,8.4605909944942,-0.666666666666665));
#5845=CARTESIAN_POINT('Ctrl Pts',(9.27089478394901,4.47654213334843,-0.666666666666664));
#5846=CARTESIAN_POINT('Ctrl Pts',(9.95303940961065,1.49182111591256,-0.666666666666664));
#5847=CARTESIAN_POINT('Ctrl Pts',(9.95424395301126,0.00808114568745355,
-0.666666666666664));
#5848=CARTESIAN_POINT('Ctrl Pts',(10.0226305647723,0.00813666393427714,
-0.473240055251753));
#5849=CARTESIAN_POINT('Ctrl Pts',(10.0238432995694,-1.48569335567931,-0.473240055251753));
#5850=CARTESIAN_POINT('Ctrl Pts',(9.34350047307987,-4.49145475764299,-0.473240055251753));
#5851=CARTESIAN_POINT('Ctrl Pts',(6.46848639660258,-8.0996454331389,-0.473240055251754));
#5852=CARTESIAN_POINT('Ctrl Pts',(2.31143611763716,-10.1026168919659,-0.473240055251753));
#5853=CARTESIAN_POINT('Ctrl Pts',(-2.81801515351493,-10.1121006132396,-0.473240055251754));
#5854=CARTESIAN_POINT('Ctrl Pts',(-6.89130654059287,-7.76146585524754,-0.473240055251755));
#5855=CARTESIAN_POINT('Ctrl Pts',(-9.16233308653655,-4.41663183441832,-0.473240055251755));
#5856=CARTESIAN_POINT('Ctrl Pts',(-10.3643028291204,-0.54070708162824,-0.473240055251755));
#5857=CARTESIAN_POINT('Ctrl Pts',(-9.7453655807565,3.55612882674626,-0.473240055251755));
#5858=CARTESIAN_POINT('Ctrl Pts',(-6.9014381188901,7.75049574345884,-0.473240055251755));
#5859=CARTESIAN_POINT('Ctrl Pts',(-3.29262643993475,9.83991358853957,-0.473240055251754));
#5860=CARTESIAN_POINT('Ctrl Pts',(1.75878892543501,10.2279741780138,-0.473240055251754));
#5861=CARTESIAN_POINT('Ctrl Pts',(6.13250875518551,8.51869030315505,-0.473240055251753));
#5862=CARTESIAN_POINT('Ctrl Pts',(9.33456789278732,4.50733715054558,-0.473240055251753));
#5863=CARTESIAN_POINT('Ctrl Pts',(10.0214178299752,1.50196668354785,-0.473240055251753));
#5864=CARTESIAN_POINT('Ctrl Pts',(10.0226305647723,0.00813666393427586,
-0.473240055251753));
#5865=CARTESIAN_POINT('Ctrl Pts',(10.2820946861941,0.00834730447872964,
-0.130317772756246));
#5866=CARTESIAN_POINT('Ctrl Pts',(10.2833389495088,-1.52431910884838,-0.130317772756246));
#5867=CARTESIAN_POINT('Ctrl Pts',(9.58541582190275,-4.60764978058253,-0.130317772756245));
#5868=CARTESIAN_POINT('Ctrl Pts',(6.63595808432636,-8.30939496844012,-0.130317772756248));
#5869=CARTESIAN_POINT('Ctrl Pts',(2.37130580893462,-10.3641442354731,-0.130317772756245));
#5870=CARTESIAN_POINT('Ctrl Pts',(-2.8909930082216,-10.3739329601846,-0.130317772756246));
#5871=CARTESIAN_POINT('Ctrl Pts',(-7.06970907821247,-7.96239949710094,-0.130317772756247));
#5872=CARTESIAN_POINT('Ctrl Pts',(-9.39956196141276,-4.53099148869993,-0.130317772756247));
#5873=CARTESIAN_POINT('Ctrl Pts',(-10.6326139586477,-0.554681888495893,
-0.130317772756248));
#5874=CARTESIAN_POINT('Ctrl Pts',(-9.9977239627814,3.64815306585389,-0.130317772756247));
#5875=CARTESIAN_POINT('Ctrl Pts',(-7.08005695453957,7.95119607243218,-0.130317772756248));
#5876=CARTESIAN_POINT('Ctrl Pts',(-3.37790878019678,10.094679009087,-0.130317772756246));
#5877=CARTESIAN_POINT('Ctrl Pts',(1.80432182005029,10.4927679564191,-0.130317772756248));
#5878=CARTESIAN_POINT('Ctrl Pts',(6.29130335155667,8.73926164362912,-0.130317772756246));
#5879=CARTESIAN_POINT('Ctrl Pts',(9.57624950381735,4.62395753297049,-0.130317772756247));
#5880=CARTESIAN_POINT('Ctrl Pts',(10.2808504228794,1.54101371780582,-0.130317772756245));
#5881=CARTESIAN_POINT('Ctrl Pts',(10.2820946861941,0.00834730447872866,
-0.130317772756245));
#5882=CARTESIAN_POINT('Ctrl Pts',(10.6918928486234,0.00867999058414047,
2.91791584151194E-16));
#5883=CARTESIAN_POINT('Ctrl Pts',(10.6931866373187,-1.5849911044538,5.09127536727071E-16));
#5884=CARTESIAN_POINT('Ctrl Pts',(9.96743160441929,-4.7913287171895,1.8888164035286E-15));
#5885=CARTESIAN_POINT('Ctrl Pts',(6.90042945215523,-8.64053719328288,-1.56554648935624E-15));
#5886=CARTESIAN_POINT('Ctrl Pts',(2.46579992285957,-10.7772161743625,2.10281848772664E-15));
#5887=CARTESIAN_POINT('Ctrl Pts',(-3.00620249420076,-10.7873658912613,5.54139023609368E-16));
#5888=CARTESIAN_POINT('Ctrl Pts',(-7.3514751844669,-8.27974199918988,-4.00296406124331E-16));
#5889=CARTESIAN_POINT('Ctrl Pts',(-9.77416870097049,-4.71156538244479,-2.97997079189707E-16));
#5890=CARTESIAN_POINT('Ctrl Pts',(-11.056381337539,-0.576800249779718,-1.72098837407825E-15));
#5891=CARTESIAN_POINT('Ctrl Pts',(-10.3961530898661,3.79356981587959,8.96564671065178E-17));
#5892=CARTESIAN_POINT('Ctrl Pts',(-7.36225800801166,8.26806723005715,-8.69863595082062E-16));
#5893=CARTESIAN_POINT('Ctrl Pts',(-3.51251580946597,10.4969922198467,1.19944026862136E-15));
#5894=CARTESIAN_POINT('Ctrl Pts',(1.87623317344204,10.9109558710131,-2.13094332841239E-15));
#5895=CARTESIAN_POINT('Ctrl Pts',(6.5420282174279,9.08754933631381,1.19619660179216E-15));
#5896=CARTESIAN_POINT('Ctrl Pts',(9.9579011791151,4.80827946786548,-9.50545671603289E-16));
#5897=CARTESIAN_POINT('Ctrl Pts',(10.690599059928,1.60235108562204,1.34564316477215E-15));
#5898=CARTESIAN_POINT('Ctrl Pts',(10.6918928486234,0.00867999058414016,
1.40201460877635E-15));
#5899=CARTESIAN_POINT('Ctrl Pts',(10.8970526839065,0.008846545324607,2.77555756156289E-16));
#5900=CARTESIAN_POINT('Ctrl Pts',(10.8983713147295,-1.61542474047905,4.94523942630462E-16));
#5901=CARTESIAN_POINT('Ctrl Pts',(10.1586942179181,-4.88325669730436,1.89105147297513E-15));
#5902=CARTESIAN_POINT('Ctrl Pts',(7.03283939248314,-8.80634318687138,-1.59243342860466E-15));
#5903=CARTESIAN_POINT('Ctrl Pts',(2.51311846674952,-10.9840123054996,2.10550515577732E-15));
#5904=CARTESIAN_POINT('Ctrl Pts',(-3.06388972657294,-10.9943641124553,5.67165195405282E-16));
#5905=CARTESIAN_POINT('Ctrl Pts',(-7.49253809578718,-8.43861738712845,-4.09038145827985E-16));
#5906=CARTESIAN_POINT('Ctrl Pts',(-9.9617233556321,-4.80197536432446,-2.99080616413926E-16));
#5907=CARTESIAN_POINT('Ctrl Pts',(-11.2685353361031,-0.58786527173306,-1.75183325472424E-15));
#5908=CARTESIAN_POINT('Ctrl Pts',(-10.59564704744,3.86635771668786,9.24121221351303E-17));
#5909=CARTESIAN_POINT('Ctrl Pts',(-7.50352215499516,8.42672484588801,-8.70846568839296E-16));
#5910=CARTESIAN_POINT('Ctrl Pts',(-3.5799205595605,10.6984161089998,1.21425356831777E-15));
#5911=CARTESIAN_POINT('Ctrl Pts',(1.91223520769823,11.1203208612414,-2.11833221519825E-15));
#5912=CARTESIAN_POINT('Ctrl Pts',(6.66756357198,9.26192950857891,1.16352324789745E-15));
#5913=CARTESIAN_POINT('Ctrl Pts',(10.1489806121423,4.90053445536347,-9.37147664219621E-16));
#5914=CARTESIAN_POINT('Ctrl Pts',(10.8957340530835,1.63311783112822,1.33150265949844E-15));
#5915=CARTESIAN_POINT('Ctrl Pts',(10.8970526839065,0.00884654532460706,
1.38777878078145E-15));
#5916=CARTESIAN_POINT('',(10.8970526839065,0.00884654532460649,0.));
#5917=CARTESIAN_POINT('',(9.95424395301126,0.00808114568745487,-0.666666666666664));
#5918=CARTESIAN_POINT('Origin',(10.8970526839065,0.00884654532460649,-1.));
#5919=CARTESIAN_POINT('',(9.95424723326565,-3.42933059545058E-15,-0.666666666666664));
#5920=CARTESIAN_POINT('Ctrl Pts',(9.95424395301126,0.00808114568745355,
-0.666666666666664));
#5921=CARTESIAN_POINT('Ctrl Pts',(9.95303940961065,1.49182111591256,-0.666666666666664));
#5922=CARTESIAN_POINT('Ctrl Pts',(9.27089478394901,4.47654213334843,-0.666666666666664));
#5923=CARTESIAN_POINT('Ctrl Pts',(6.09068858276887,8.4605909944942,-0.666666666666665));
#5924=CARTESIAN_POINT('Ctrl Pts',(1.74678936636484,10.1581950550756,-0.666666666666665));
#5925=CARTESIAN_POINT('Ctrl Pts',(-3.27018723465425,9.77279333677882,-0.666666666666665));
#5926=CARTESIAN_POINT('Ctrl Pts',(-6.85432035654527,7.69764791215082,-0.666666666666668));
#5927=CARTESIAN_POINT('Ctrl Pts',(-9.67891581418059,3.53184196111656,-0.666666666666666));
#5928=CARTESIAN_POINT('Ctrl Pts',(-10.2935860716135,-0.537003398632419,
-0.666666666666668));
#5929=CARTESIAN_POINT('Ctrl Pts',(-9.09983895194157,-4.38651033627011,-0.666666666666666));
#5930=CARTESIAN_POINT('Ctrl Pts',(-6.84428663383858,-7.7085115153803,-0.666666666666667));
#5931=CARTESIAN_POINT('Ctrl Pts',(-2.79880318725764,-10.0431360348694,-0.666666666666665));
#5932=CARTESIAN_POINT('Ctrl Pts',(2.29568444115058,-10.0336798621978,-0.666666666666665));
#5933=CARTESIAN_POINT('Ctrl Pts',(6.42436088232511,-8.04442182293193,-0.666666666666665));
#5934=CARTESIAN_POINT('Ctrl Pts',(9.27803992788426,-4.46292801263128,-0.666666666666664));
#5935=CARTESIAN_POINT('Ctrl Pts',(9.95422075297788,-1.4810779315006,-0.666666666666664));
#5936=CARTESIAN_POINT('Ctrl Pts',(9.95424716122884,-3.51357518659748E-7,
-0.666666666666664));
#5937=CARTESIAN_POINT('Ctrl Pts',(9.95424716122884,-3.51357518659748E-7,
-0.666666666666664));
#5938=CARTESIAN_POINT('Ctrl Pts',(9.95424720926154,0.00269350940169542,
-0.666666666666664));
#5939=CARTESIAN_POINT('Ctrl Pts',(9.95424613991964,0.00538734206481857,
-0.666666666666664));
#5940=CARTESIAN_POINT('Ctrl Pts',(9.95424395301126,0.00808114568745487,
-0.666666666666664));
#5941=CARTESIAN_POINT('Ctrl Pts',(10.8970526839065,0.008846545324607,2.77555756156289E-16));
#5942=CARTESIAN_POINT('Ctrl Pts',(10.8983713147295,-1.61542474047905,4.94523942630462E-16));
#5943=CARTESIAN_POINT('Ctrl Pts',(10.1586942179181,-4.88325669730436,1.89105147297513E-15));
#5944=CARTESIAN_POINT('Ctrl Pts',(7.03283939248314,-8.80634318687138,-1.59243342860466E-15));
#5945=CARTESIAN_POINT('Ctrl Pts',(2.51311846674952,-10.9840123054996,2.10550515577732E-15));
#5946=CARTESIAN_POINT('Ctrl Pts',(-3.06388972657294,-10.9943641124553,5.67165195405282E-16));
#5947=CARTESIAN_POINT('Ctrl Pts',(-7.49253809578718,-8.43861738712845,-4.09038145827985E-16));
#5948=CARTESIAN_POINT('Ctrl Pts',(-9.9617233556321,-4.80197536432446,-2.99080616413926E-16));
#5949=CARTESIAN_POINT('Ctrl Pts',(-11.2685353361031,-0.58786527173306,-1.75183325472424E-15));
#5950=CARTESIAN_POINT('Ctrl Pts',(-10.59564704744,3.86635771668786,9.24121221351303E-17));
#5951=CARTESIAN_POINT('Ctrl Pts',(-7.50352215499516,8.42672484588801,-8.70846568839296E-16));
#5952=CARTESIAN_POINT('Ctrl Pts',(-3.5799205595605,10.6984161089998,1.21425356831777E-15));
#5953=CARTESIAN_POINT('Ctrl Pts',(1.91223520769823,11.1203208612414,-2.11833221519825E-15));
#5954=CARTESIAN_POINT('Ctrl Pts',(6.66756357198,9.26192950857891,1.16352324789745E-15));
#5955=CARTESIAN_POINT('Ctrl Pts',(10.1489806121423,4.90053445536347,-9.37147664219621E-16));
#5956=CARTESIAN_POINT('Ctrl Pts',(10.8957340530835,1.63311783112822,1.33150265949844E-15));
#5957=CARTESIAN_POINT('Ctrl Pts',(10.8970526839065,0.00884654532460706,
1.38777878078145E-15));
#5958=CARTESIAN_POINT('Origin',(0.,-2.22044604925031E-15,0.));
#5959=CARTESIAN_POINT('',(16.,13.,0.));
#5960=CARTESIAN_POINT('',(-16.,13.,0.));
#5961=CARTESIAN_POINT('',(10.,13.,0.));
#5962=CARTESIAN_POINT('',(16.,-13.,0.));
#5963=CARTESIAN_POINT('',(16.,-8.5,0.));
#5964=CARTESIAN_POINT('',(-16.,-13.,0.));
#5965=CARTESIAN_POINT('',(-10.,-13.,0.));
#5966=CARTESIAN_POINT('',(-16.,8.5,0.));
#5967=CARTESIAN_POINT('Origin',(9.224873137332E-16,0.,-0.399999999999998));
#5968=CARTESIAN_POINT('',(9.2,-1.12667505521557E-15,-1.2));
#5969=CARTESIAN_POINT('Origin',(1.11022302462516E-15,0.,-1.2));
#5970=CARTESIAN_POINT('Origin',(9.2,-1.12667505521557E-15,-0.399999999999995));
#5971=CARTESIAN_POINT('Origin',(1.11022302462516E-15,0.,-1.2));
#5972=CARTESIAN_POINT('Origin',(15.75,-12.75,12.));
#5973=CARTESIAN_POINT('',(14.5,-12.75,12.));
#5974=CARTESIAN_POINT('Origin',(15.75,-12.75,12.));
#5975=CARTESIAN_POINT('',(13.5,-12.75,12.));
#5976=CARTESIAN_POINT('Origin',(14.,-12.75,12.));
#5977=CARTESIAN_POINT('',(15.75,-15.,12.));
#5978=CARTESIAN_POINT('Origin',(15.75,-12.75,12.));
#5979=CARTESIAN_POINT('',(18.,-12.75,12.));
#5980=CARTESIAN_POINT('Origin',(15.75,-12.75,12.));
#5981=CARTESIAN_POINT('Origin',(15.75,-12.75,12.));
#5982=CARTESIAN_POINT('Origin',(15.75,-12.75,12.));
#5983=CARTESIAN_POINT('',(16.,-15.,12.));
#5984=CARTESIAN_POINT('',(16.875,-15.,12.));
#5985=CARTESIAN_POINT('',(18.,-13.,12.));
#5986=CARTESIAN_POINT('Origin',(16.,-13.,12.));
#5987=CARTESIAN_POINT('',(18.,1.125,12.));
#5988=CARTESIAN_POINT('Origin',(15.75,-12.75,12.));
#5989=CARTESIAN_POINT('',(18.,-11.6602752641148,12.));
#5990=CARTESIAN_POINT('',(18.,1.125,12.));
#5991=CARTESIAN_POINT('',(14.6602752641148,-15.,12.));
#5992=CARTESIAN_POINT('Origin',(15.75,-12.75,12.));
#5993=CARTESIAN_POINT('',(16.875,-15.,12.));
#5994=CARTESIAN_POINT('Origin',(-15.75,-12.75,12.));
#5995=CARTESIAN_POINT('',(-17.,-12.75,12.));
#5996=CARTESIAN_POINT('Origin',(-15.75,-12.75,12.));
#5997=CARTESIAN_POINT('',(-18.,-12.75,12.));
#5998=CARTESIAN_POINT('Origin',(-17.5,-12.75,12.));
#5999=CARTESIAN_POINT('',(-15.75,-15.,12.));
#6000=CARTESIAN_POINT('Origin',(-15.75,-12.75,12.));
#6001=CARTESIAN_POINT('Origin',(-15.75,-12.75,12.));
#6002=CARTESIAN_POINT('Origin',(-15.75,-12.75,12.));
#6003=CARTESIAN_POINT('',(-14.6602752641148,-15.,12.));
#6004=CARTESIAN_POINT('',(1.125,-15.,12.));
#6005=CARTESIAN_POINT('',(-18.,-11.6602752641148,12.));
#6006=CARTESIAN_POINT('Origin',(-15.75,-12.75,12.));
#6007=CARTESIAN_POINT('',(-18.,-13.875,12.));
#6008=CARTESIAN_POINT('Origin',(-15.75,-12.75,12.));
#6009=CARTESIAN_POINT('',(-18.,-13.,12.));
#6010=CARTESIAN_POINT('',(-18.,-13.875,12.));
#6011=CARTESIAN_POINT('',(-16.,-15.,12.));
#6012=CARTESIAN_POINT('Origin',(-16.,-13.,12.));
#6013=CARTESIAN_POINT('',(1.125,-15.,12.));
#6014=CARTESIAN_POINT('Origin',(15.75,12.75,12.));
#6015=CARTESIAN_POINT('',(14.5,12.75,12.));
#6016=CARTESIAN_POINT('Origin',(15.75,12.75,12.));
#6017=CARTESIAN_POINT('',(13.5,12.75,12.));
#6018=CARTESIAN_POINT('Origin',(14.,12.75,12.));
#6019=CARTESIAN_POINT('',(18.,12.75,12.));
#6020=CARTESIAN_POINT('Origin',(15.75,12.75,12.));
#6021=CARTESIAN_POINT('',(15.75,15.,12.));
#6022=CARTESIAN_POINT('Origin',(15.75,12.75,12.));
#6023=CARTESIAN_POINT('Origin',(15.75,12.75,12.));
#6024=CARTESIAN_POINT('Origin',(15.75,12.75,12.));
#6025=CARTESIAN_POINT('',(18.,13.,12.));
#6026=CARTESIAN_POINT('',(18.,13.875,12.));
#6027=CARTESIAN_POINT('',(16.,15.,12.));
#6028=CARTESIAN_POINT('Origin',(16.,13.,12.));
#6029=CARTESIAN_POINT('',(-1.125,15.,12.));
#6030=CARTESIAN_POINT('Origin',(15.75,12.75,12.));
#6031=CARTESIAN_POINT('',(14.6602752641148,15.,12.));
#6032=CARTESIAN_POINT('',(-1.125,15.,12.));
#6033=CARTESIAN_POINT('',(18.,11.6602752641148,12.));
#6034=CARTESIAN_POINT('Origin',(15.75,12.75,12.));
#6035=CARTESIAN_POINT('',(18.,13.875,12.));
#6036=CARTESIAN_POINT('Origin',(-15.75,12.75,12.));
#6037=CARTESIAN_POINT('',(-17.,12.75,12.));
#6038=CARTESIAN_POINT('Origin',(-15.75,12.75,12.));
#6039=CARTESIAN_POINT('',(-18.,12.75,12.));
#6040=CARTESIAN_POINT('Origin',(-17.5,12.75,12.));
#6041=CARTESIAN_POINT('',(-15.75,15.,12.));
#6042=CARTESIAN_POINT('Origin',(-15.75,12.75,12.));
#6043=CARTESIAN_POINT('Origin',(-15.75,12.75,12.));
#6044=CARTESIAN_POINT('Origin',(-15.75,12.75,12.));
#6045=CARTESIAN_POINT('',(-16.,15.,12.));
#6046=CARTESIAN_POINT('',(-16.875,15.,12.));
#6047=CARTESIAN_POINT('',(-18.,13.,12.));
#6048=CARTESIAN_POINT('Origin',(-16.,13.,12.));
#6049=CARTESIAN_POINT('',(-18.,-1.125,12.));
#6050=CARTESIAN_POINT('Origin',(-15.75,12.75,12.));
#6051=CARTESIAN_POINT('',(-18.,11.6602752641148,12.));
#6052=CARTESIAN_POINT('',(-18.,-1.125,12.));
#6053=CARTESIAN_POINT('',(-14.6602752641148,15.,12.));
#6054=CARTESIAN_POINT('Origin',(-15.75,12.75,12.));
#6055=CARTESIAN_POINT('',(-16.875,15.,12.));
#6056=CARTESIAN_POINT('Origin',(16.,13.,12.8));
#6057=CARTESIAN_POINT('',(16.,16.4031128874149,13.));
#6058=CARTESIAN_POINT('',(19.4031128874149,13.,13.));
#6059=CARTESIAN_POINT('Origin',(16.,13.,13.));
#6060=CARTESIAN_POINT('',(16.,15.5968871125851,13.));
#6061=CARTESIAN_POINT('Origin',(16.,16.,12.8));
#6062=CARTESIAN_POINT('',(18.5968871125851,13.,13.));
#6063=CARTESIAN_POINT('Origin',(16.,13.,13.));
#6064=CARTESIAN_POINT('Origin',(19.,13.,12.8));
#6065=CARTESIAN_POINT('Origin',(19.,13.,12.8));
#6066=CARTESIAN_POINT('',(19.4031128874149,-13.,13.));
#6067=CARTESIAN_POINT('',(19.4031128874149,13.,13.));
#6068=CARTESIAN_POINT('',(18.5968871125851,-13.,13.));
#6069=CARTESIAN_POINT('',(18.5968871125851,13.,13.));
#6070=CARTESIAN_POINT('Origin',(19.,-13.,12.8));
#6071=CARTESIAN_POINT('Origin',(16.,-13.,12.8));
#6072=CARTESIAN_POINT('',(16.,-16.4031128874149,13.));
#6073=CARTESIAN_POINT('Origin',(16.,-13.,13.));
#6074=CARTESIAN_POINT('',(16.,-15.5968871125851,13.));
#6075=CARTESIAN_POINT('Origin',(16.,-13.,13.));
#6076=CARTESIAN_POINT('Origin',(16.,-16.,12.8));
#6077=CARTESIAN_POINT('Origin',(16.,-16.,12.8));
#6078=CARTESIAN_POINT('',(-16.,-16.4031128874149,13.));
#6079=CARTESIAN_POINT('',(16.,-16.4031128874149,13.));
#6080=CARTESIAN_POINT('',(-16.,-15.5968871125851,13.));
#6081=CARTESIAN_POINT('',(16.,-15.5968871125851,13.));
#6082=CARTESIAN_POINT('Origin',(-16.,-16.,12.8));
#6083=CARTESIAN_POINT('Origin',(-16.,-13.,12.8));
#6084=CARTESIAN_POINT('',(-19.4031128874149,-13.,13.));
#6085=CARTESIAN_POINT('Origin',(-16.,-13.,13.));
#6086=CARTESIAN_POINT('',(-18.5968871125851,-13.,13.));
#6087=CARTESIAN_POINT('Origin',(-16.,-13.,13.));
#6088=CARTESIAN_POINT('Origin',(-19.,-13.,12.8));
#6089=CARTESIAN_POINT('Origin',(-16.,16.,12.8));
#6090=CARTESIAN_POINT('',(-16.,16.4031128874149,13.));
#6091=CARTESIAN_POINT('',(-16.,16.4031128874149,13.));
#6092=CARTESIAN_POINT('',(-16.,15.5968871125851,13.));
#6093=CARTESIAN_POINT('Origin',(-16.,16.,12.8));
#6094=CARTESIAN_POINT('',(-16.,15.5968871125851,13.));
#6095=CARTESIAN_POINT('Origin',(-16.,13.,12.8));
#6096=CARTESIAN_POINT('',(-19.4031128874149,13.,13.));
#6097=CARTESIAN_POINT('Origin',(-16.,13.,13.));
#6098=CARTESIAN_POINT('',(-18.5968871125851,13.,13.));
#6099=CARTESIAN_POINT('Origin',(-19.,13.,12.8));
#6100=CARTESIAN_POINT('Origin',(-16.,13.,13.));
#6101=CARTESIAN_POINT('Origin',(-19.,4.44089209850063E-15,12.8));
#6102=CARTESIAN_POINT('',(-19.4031128874149,4.37203898940352E-15,13.));
#6103=CARTESIAN_POINT('',(-18.5968871125851,4.50974520759773E-15,13.));
#6104=CARTESIAN_POINT('Origin',(0.,-2.22044604925031E-15,13.));
#6105=CARTESIAN_POINT('',(16.,-15.,13.));
#6106=CARTESIAN_POINT('',(-16.,-15.,13.));
#6107=CARTESIAN_POINT('',(18.,-15.,13.));
#6108=CARTESIAN_POINT('',(-18.,-13.,13.));
#6109=CARTESIAN_POINT('Origin',(-16.,-13.,13.));
#6110=CARTESIAN_POINT('',(-18.,13.,13.));
#6111=CARTESIAN_POINT('',(-18.,-15.,13.));
#6112=CARTESIAN_POINT('',(-16.,15.,13.));
#6113=CARTESIAN_POINT('Origin',(-16.,13.,13.));
#6114=CARTESIAN_POINT('',(16.,15.,13.));
#6115=CARTESIAN_POINT('',(-18.,15.,13.));
#6116=CARTESIAN_POINT('',(18.,13.,13.));
#6117=CARTESIAN_POINT('Origin',(16.,13.,13.));
#6118=CARTESIAN_POINT('',(18.,-13.,13.));
#6119=CARTESIAN_POINT('',(18.,15.,13.));
#6120=CARTESIAN_POINT('Origin',(16.,-13.,13.));
#6121=CARTESIAN_POINT('Origin',(-15.75,12.75,13.));
#6122=CARTESIAN_POINT('',(-15.,12.75,12.));
#6123=CARTESIAN_POINT('Origin',(-15.75,12.75,12.));
#6124=CARTESIAN_POINT('',(-15.,12.75,9.));
#6125=CARTESIAN_POINT('',(-15.,12.75,13.));
#6126=CARTESIAN_POINT('Origin',(-15.75,12.75,9.));
#6127=CARTESIAN_POINT('Origin',(-15.75,12.75,9.));
#6128=CARTESIAN_POINT('Origin',(-15.75,-12.75,13.));
#6129=CARTESIAN_POINT('',(-15.,-12.75,12.));
#6130=CARTESIAN_POINT('Origin',(-15.75,-12.75,12.));
#6131=CARTESIAN_POINT('',(-15.,-12.75,9.));
#6132=CARTESIAN_POINT('',(-15.,-12.75,13.));
#6133=CARTESIAN_POINT('Origin',(-15.75,-12.75,9.));
#6134=CARTESIAN_POINT('Origin',(-15.75,-12.75,9.));
#6135=CARTESIAN_POINT('Origin',(15.75,12.75,13.));
#6136=CARTESIAN_POINT('',(16.5,12.75,12.));
#6137=CARTESIAN_POINT('Origin',(15.75,12.75,12.));
#6138=CARTESIAN_POINT('',(16.5,12.75,9.));
#6139=CARTESIAN_POINT('',(16.5,12.75,13.));
#6140=CARTESIAN_POINT('Origin',(15.75,12.75,9.));
#6141=CARTESIAN_POINT('Origin',(15.75,12.75,9.));
#6142=CARTESIAN_POINT('Origin',(15.75,-12.75,13.));
#6143=CARTESIAN_POINT('',(16.5,-12.75,12.));
#6144=CARTESIAN_POINT('Origin',(15.75,-12.75,12.));
#6145=CARTESIAN_POINT('',(16.5,-12.75,9.));
#6146=CARTESIAN_POINT('',(16.5,-12.75,13.));
#6147=CARTESIAN_POINT('Origin',(15.75,-12.75,9.));
#6148=CARTESIAN_POINT('Origin',(15.75,-12.75,9.));
#6149=CARTESIAN_POINT('Origin',(15.75,12.75,12.));
#6150=CARTESIAN_POINT('',(14.6602752641148,15.,8.));
#6151=CARTESIAN_POINT('',(14.6602752641148,15.,12.));
#6152=CARTESIAN_POINT('',(18.,11.6602752641148,8.));
#6153=CARTESIAN_POINT('Origin',(15.75,12.75,8.));
#6154=CARTESIAN_POINT('',(18.,11.6602752641148,12.));
#6155=CARTESIAN_POINT('Origin',(15.75,12.75,8.));
#6156=CARTESIAN_POINT('',(16.,15.,8.));
#6157=CARTESIAN_POINT('',(-1.125,15.,8.));
#6158=CARTESIAN_POINT('',(18.,13.,8.));
#6159=CARTESIAN_POINT('Origin',(16.,13.,8.));
#6160=CARTESIAN_POINT('',(18.,13.875,8.));
#6161=CARTESIAN_POINT('Origin',(15.75,12.75,12.));
#6162=CARTESIAN_POINT('Origin',(18.,15.,0.));
#6163=CARTESIAN_POINT('',(18.,13.,2.5));
#6164=CARTESIAN_POINT('',(18.,13.,0.));
#6165=CARTESIAN_POINT('',(18.,-13.,2.5));
#6166=CARTESIAN_POINT('',(18.,7.5,2.5));
#6167=CARTESIAN_POINT('',(18.,-13.,8.));
#6168=CARTESIAN_POINT('',(18.,-13.,0.));
#6169=CARTESIAN_POINT('',(18.,-11.6602752641148,8.));
#6170=CARTESIAN_POINT('',(18.,1.125,8.));
#6171=CARTESIAN_POINT('',(18.,-11.6602752641148,12.));
#6172=CARTESIAN_POINT('',(18.,-13.,0.));
#6173=CARTESIAN_POINT('',(18.,13.,0.));
#6174=CARTESIAN_POINT('Origin',(16.,13.,0.));
#6175=CARTESIAN_POINT('',(16.,15.,2.5));
#6176=CARTESIAN_POINT('',(16.,15.,0.));
#6177=CARTESIAN_POINT('Origin',(16.,13.,2.5));
#6178=CARTESIAN_POINT('Origin',(16.,13.,0.));
#6179=CARTESIAN_POINT('',(16.,15.,0.));
#6180=CARTESIAN_POINT('Origin',(-15.75,12.75,8.));
#6181=CARTESIAN_POINT('',(-18.,13.,8.));
#6182=CARTESIAN_POINT('',(-18.,11.6602752641148,8.));
#6183=CARTESIAN_POINT('',(-18.,-1.125,8.));
#6184=CARTESIAN_POINT('',(-16.,15.,8.));
#6185=CARTESIAN_POINT('Origin',(-16.,13.,8.));
#6186=CARTESIAN_POINT('',(-14.6602752641148,15.,8.));
#6187=CARTESIAN_POINT('',(-16.875,15.,8.));
#6188=CARTESIAN_POINT('Origin',(-15.75,12.75,8.));
#6189=CARTESIAN_POINT('Origin',(-15.75,12.75,12.));
#6190=CARTESIAN_POINT('',(-18.,11.6602752641148,12.));
#6191=CARTESIAN_POINT('',(-14.6602752641148,15.,12.));
#6192=CARTESIAN_POINT('Origin',(-15.75,12.75,12.));
#6193=CARTESIAN_POINT('Origin',(-18.,-15.,0.));
#6194=CARTESIAN_POINT('',(-18.,13.,0.));
#6195=CARTESIAN_POINT('',(-18.,-13.,0.));
#6196=CARTESIAN_POINT('',(-18.,-11.6602752641148,8.));
#6197=CARTESIAN_POINT('',(-18.,-11.6602752641148,12.));
#6198=CARTESIAN_POINT('',(-18.,-13.,8.));
#6199=CARTESIAN_POINT('',(-18.,-13.875,8.));
#6200=CARTESIAN_POINT('',(-18.,-13.,2.5));
#6201=CARTESIAN_POINT('',(-18.,-13.,0.));
#6202=CARTESIAN_POINT('',(-18.,13.,2.5));
#6203=CARTESIAN_POINT('',(-18.,-7.5,2.5));
#6204=CARTESIAN_POINT('',(-18.,13.,0.));
#6205=CARTESIAN_POINT('Origin',(-16.,13.,0.));
#6206=CARTESIAN_POINT('',(-16.,15.,0.));
#6207=CARTESIAN_POINT('Origin',(15.75,-12.75,12.));
#6208=CARTESIAN_POINT('',(14.6602752641148,-15.,8.));
#6209=CARTESIAN_POINT('Origin',(15.75,-12.75,8.));
#6210=CARTESIAN_POINT('',(14.6602752641148,-15.,12.));
#6211=CARTESIAN_POINT('Origin',(15.75,-12.75,8.));
#6212=CARTESIAN_POINT('',(16.,-15.,8.));
#6213=CARTESIAN_POINT('Origin',(16.,-13.,8.));
#6214=CARTESIAN_POINT('',(16.875,-15.,8.));
#6215=CARTESIAN_POINT('Origin',(15.75,-12.75,12.));
#6216=CARTESIAN_POINT('Origin',(18.,-15.,0.));
#6217=CARTESIAN_POINT('',(16.,-15.,2.5));
#6218=CARTESIAN_POINT('',(16.,-15.,0.));
#6219=CARTESIAN_POINT('',(-16.,-15.,2.5));
#6220=CARTESIAN_POINT('',(9.,-15.,2.5));
#6221=CARTESIAN_POINT('',(-16.,-15.,8.));
#6222=CARTESIAN_POINT('',(-16.,-15.,0.));
#6223=CARTESIAN_POINT('',(-14.6602752641148,-15.,8.));
#6224=CARTESIAN_POINT('',(1.125,-15.,8.));
#6225=CARTESIAN_POINT('',(-14.6602752641148,-15.,12.));
#6226=CARTESIAN_POINT('',(-16.,-15.,0.));
#6227=CARTESIAN_POINT('',(16.,-15.,0.));
#6228=CARTESIAN_POINT('Origin',(16.,-13.,0.));
#6229=CARTESIAN_POINT('Origin',(16.,-13.,2.5));
#6230=CARTESIAN_POINT('Origin',(16.,-13.,0.));
#6231=CARTESIAN_POINT('Origin',(-15.75,-12.75,12.));
#6232=CARTESIAN_POINT('Origin',(-15.75,-12.75,8.));
#6233=CARTESIAN_POINT('Origin',(-15.75,-12.75,8.));
#6234=CARTESIAN_POINT('Origin',(-16.,-13.,8.));
#6235=CARTESIAN_POINT('Origin',(-15.75,-12.75,12.));
#6236=CARTESIAN_POINT('Origin',(-16.,-13.,0.));
#6237=CARTESIAN_POINT('Origin',(-16.,-13.,2.5));
#6238=CARTESIAN_POINT('Origin',(-16.,-13.,0.));
#6239=CARTESIAN_POINT('Origin',(-16.,-13.,4.));
#6240=CARTESIAN_POINT('',(-20.,-13.,4.));
#6241=CARTESIAN_POINT('Origin',(-16.,-13.,4.));
#6242=CARTESIAN_POINT('Origin',(-16.,-13.,4.));
#6243=CARTESIAN_POINT('Origin',(-16.,-13.,4.));
#6244=CARTESIAN_POINT('Origin',(-16.,13.,4.));
#6245=CARTESIAN_POINT('',(-16.,17.,4.));
#6246=CARTESIAN_POINT('',(-20.,13.,4.));
#6247=CARTESIAN_POINT('Origin',(-16.,13.,4.));
#6248=CARTESIAN_POINT('Origin',(-16.,13.,4.));
#6249=CARTESIAN_POINT('Origin',(-16.,13.,4.));
#6250=CARTESIAN_POINT('Origin',(16.,-13.,4.));
#6251=CARTESIAN_POINT('',(20.,-13.,4.));
#6252=CARTESIAN_POINT('Origin',(16.,-13.,4.));
#6253=CARTESIAN_POINT('Origin',(16.,-13.,4.));
#6254=CARTESIAN_POINT('Origin',(16.,-13.,4.));
#6255=CARTESIAN_POINT('Origin',(-10.,-13.,4.));
#6256=CARTESIAN_POINT('Origin',(16.,13.,4.));
#6257=CARTESIAN_POINT('',(20.,13.,4.));
#6258=CARTESIAN_POINT('Origin',(16.,13.,4.));
#6259=CARTESIAN_POINT('',(16.,17.,4.));
#6260=CARTESIAN_POINT('Origin',(16.,13.,4.));
#6261=CARTESIAN_POINT('Origin',(16.,13.,4.));
#6262=CARTESIAN_POINT('Origin',(10.,13.,4.));
#6263=CARTESIAN_POINT('',(10.,17.,4.));
#6264=CARTESIAN_POINT('Origin',(16.,13.,0.));
#6265=CARTESIAN_POINT('',(16.,17.,13.));
#6266=CARTESIAN_POINT('',(20.,13.,13.));
#6267=CARTESIAN_POINT('Origin',(16.,13.,13.));
#6268=CARTESIAN_POINT('',(20.,13.,0.));
#6269=CARTESIAN_POINT('',(16.,17.,0.));
#6270=CARTESIAN_POINT('',(16.,17.,0.));
#6271=CARTESIAN_POINT('Origin',(16.,-8.5,4.));
#6272=CARTESIAN_POINT('',(20.,-8.5,4.));
#6273=CARTESIAN_POINT('Origin',(16.,-13.,0.));
#6274=CARTESIAN_POINT('',(20.,-13.,13.));
#6275=CARTESIAN_POINT('Origin',(16.,-13.,13.));
#6276=CARTESIAN_POINT('',(20.,-13.,0.));
#6277=CARTESIAN_POINT('Origin',(-16.,8.5,4.));
#6278=CARTESIAN_POINT('',(-20.,8.5,4.));
#6279=CARTESIAN_POINT('Origin',(-16.,13.,0.));
#6280=CARTESIAN_POINT('',(-20.,13.,13.));
#6281=CARTESIAN_POINT('',(-16.,17.,13.));
#6282=CARTESIAN_POINT('Origin',(-16.,13.,13.));
#6283=CARTESIAN_POINT('',(-16.,17.,0.));
#6284=CARTESIAN_POINT('',(-16.,17.,0.));
#6285=CARTESIAN_POINT('',(-20.,13.,0.));
#6286=CARTESIAN_POINT('Origin',(-16.,-13.,0.));
#6287=CARTESIAN_POINT('',(-20.,-13.,13.));
#6288=CARTESIAN_POINT('Origin',(-16.,-13.,13.));
#6289=CARTESIAN_POINT('',(-20.,-13.,0.));
#6290=CARTESIAN_POINT('Origin',(20.,17.,0.));
#6291=CARTESIAN_POINT('',(-20.,17.,13.));
#6292=CARTESIAN_POINT('Origin',(-20.,17.,0.));
#6293=CARTESIAN_POINT('',(-20.,-17.,13.));
#6294=CARTESIAN_POINT('Ctrl Pts',(-16.,-15.,2.5));
#6295=CARTESIAN_POINT('Ctrl Pts',(-18.,-15.,2.5));
#6296=CARTESIAN_POINT('Ctrl Pts',(-18.,-13.,2.5));
#6297=CARTESIAN_POINT('Ctrl Pts',(-16.,-15.,1.5));
#6298=CARTESIAN_POINT('Ctrl Pts',(-18.,-15.,1.5));
#6299=CARTESIAN_POINT('Ctrl Pts',(-18.,-13.,1.5));
#6300=CARTESIAN_POINT('Ctrl Pts',(-16.,-14.,1.5));
#6301=CARTESIAN_POINT('Ctrl Pts',(-17.,-14.,1.5));
#6302=CARTESIAN_POINT('Ctrl Pts',(-17.,-13.,1.5));
#6303=CARTESIAN_POINT('',(-16.,-14.,1.5));
#6304=CARTESIAN_POINT('',(-17.,-13.,1.5));
#6305=CARTESIAN_POINT('Origin',(-16.,-13.,1.5));
#6306=CARTESIAN_POINT('Origin',(-17.,-13.,2.5));
#6307=CARTESIAN_POINT('Origin',(-16.,-14.,2.5));
#6308=CARTESIAN_POINT('Ctrl Pts',(16.,-14.,1.5));
#6309=CARTESIAN_POINT('Ctrl Pts',(17.,-14.,1.5));
#6310=CARTESIAN_POINT('Ctrl Pts',(17.,-13.,1.5));
#6311=CARTESIAN_POINT('Ctrl Pts',(16.,-15.,1.5));
#6312=CARTESIAN_POINT('Ctrl Pts',(18.,-15.,1.5));
#6313=CARTESIAN_POINT('Ctrl Pts',(18.,-13.,1.5));
#6314=CARTESIAN_POINT('Ctrl Pts',(16.,-15.,2.5));
#6315=CARTESIAN_POINT('Ctrl Pts',(18.,-15.,2.5));
#6316=CARTESIAN_POINT('Ctrl Pts',(18.,-13.,2.5));
#6317=CARTESIAN_POINT('',(17.,-13.,1.5));
#6318=CARTESIAN_POINT('Origin',(17.,-13.,2.5));
#6319=CARTESIAN_POINT('',(16.,-14.,1.5));
#6320=CARTESIAN_POINT('Origin',(16.,-13.,1.5));
#6321=CARTESIAN_POINT('Origin',(16.,-14.,2.5));
#6322=CARTESIAN_POINT('Ctrl Pts',(-18.,13.,2.5));
#6323=CARTESIAN_POINT('Ctrl Pts',(-18.,15.,2.5));
#6324=CARTESIAN_POINT('Ctrl Pts',(-16.,15.,2.5));
#6325=CARTESIAN_POINT('Ctrl Pts',(-18.,13.,1.5));
#6326=CARTESIAN_POINT('Ctrl Pts',(-18.,15.,1.5));
#6327=CARTESIAN_POINT('Ctrl Pts',(-16.,15.,1.5));
#6328=CARTESIAN_POINT('Ctrl Pts',(-17.,13.,1.5));
#6329=CARTESIAN_POINT('Ctrl Pts',(-17.,14.,1.5));
#6330=CARTESIAN_POINT('Ctrl Pts',(-16.,14.,1.5));
#6331=CARTESIAN_POINT('',(-17.,13.,1.5));
#6332=CARTESIAN_POINT('',(-16.,14.,1.5));
#6333=CARTESIAN_POINT('Origin',(-16.,13.,1.5));
#6334=CARTESIAN_POINT('',(-16.,15.,2.5));
#6335=CARTESIAN_POINT('Origin',(-16.,14.,2.5));
#6336=CARTESIAN_POINT('Origin',(-16.,13.,2.5));
#6337=CARTESIAN_POINT('Origin',(-17.,13.,2.5));
#6338=CARTESIAN_POINT('Ctrl Pts',(16.,15.,2.5));
#6339=CARTESIAN_POINT('Ctrl Pts',(18.,15.,2.5));
#6340=CARTESIAN_POINT('Ctrl Pts',(18.,13.,2.5));
#6341=CARTESIAN_POINT('Ctrl Pts',(16.,15.,1.5));
#6342=CARTESIAN_POINT('Ctrl Pts',(18.,15.,1.5));
#6343=CARTESIAN_POINT('Ctrl Pts',(18.,13.,1.5));
#6344=CARTESIAN_POINT('Ctrl Pts',(16.,14.,1.5));
#6345=CARTESIAN_POINT('Ctrl Pts',(17.,14.,1.5));
#6346=CARTESIAN_POINT('Ctrl Pts',(17.,13.,1.5));
#6347=CARTESIAN_POINT('',(16.,14.,1.5));
#6348=CARTESIAN_POINT('',(17.,13.,1.5));
#6349=CARTESIAN_POINT('Origin',(16.,13.,1.5));
#6350=CARTESIAN_POINT('Origin',(17.,13.,2.5));
#6351=CARTESIAN_POINT('Origin',(16.,14.,2.5));
#6352=CARTESIAN_POINT('Origin',(17.,7.5,2.5));
#6353=CARTESIAN_POINT('',(17.,7.5,1.5));
#6354=CARTESIAN_POINT('Origin',(-9.,14.,2.5));
#6355=CARTESIAN_POINT('',(-9.,14.,1.5));
#6356=CARTESIAN_POINT('',(-9.,15.,2.5));
#6357=CARTESIAN_POINT('Origin',(-16.,13.,0.));
#6358=CARTESIAN_POINT('',(-16.,15.,0.));
#6359=CARTESIAN_POINT('Origin',(-17.,-7.5,2.5));
#6360=CARTESIAN_POINT('',(-17.,-7.5,1.5));
#6361=CARTESIAN_POINT('Origin',(9.,-14.,2.5));
#6362=CARTESIAN_POINT('',(9.,-14.,1.5));
#6363=CARTESIAN_POINT('Origin',(0.,-2.22044604925031E-15,1.5));
#6364=CARTESIAN_POINT('Origin',(-18.,15.,0.));
#6365=CARTESIAN_POINT('Origin',(0.,-2.22044604925031E-15,13.));
#6366=CARTESIAN_POINT('',(20.,17.,13.));
#6367=CARTESIAN_POINT('Origin',(20.,-17.,0.));
#6368=UNCERTAINTY_MEASURE_WITH_UNIT(LENGTH_MEASURE(0.01),#6372,
'DISTANCE_ACCURACY_VALUE',
'Maximum model space distance between geometric entities at asserted c
onnectivities');
#6369=UNCERTAINTY_MEASURE_WITH_UNIT(LENGTH_MEASURE(0.01),#6372,
'DISTANCE_ACCURACY_VALUE',
'Maximum model space distance between geometric entities at asserted c
onnectivities');
#6370=(
GEOMETRIC_REPRESENTATION_CONTEXT(3)
GLOBAL_UNCERTAINTY_ASSIGNED_CONTEXT((#6368))
GLOBAL_UNIT_ASSIGNED_CONTEXT((#6372,#6373,#6374))
REPRESENTATION_CONTEXT('','3D')
);
#6371=(
GEOMETRIC_REPRESENTATION_CONTEXT(3)
GLOBAL_UNCERTAINTY_ASSIGNED_CONTEXT((#6369))
GLOBAL_UNIT_ASSIGNED_CONTEXT((#6372,#6373,#6374))
REPRESENTATION_CONTEXT('','3D')
);
#6372=(
LENGTH_UNIT()
NAMED_UNIT(*)
SI_UNIT(.MILLI.,.METRE.)
);
#6373=(
NAMED_UNIT(*)
PLANE_ANGLE_UNIT()
SI_UNIT($,.RADIAN.)
);
#6374=(
NAMED_UNIT(*)
SI_UNIT($,.STERADIAN.)
SOLID_ANGLE_UNIT()
);
#6375=SHAPE_DEFINITION_REPRESENTATION(#6376,#6377);
#6376=PRODUCT_DEFINITION_SHAPE('',$,#6379);
#6377=SHAPE_REPRESENTATION('',(#3568),#6370);
#6378=PRODUCT_DEFINITION_CONTEXT('part definition',#6383,'design');
#6379=PRODUCT_DEFINITION('Main Body Design 11.2',
'Main Body Design 11.2 v1',#6380,#6378);
#6380=PRODUCT_DEFINITION_FORMATION('',$,#6385);
#6381=PRODUCT_RELATED_PRODUCT_CATEGORY('Main Body Design 11.2 v1',
'Main Body Design 11.2 v1',(#6385));
#6382=APPLICATION_PROTOCOL_DEFINITION('international standard',
'automotive_design',2009,#6383);
#6383=APPLICATION_CONTEXT(
'Core Data for Automotive Mechanical Design Process');
#6384=PRODUCT_CONTEXT('part definition',#6383,'mechanical');
#6385=PRODUCT('Main Body Design 11.2','Main Body Design 11.2 v1',$,(#6384));
#6386=PRESENTATION_STYLE_ASSIGNMENT((#6387));
#6387=SURFACE_STYLE_USAGE(.BOTH.,#6388);
#6388=SURFACE_SIDE_STYLE('',(#6389));
#6389=SURFACE_STYLE_FILL_AREA(#6390);
#6390=FILL_AREA_STYLE('Steel - Satin',(#6391));
#6391=FILL_AREA_STYLE_COLOUR('Steel - Satin',#6392);
#6392=COLOUR_RGB('Steel - Satin',0.627450980392157,0.627450980392157,0.627450980392157);
ENDSEC;
END-ISO-10303-21;
