Session,Index,Timestamp,Date,Time,O2 Saturation,Pulse Rate,Perfusion Index,Subject
1,175,2024-11-19 23:08:56+00:00,"Tuesday, November 19, 2024",6:08:56 PM,96,76,3.3,1
1,176,2024-11-19 23:08:57+00:00,"Tuesday, November 19, 2024",6:08:57 PM,96,81,3.3,1
1,177,2024-11-19 23:08:58+00:00,"Tuesday, November 19, 2024",6:08:58 PM,96,82,3.6,1
1,178,2024-11-19 23:08:59+00:00,"Tuesday, November 19, 2024",6:08:59 PM,96,80,3.8,1
1,179,2024-11-19 23:09:00+00:00,"Tuesday, November 19, 2024",6:09:00 PM,96,76,3.9,1
1,180,2024-11-19 23:09:01+00:00,"Tuesday, November 19, 2024",6:09:01 PM,96,76,4.1,1
1,181,2024-11-19 23:09:02+00:00,"Tuesday, November 19, 2024",6:09:02 PM,96,75,4.1,1
1,182,2024-11-19 23:09:03+00:00,"Tuesday, November 19, 2024",6:09:03 PM,96,75,3.5,1
1,183,2024-11-19 23:09:04+00:00,"Tuesday, November 19, 2024",6:09:04 PM,96,74,2.9,1
1,184,2024-11-19 23:09:05+00:00,"Tuesday, November 19, 2024",6:09:05 PM,96,74,3.1,1
1,185,2024-11-19 23:09:06+00:00,"Tuesday, November 19, 2024",6:09:06 PM,96,74,3.0,1
1,186,2024-11-19 23:09:07+00:00,"Tuesday, November 19, 2024",6:09:07 PM,96,77,2.9,1
1,187,2024-11-19 23:09:08+00:00,"Tuesday, November 19, 2024",6:09:08 PM,96,77,2.9,1
1,188,2024-11-19 23:09:09+00:00,"Tuesday, November 19, 2024",6:09:09 PM,96,81,2.9,1
1,189,2024-11-19 23:09:10+00:00,"Tuesday, November 19, 2024",6:09:10 PM,96,82,3.3,1
1,190,2024-11-19 23:09:11+00:00,"Tuesday, November 19, 2024",6:09:11 PM,96,81,3.7,1
1,191,2024-11-19 23:09:12+00:00,"Tuesday, November 19, 2024",6:09:12 PM,96,80,4.0,1
1,192,2024-11-19 23:09:13+00:00,"Tuesday, November 19, 2024",6:09:13 PM,97,77,4.5,1
1,193,2024-11-19 23:09:14+00:00,"Tuesday, November 19, 2024",6:09:14 PM,97,75,4.7,1
1,194,2024-11-19 23:09:15+00:00,"Tuesday, November 19, 2024",6:09:15 PM,97,75,4.7,1
1,195,2024-11-19 23:09:16+00:00,"Tuesday, November 19, 2024",6:09:16 PM,97,75,4.8,1
1,196,2024-11-19 23:09:17+00:00,"Tuesday, November 19, 2024",6:09:17 PM,97,75,4.9,1
1,197,2024-11-19 23:09:18+00:00,"Tuesday, November 19, 2024",6:09:18 PM,97,75,5.0,1
1,198,2024-11-19 23:09:19+00:00,"Tuesday, November 19, 2024",6:09:19 PM,97,77,5.1,1
1,199,2024-11-19 23:09:20+00:00,"Tuesday, November 19, 2024",6:09:20 PM,97,79,5.1,1
1,200,2024-11-19 23:09:21+00:00,"Tuesday, November 19, 2024",6:09:21 PM,97,84,5.3,1
1,201,2024-11-19 23:09:22+00:00,"Tuesday, November 19, 2024",6:09:22 PM,97,84,5.3,1
1,202,2024-11-19 23:09:23+00:00,"Tuesday, November 19, 2024",6:09:23 PM,97,82,5.4,1
1,203,2024-11-19 23:09:24+00:00,"Tuesday, November 19, 2024",6:09:24 PM,97,79,5.6,1
1,204,2024-11-19 23:09:25+00:00,"Tuesday, November 19, 2024",6:09:25 PM,97,78,5.7,1
1,205,2024-11-19 23:09:26+00:00,"Tuesday, November 19, 2024",6:09:26 PM,97,78,5.7,1
1,206,2024-11-19 23:09:27+00:00,"Tuesday, November 19, 2024",6:09:27 PM,97,78,5.7,1
1,207,2024-11-19 23:09:28+00:00,"Tuesday, November 19, 2024",6:09:28 PM,97,77,5.9,1
1,208,2024-11-19 23:09:29+00:00,"Tuesday, November 19, 2024",6:09:29 PM,97,73,5.9,1
1,209,2024-11-19 23:09:30+00:00,"Tuesday, November 19, 2024",6:09:30 PM,97,73,5.8,1
1,210,2024-11-19 23:09:31+00:00,"Tuesday, November 19, 2024",6:09:31 PM,97,74,5.8,1
1,211,2024-11-19 23:09:32+00:00,"Tuesday, November 19, 2024",6:09:32 PM,97,76,5.8,1
1,212,2024-11-19 23:09:33+00:00,"Tuesday, November 19, 2024",6:09:33 PM,97,75,5.8,1
1,213,2024-11-19 23:09:34+00:00,"Tuesday, November 19, 2024",6:09:34 PM,97,75,5.8,1
1,214,2024-11-19 23:09:35+00:00,"Tuesday, November 19, 2024",6:09:35 PM,97,76,5.8,1
1,215,2024-11-19 23:09:36+00:00,"Tuesday, November 19, 2024",6:09:36 PM,97,78,5.7,1
1,216,2024-11-19 23:09:37+00:00,"Tuesday, November 19, 2024",6:09:37 PM,97,82,5.6,1
1,217,2024-11-19 23:09:38+00:00,"Tuesday, November 19, 2024",6:09:38 PM,97,84,5.6,1
1,218,2024-11-19 23:09:39+00:00,"Tuesday, November 19, 2024",6:09:39 PM,97,84,5.5,1
1,219,2024-11-19 23:09:40+00:00,"Tuesday, November 19, 2024",6:09:40 PM,97,83,5.5,1
1,220,2024-11-19 23:09:41+00:00,"Tuesday, November 19, 2024",6:09:41 PM,96,82,5.6,1
1,221,2024-11-19 23:09:42+00:00,"Tuesday, November 19, 2024",6:09:42 PM,96,80,6.1,1
1,222,2024-11-19 23:09:43+00:00,"Tuesday, November 19, 2024",6:09:43 PM,96,80,6.3,1
1,223,2024-11-19 23:09:44+00:00,"Tuesday, November 19, 2024",6:09:44 PM,96,77,6.2,1
1,224,2024-11-19 23:09:45+00:00,"Tuesday, November 19, 2024",6:09:45 PM,96,75,6.1,1
1,225,2024-11-19 23:09:46+00:00,"Tuesday, November 19, 2024",6:09:46 PM,96,75,6.1,1
1,226,2024-11-19 23:09:47+00:00,"Tuesday, November 19, 2024",6:09:47 PM,96,76,5.8,1
1,227,2024-11-19 23:09:48+00:00,"Tuesday, November 19, 2024",6:09:48 PM,96,76,5.8,1
1,228,2024-11-19 23:09:49+00:00,"Tuesday, November 19, 2024",6:09:49 PM,96,75,5.7,1
1,229,2024-11-19 23:09:50+00:00,"Tuesday, November 19, 2024",6:09:50 PM,96,74,6.1,1
1,230,2024-11-19 23:09:51+00:00,"Tuesday, November 19, 2024",6:09:51 PM,96,74,6.3,1
1,231,2024-11-19 23:09:52+00:00,"Tuesday, November 19, 2024",6:09:52 PM,96,74,6.5,1
1,232,2024-11-19 23:09:53+00:00,"Tuesday, November 19, 2024",6:09:53 PM,96,74,6.5,1
1,233,2024-11-19 23:09:54+00:00,"Tuesday, November 19, 2024",6:09:54 PM,96,73,6.9,1
1,234,2024-11-19 23:09:55+00:00,"Tuesday, November 19, 2024",6:09:55 PM,96,72,7.0,1
1,235,2024-11-19 23:09:56+00:00,"Tuesday, November 19, 2024",6:09:56 PM,96,73,6.8,1
1,236,2024-11-19 23:09:57+00:00,"Tuesday, November 19, 2024",6:09:57 PM,96,74,7.0,1
1,237,2024-11-19 23:09:58+00:00,"Tuesday, November 19, 2024",6:09:58 PM,96,74,6.9,1
1,238,2024-11-19 23:09:59+00:00,"Tuesday, November 19, 2024",6:09:59 PM,96,77,7.0,1
1,239,2024-11-19 23:10:00+00:00,"Tuesday, November 19, 2024",6:10:00 PM,96,77,6.9,1
1,240,2024-11-19 23:10:01+00:00,"Tuesday, November 19, 2024",6:10:01 PM,96,77,7.0,1
1,241,2024-11-19 23:10:02+00:00,"Tuesday, November 19, 2024",6:10:02 PM,96,77,7.1,1
1,242,2024-11-19 23:10:03+00:00,"Tuesday, November 19, 2024",6:10:03 PM,96,77,7.0,1
1,243,2024-11-19 23:10:04+00:00,"Tuesday, November 19, 2024",6:10:04 PM,96,77,7.0,1
1,244,2024-11-19 23:10:05+00:00,"Tuesday, November 19, 2024",6:10:05 PM,96,77,7.0,1
1,245,2024-11-19 23:10:06+00:00,"Tuesday, November 19, 2024",6:10:06 PM,96,77,7.0,1
1,246,2024-11-19 23:10:07+00:00,"Tuesday, November 19, 2024",6:10:07 PM,96,78,6.9,1
1,247,2024-11-19 23:10:08+00:00,"Tuesday, November 19, 2024",6:10:08 PM,96,81,6.6,1
1,248,2024-11-19 23:10:09+00:00,"Tuesday, November 19, 2024",6:10:09 PM,96,83,6.4,1
1,249,2024-11-19 23:10:10+00:00,"Tuesday, November 19, 2024",6:10:10 PM,96,83,6.4,1
1,250,2024-11-19 23:10:11+00:00,"Tuesday, November 19, 2024",6:10:11 PM,96,83,6.4,1
1,251,2024-11-19 23:10:12+00:00,"Tuesday, November 19, 2024",6:10:12 PM,96,81,6.1,1
1,252,2024-11-19 23:10:13+00:00,"Tuesday, November 19, 2024",6:10:13 PM,96,81,6.1,1
1,253,2024-11-19 23:10:14+00:00,"Tuesday, November 19, 2024",6:10:14 PM,96,81,6.5,1
1,254,2024-11-19 23:10:15+00:00,"Tuesday, November 19, 2024",6:10:15 PM,96,81,6.9,1
1,255,2024-11-19 23:10:16+00:00,"Tuesday, November 19, 2024",6:10:16 PM,96,79,7.3,1
1,256,2024-11-19 23:10:17+00:00,"Tuesday, November 19, 2024",6:10:17 PM,96,77,7.3,1
1,257,2024-11-19 23:10:18+00:00,"Tuesday, November 19, 2024",6:10:18 PM,96,77,7.3,1
1,258,2024-11-19 23:10:19+00:00,"Tuesday, November 19, 2024",6:10:19 PM,96,73,7.5,1
1,259,2024-11-19 23:10:20+00:00,"Tuesday, November 19, 2024",6:10:20 PM,96,72,7.7,1
1,260,2024-11-19 23:10:21+00:00,"Tuesday, November 19, 2024",6:10:21 PM,96,74,7.7,1
1,261,2024-11-19 23:10:22+00:00,"Tuesday, November 19, 2024",6:10:22 PM,96,77,7.0,1
1,262,2024-11-19 23:10:23+00:00,"Tuesday, November 19, 2024",6:10:23 PM,96,74,6.7,1
1,263,2024-11-19 23:10:24+00:00,"Tuesday, November 19, 2024",6:10:24 PM,96,72,6.6,1
1,264,2024-11-19 23:10:25+00:00,"Tuesday, November 19, 2024",6:10:25 PM,96,72,6.6,1
1,265,2024-11-19 23:10:26+00:00,"Tuesday, November 19, 2024",6:10:26 PM,96,72,6.6,1
1,266,2024-11-19 23:10:27+00:00,"Tuesday, November 19, 2024",6:10:27 PM,96,74,6.7,1
1,267,2024-11-19 23:10:28+00:00,"Tuesday, November 19, 2024",6:10:28 PM,96,83,6.4,1
1,268,2024-11-19 23:10:29+00:00,"Tuesday, November 19, 2024",6:10:29 PM,96,87,5.9,1
1,269,2024-11-19 23:10:30+00:00,"Tuesday, November 19, 2024",6:10:30 PM,96,87,5.7,1
1,270,2024-11-19 23:10:31+00:00,"Tuesday, November 19, 2024",6:10:31 PM,96,77,5.7,1
1,271,2024-11-19 23:10:32+00:00,"Tuesday, November 19, 2024",6:10:32 PM,96,74,5.6,1
1,272,2024-11-19 23:10:33+00:00,"Tuesday, November 19, 2024",6:10:33 PM,96,76,5.6,1
1,273,2024-11-19 23:10:34+00:00,"Tuesday, November 19, 2024",6:10:34 PM,96,76,5.7,1
1,274,2024-11-19 23:10:35+00:00,"Tuesday, November 19, 2024",6:10:35 PM,96,76,5.3,1
1,275,2024-11-19 23:10:36+00:00,"Tuesday, November 19, 2024",6:10:36 PM,96,75,3.9,1
1,276,2024-11-19 23:10:37+00:00,"Tuesday, November 19, 2024",6:10:37 PM,96,75,3.6,1
1,277,2024-11-19 23:10:38+00:00,"Tuesday, November 19, 2024",6:10:38 PM,96,73,3.6,1
1,278,2024-11-19 23:10:39+00:00,"Tuesday, November 19, 2024",6:10:39 PM,96,77,3.3,1
1,279,2024-11-19 23:10:40+00:00,"Tuesday, November 19, 2024",6:10:40 PM,96,83,3.1,1
1,280,2024-11-19 23:10:41+00:00,"Tuesday, November 19, 2024",6:10:41 PM,96,80,3.2,1
1,281,2024-11-19 23:10:42+00:00,"Tuesday, November 19, 2024",6:10:42 PM,96,78,3.6,1
1,282,2024-11-19 23:10:43+00:00,"Tuesday, November 19, 2024",6:10:43 PM,97,83,4.4,1
1,283,2024-11-19 23:10:44+00:00,"Tuesday, November 19, 2024",6:10:44 PM,97,83,4.4,1
1,284,2024-11-19 23:10:45+00:00,"Tuesday, November 19, 2024",6:10:45 PM,97,80,5.4,1
1,285,2024-11-19 23:10:46+00:00,"Tuesday, November 19, 2024",6:10:46 PM,97,72,5.9,1
1,286,2024-11-19 23:10:47+00:00,"Tuesday, November 19, 2024",6:10:47 PM,97,70,6.0,1
1,287,2024-11-19 23:10:48+00:00,"Tuesday, November 19, 2024",6:10:48 PM,97,68,5.9,1
1,288,2024-11-19 23:10:49+00:00,"Tuesday, November 19, 2024",6:10:49 PM,97,68,5.9,1
1,289,2024-11-19 23:10:50+00:00,"Tuesday, November 19, 2024",6:10:50 PM,97,68,5.8,1
1,290,2024-11-19 23:10:51+00:00,"Tuesday, November 19, 2024",6:10:51 PM,97,71,5.8,1
1,291,2024-11-19 23:10:52+00:00,"Tuesday, November 19, 2024",6:10:52 PM,97,76,5.7,1
1,292,2024-11-19 23:10:53+00:00,"Tuesday, November 19, 2024",6:10:53 PM,97,78,5.7,1
1,293,2024-11-19 23:10:54+00:00,"Tuesday, November 19, 2024",6:10:54 PM,97,79,5.8,1
1,294,2024-11-19 23:10:55+00:00,"Tuesday, November 19, 2024",6:10:55 PM,97,78,6.3,1
1,295,2024-11-19 23:10:56+00:00,"Tuesday, November 19, 2024",6:10:56 PM,97,78,6.3,1
1,296,2024-11-19 23:10:57+00:00,"Tuesday, November 19, 2024",6:10:57 PM,97,79,6.5,1
1,297,2024-11-19 23:10:58+00:00,"Tuesday, November 19, 2024",6:10:58 PM,97,79,6.5,1
1,298,2024-11-19 23:10:59+00:00,"Tuesday, November 19, 2024",6:10:59 PM,96,79,6.4,1
1,299,2024-11-19 23:11:00+00:00,"Tuesday, November 19, 2024",6:11:00 PM,96,77,6.3,1
1,300,2024-11-19 23:11:01+00:00,"Tuesday, November 19, 2024",6:11:01 PM,96,74,6.5,1
1,301,2024-11-19 23:11:02+00:00,"Tuesday, November 19, 2024",6:11:02 PM,96,74,6.7,1
1,302,2024-11-19 23:11:03+00:00,"Tuesday, November 19, 2024",6:11:03 PM,96,74,6.7,1
1,303,2024-11-19 23:11:04+00:00,"Tuesday, November 19, 2024",6:11:04 PM,96,76,6.7,1
1,304,2024-11-19 23:11:05+00:00,"Tuesday, November 19, 2024",6:11:05 PM,96,76,6.6,1
1,305,2024-11-19 23:11:06+00:00,"Tuesday, November 19, 2024",6:11:06 PM,96,77,5.5,1
1,306,2024-11-19 23:11:07+00:00,"Tuesday, November 19, 2024",6:11:07 PM,96,77,5.3,1
1,307,2024-11-19 23:11:08+00:00,"Tuesday, November 19, 2024",6:11:08 PM,96,77,4.6,1
1,308,2024-11-19 23:11:09+00:00,"Tuesday, November 19, 2024",6:11:09 PM,96,81,4.7,1
1,309,2024-11-19 23:11:10+00:00,"Tuesday, November 19, 2024",6:11:10 PM,96,82,4.4,1
1,310,2024-11-19 23:11:11+00:00,"Tuesday, November 19, 2024",6:11:11 PM,96,84,4.2,1
1,311,2024-11-19 23:11:12+00:00,"Tuesday, November 19, 2024",6:11:12 PM,97,84,4.3,1
1,312,2024-11-19 23:11:13+00:00,"Tuesday, November 19, 2024",6:11:13 PM,97,83,4.4,1
1,313,2024-11-19 23:11:14+00:00,"Tuesday, November 19, 2024",6:11:14 PM,97,81,4.4,1
1,314,2024-11-19 23:11:15+00:00,"Tuesday, November 19, 2024",6:11:15 PM,97,81,4.4,1
1,315,2024-11-19 23:11:16+00:00,"Tuesday, November 19, 2024",6:11:16 PM,97,80,4.3,1
1,316,2024-11-19 23:11:17+00:00,"Tuesday, November 19, 2024",6:11:17 PM,97,82,4.1,1
1,317,2024-11-19 23:11:18+00:00,"Tuesday, November 19, 2024",6:11:18 PM,97,83,4.0,1
1,318,2024-11-19 23:11:19+00:00,"Tuesday, November 19, 2024",6:11:19 PM,97,83,3.9,1
1,319,2024-11-19 23:11:20+00:00,"Tuesday, November 19, 2024",6:11:20 PM,97,83,4.0,1
1,320,2024-11-19 23:11:21+00:00,"Tuesday, November 19, 2024",6:11:21 PM,97,85,4.0,1
1,321,2024-11-19 23:11:22+00:00,"Tuesday, November 19, 2024",6:11:22 PM,97,87,4.1,1
1,322,2024-11-19 23:11:23+00:00,"Tuesday, November 19, 2024",6:11:23 PM,97,89,4.2,1
1,323,2024-11-19 23:11:24+00:00,"Tuesday, November 19, 2024",6:11:24 PM,97,87,4.2,1
1,324,2024-11-19 23:11:25+00:00,"Tuesday, November 19, 2024",6:11:25 PM,97,83,4.6,1
1,325,2024-11-19 23:11:26+00:00,"Tuesday, November 19, 2024",6:11:26 PM,97,82,5.0,1
1,326,2024-11-19 23:11:27+00:00,"Tuesday, November 19, 2024",6:11:27 PM,97,82,5.0,1
1,327,2024-11-19 23:11:28+00:00,"Tuesday, November 19, 2024",6:11:28 PM,97,80,5.3,1
1,328,2024-11-19 23:11:29+00:00,"Tuesday, November 19, 2024",6:11:29 PM,96,79,5.4,1
1,329,2024-11-19 23:11:30+00:00,"Tuesday, November 19, 2024",6:11:30 PM,96,77,5.4,1
1,330,2024-11-19 23:11:31+00:00,"Tuesday, November 19, 2024",6:11:31 PM,96,76,5.3,1
1,331,2024-11-19 23:11:32+00:00,"Tuesday, November 19, 2024",6:11:32 PM,96,77,5.3,1
1,332,2024-11-19 23:11:33+00:00,"Tuesday, November 19, 2024",6:11:33 PM,96,80,5.3,1
1,333,2024-11-19 23:11:34+00:00,"Tuesday, November 19, 2024",6:11:34 PM,96,80,5.3,1
1,334,2024-11-19 23:11:35+00:00,"Tuesday, November 19, 2024",6:11:35 PM,96,81,5.4,1
1,335,2024-11-19 23:11:36+00:00,"Tuesday, November 19, 2024",6:11:36 PM,96,82,5.6,1
1,336,2024-11-19 23:11:37+00:00,"Tuesday, November 19, 2024",6:11:37 PM,96,83,5.6,1
1,337,2024-11-19 23:11:38+00:00,"Tuesday, November 19, 2024",6:11:38 PM,96,83,5.6,1
1,338,2024-11-19 23:11:39+00:00,"Tuesday, November 19, 2024",6:11:39 PM,96,83,5.6,1
1,339,2024-11-19 23:11:40+00:00,"Tuesday, November 19, 2024",6:11:40 PM,96,82,5.7,1
1,340,2024-11-19 23:11:41+00:00,"Tuesday, November 19, 2024",6:11:41 PM,96,81,5.9,1
1,341,2024-11-19 23:11:42+00:00,"Tuesday, November 19, 2024",6:11:42 PM,96,81,6.0,1
1,342,2024-11-19 23:11:43+00:00,"Tuesday, November 19, 2024",6:11:43 PM,96,80,6.1,1
1,343,2024-11-19 23:11:44+00:00,"Tuesday, November 19, 2024",6:11:44 PM,95,79,6.1,1
1,344,2024-11-19 23:11:45+00:00,"Tuesday, November 19, 2024",6:11:45 PM,95,79,6.0,1
1,345,2024-11-19 23:11:46+00:00,"Tuesday, November 19, 2024",6:11:46 PM,95,79,6.0,1
1,346,2024-11-19 23:11:47+00:00,"Tuesday, November 19, 2024",6:11:47 PM,95,78,6.0,1
1,347,2024-11-19 23:11:48+00:00,"Tuesday, November 19, 2024",6:11:48 PM,95,79,6.0,1
1,348,2024-11-19 23:11:49+00:00,"Tuesday, November 19, 2024",6:11:49 PM,95,79,6.0,1
1,349,2024-11-19 23:11:50+00:00,"Tuesday, November 19, 2024",6:11:50 PM,94,79,5.9,1
1,350,2024-11-19 23:11:51+00:00,"Tuesday, November 19, 2024",6:11:51 PM,94,80,5.7,1
1,351,2024-11-19 23:11:52+00:00,"Tuesday, November 19, 2024",6:11:52 PM,94,79,5.6,1
1,352,2024-11-19 23:11:53+00:00,"Tuesday, November 19, 2024",6:11:53 PM,94,79,5.6,1
1,353,2024-11-19 23:11:54+00:00,"Tuesday, November 19, 2024",6:11:54 PM,94,80,5.6,1
1,354,2024-11-19 23:11:55+00:00,"Tuesday, November 19, 2024",6:11:55 PM,94,81,5.5,1
1,355,2024-11-19 23:11:56+00:00,"Tuesday, November 19, 2024",6:11:56 PM,94,82,5.6,1
1,45,2024-11-19 23:16:30+00:00,"Tuesday, November 19, 2024",6:16:30 PM,98,68,2.5,2
1,46,2024-11-19 23:16:31+00:00,"Tuesday, November 19, 2024",6:16:31 PM,98,67,2.5,2
1,47,2024-11-19 23:16:32+00:00,"Tuesday, November 19, 2024",6:16:32 PM,98,66,2.7,2
1,48,2024-11-19 23:16:33+00:00,"Tuesday, November 19, 2024",6:16:33 PM,98,66,2.7,2
1,49,2024-11-19 23:16:34+00:00,"Tuesday, November 19, 2024",6:16:34 PM,98,65,2.9,2
1,50,2024-11-19 23:16:35+00:00,"Tuesday, November 19, 2024",6:16:35 PM,98,64,3.0,2
1,51,2024-11-19 23:16:36+00:00,"Tuesday, November 19, 2024",6:16:36 PM,98,63,3.1,2
1,52,2024-11-19 23:16:37+00:00,"Tuesday, November 19, 2024",6:16:37 PM,99,62,3.1,2
1,53,2024-11-19 23:16:38+00:00,"Tuesday, November 19, 2024",6:16:38 PM,99,59,3.1,2
1,54,2024-11-19 23:16:39+00:00,"Tuesday, November 19, 2024",6:16:39 PM,99,58,3.1,2
1,55,2024-11-19 23:16:40+00:00,"Tuesday, November 19, 2024",6:16:40 PM,99,58,3.0,2
1,56,2024-11-19 23:16:41+00:00,"Tuesday, November 19, 2024",6:16:41 PM,99,59,2.8,2
1,57,2024-11-19 23:16:42+00:00,"Tuesday, November 19, 2024",6:16:42 PM,99,61,2.9,2
1,58,2024-11-19 23:16:43+00:00,"Tuesday, November 19, 2024",6:16:43 PM,99,61,2.9,2
1,59,2024-11-19 23:16:44+00:00,"Tuesday, November 19, 2024",6:16:44 PM,99,61,2.8,2
1,60,2024-11-19 23:16:45+00:00,"Tuesday, November 19, 2024",6:16:45 PM,99,61,2.8,2
1,61,2024-11-19 23:16:46+00:00,"Tuesday, November 19, 2024",6:16:46 PM,99,61,2.7,2
1,62,2024-11-19 23:16:47+00:00,"Tuesday, November 19, 2024",6:16:47 PM,99,62,2.7,2
1,63,2024-11-19 23:16:48+00:00,"Tuesday, November 19, 2024",6:16:48 PM,99,63,2.6,2
1,64,2024-11-19 23:16:49+00:00,"Tuesday, November 19, 2024",6:16:49 PM,99,62,2.5,2
1,65,2024-11-19 23:16:50+00:00,"Tuesday, November 19, 2024",6:16:50 PM,99,61,2.5,2
1,66,2024-11-19 23:16:51+00:00,"Tuesday, November 19, 2024",6:16:51 PM,99,60,2.5,2
1,67,2024-11-19 23:16:52+00:00,"Tuesday, November 19, 2024",6:16:52 PM,99,60,2.5,2
1,68,2024-11-19 23:16:53+00:00,"Tuesday, November 19, 2024",6:16:53 PM,99,60,2.5,2
1,69,2024-11-19 23:16:54+00:00,"Tuesday, November 19, 2024",6:16:54 PM,99,61,2.5,2
1,70,2024-11-19 23:16:55+00:00,"Tuesday, November 19, 2024",6:16:55 PM,99,62,2.5,2
1,71,2024-11-19 23:16:56+00:00,"Tuesday, November 19, 2024",6:16:56 PM,99,63,2.5,2
1,72,2024-11-19 23:16:57+00:00,"Tuesday, November 19, 2024",6:16:57 PM,99,62,2.5,2
1,73,2024-11-19 23:16:58+00:00,"Tuesday, November 19, 2024",6:16:58 PM,99,63,2.6,2
1,74,2024-11-19 23:16:59+00:00,"Tuesday, November 19, 2024",6:16:59 PM,99,63,2.6,2
1,75,2024-11-19 23:17:00+00:00,"Tuesday, November 19, 2024",6:17:00 PM,99,64,2.5,2
1,76,2024-11-19 23:17:01+00:00,"Tuesday, November 19, 2024",6:17:01 PM,99,64,2.6,2
1,77,2024-11-19 23:17:02+00:00,"Tuesday, November 19, 2024",6:17:02 PM,99,65,2.5,2
1,78,2024-11-19 23:17:03+00:00,"Tuesday, November 19, 2024",6:17:03 PM,99,65,2.5,2
1,79,2024-11-19 23:17:04+00:00,"Tuesday, November 19, 2024",6:17:04 PM,99,65,2.5,2
1,80,2024-11-19 23:17:05+00:00,"Tuesday, November 19, 2024",6:17:05 PM,99,64,2.5,2
1,81,2024-11-19 23:17:06+00:00,"Tuesday, November 19, 2024",6:17:06 PM,99,64,2.4,2
1,82,2024-11-19 23:17:07+00:00,"Tuesday, November 19, 2024",6:17:07 PM,99,64,2.1,2
1,83,2024-11-19 23:17:08+00:00,"Tuesday, November 19, 2024",6:17:08 PM,99,65,2.1,2
1,84,2024-11-19 23:17:09+00:00,"Tuesday, November 19, 2024",6:17:09 PM,99,66,2.2,2
1,85,2024-11-19 23:17:10+00:00,"Tuesday, November 19, 2024",6:17:10 PM,99,66,2.1,2
1,86,2024-11-19 23:17:11+00:00,"Tuesday, November 19, 2024",6:17:11 PM,99,66,2.1,2
1,87,2024-11-19 23:17:12+00:00,"Tuesday, November 19, 2024",6:17:12 PM,99,66,2.0,2
1,88,2024-11-19 23:17:13+00:00,"Tuesday, November 19, 2024",6:17:13 PM,99,67,2.0,2
1,89,2024-11-19 23:17:14+00:00,"Tuesday, November 19, 2024",6:17:14 PM,99,68,2.0,2
1,90,2024-11-19 23:17:15+00:00,"Tuesday, November 19, 2024",6:17:15 PM,99,71,2.1,2
1,91,2024-11-19 23:17:16+00:00,"Tuesday, November 19, 2024",6:17:16 PM,99,71,2.2,2
1,92,2024-11-19 23:17:17+00:00,"Tuesday, November 19, 2024",6:17:17 PM,99,71,2.2,2
1,93,2024-11-19 23:17:18+00:00,"Tuesday, November 19, 2024",6:17:18 PM,99,71,2.2,2
1,94,2024-11-19 23:17:19+00:00,"Tuesday, November 19, 2024",6:17:19 PM,99,71,2.1,2
1,95,2024-11-19 23:17:20+00:00,"Tuesday, November 19, 2024",6:17:20 PM,99,72,1.9,2
1,96,2024-11-19 23:17:21+00:00,"Tuesday, November 19, 2024",6:17:21 PM,99,75,1.7,2
1,97,2024-11-19 23:17:22+00:00,"Tuesday, November 19, 2024",6:17:22 PM,99,74,1.8,2
1,98,2024-11-19 23:17:23+00:00,"Tuesday, November 19, 2024",6:17:23 PM,99,74,1.8,2
1,99,2024-11-19 23:17:24+00:00,"Tuesday, November 19, 2024",6:17:24 PM,99,73,1.8,2
1,100,2024-11-19 23:17:25+00:00,"Tuesday, November 19, 2024",6:17:25 PM,99,72,1.7,2
1,101,2024-11-19 23:17:26+00:00,"Tuesday, November 19, 2024",6:17:26 PM,98,71,1.7,2
1,102,2024-11-19 23:17:27+00:00,"Tuesday, November 19, 2024",6:17:27 PM,98,71,1.6,2
1,103,2024-11-19 23:17:28+00:00,"Tuesday, November 19, 2024",6:17:28 PM,98,71,1.6,2
1,104,2024-11-19 23:17:29+00:00,"Tuesday, November 19, 2024",6:17:29 PM,98,70,1.6,2
1,105,2024-11-19 23:17:30+00:00,"Tuesday, November 19, 2024",6:17:30 PM,98,70,1.6,2
1,106,2024-11-19 23:17:31+00:00,"Tuesday, November 19, 2024",6:17:31 PM,98,69,1.6,2
1,107,2024-11-19 23:17:32+00:00,"Tuesday, November 19, 2024",6:17:32 PM,98,72,1.5,2
1,108,2024-11-19 23:17:33+00:00,"Tuesday, November 19, 2024",6:17:33 PM,98,72,1.5,2
1,109,2024-11-19 23:17:34+00:00,"Tuesday, November 19, 2024",6:17:34 PM,98,71,1.6,2
1,110,2024-11-19 23:17:35+00:00,"Tuesday, November 19, 2024",6:17:35 PM,98,71,1.6,2
1,111,2024-11-19 23:17:36+00:00,"Tuesday, November 19, 2024",6:17:36 PM,98,71,1.6,2
1,112,2024-11-19 23:17:37+00:00,"Tuesday, November 19, 2024",6:17:37 PM,99,68,1.5,2
1,113,2024-11-19 23:17:38+00:00,"Tuesday, November 19, 2024",6:17:38 PM,99,68,1.5,2
1,114,2024-11-19 23:17:39+00:00,"Tuesday, November 19, 2024",6:17:39 PM,99,61,1.4,2
1,115,2024-11-19 23:17:40+00:00,"Tuesday, November 19, 2024",6:17:40 PM,99,60,1.5,2
1,116,2024-11-19 23:17:41+00:00,"Tuesday, November 19, 2024",6:17:41 PM,99,59,1.4,2
1,117,2024-11-19 23:17:42+00:00,"Tuesday, November 19, 2024",6:17:42 PM,99,59,1.4,2
1,118,2024-11-19 23:17:43+00:00,"Tuesday, November 19, 2024",6:17:43 PM,99,57,1.4,2
1,119,2024-11-19 23:17:44+00:00,"Tuesday, November 19, 2024",6:17:44 PM,99,56,1.4,2
1,120,2024-11-19 23:17:45+00:00,"Tuesday, November 19, 2024",6:17:45 PM,99,57,1.4,2
1,121,2024-11-19 23:17:46+00:00,"Tuesday, November 19, 2024",6:17:46 PM,99,57,1.4,2
1,122,2024-11-19 23:17:47+00:00,"Tuesday, November 19, 2024",6:17:47 PM,99,62,1.4,2
1,123,2024-11-19 23:17:48+00:00,"Tuesday, November 19, 2024",6:17:48 PM,99,62,1.5,2
1,124,2024-11-19 23:17:49+00:00,"Tuesday, November 19, 2024",6:17:49 PM,99,62,1.5,2
1,125,2024-11-19 23:17:50+00:00,"Tuesday, November 19, 2024",6:17:50 PM,99,62,1.5,2
1,126,2024-11-19 23:17:51+00:00,"Tuesday, November 19, 2024",6:17:51 PM,99,62,1.5,2
1,127,2024-11-19 23:17:52+00:00,"Tuesday, November 19, 2024",6:17:52 PM,99,62,1.5,2
1,128,2024-11-19 23:17:53+00:00,"Tuesday, November 19, 2024",6:17:53 PM,99,63,1.5,2
1,129,2024-11-19 23:17:54+00:00,"Tuesday, November 19, 2024",6:17:54 PM,99,63,1.5,2
1,130,2024-11-19 23:17:55+00:00,"Tuesday, November 19, 2024",6:17:55 PM,99,63,1.5,2
1,131,2024-11-19 23:17:56+00:00,"Tuesday, November 19, 2024",6:17:56 PM,99,64,1.6,2
1,132,2024-11-19 23:17:57+00:00,"Tuesday, November 19, 2024",6:17:57 PM,99,64,1.6,2
1,133,2024-11-19 23:17:58+00:00,"Tuesday, November 19, 2024",6:17:58 PM,100,64,1.6,2
1,134,2024-11-19 23:17:59+00:00,"Tuesday, November 19, 2024",6:17:59 PM,100,64,1.6,2
1,135,2024-11-19 23:18:00+00:00,"Tuesday, November 19, 2024",6:18:00 PM,100,64,1.6,2
1,136,2024-11-19 23:18:01+00:00,"Tuesday, November 19, 2024",6:18:01 PM,100,64,1.6,2
1,137,2024-11-19 23:18:02+00:00,"Tuesday, November 19, 2024",6:18:02 PM,100,64,1.6,2
1,138,2024-11-19 23:18:03+00:00,"Tuesday, November 19, 2024",6:18:03 PM,100,63,1.6,2
1,139,2024-11-19 23:18:04+00:00,"Tuesday, November 19, 2024",6:18:04 PM,100,62,1.6,2
1,140,2024-11-19 23:18:05+00:00,"Tuesday, November 19, 2024",6:18:05 PM,100,61,1.6,2
1,141,2024-11-19 23:18:06+00:00,"Tuesday, November 19, 2024",6:18:06 PM,100,62,1.6,2
1,142,2024-11-19 23:18:07+00:00,"Tuesday, November 19, 2024",6:18:07 PM,100,62,1.5,2
1,143,2024-11-19 23:18:08+00:00,"Tuesday, November 19, 2024",6:18:08 PM,100,62,1.5,2
1,144,2024-11-19 23:18:09+00:00,"Tuesday, November 19, 2024",6:18:09 PM,100,62,1.5,2
1,145,2024-11-19 23:18:10+00:00,"Tuesday, November 19, 2024",6:18:10 PM,100,62,1.5,2
1,146,2024-11-19 23:18:11+00:00,"Tuesday, November 19, 2024",6:18:11 PM,100,62,1.6,2
1,147,2024-11-19 23:18:12+00:00,"Tuesday, November 19, 2024",6:18:12 PM,100,61,1.8,2
1,148,2024-11-19 23:18:13+00:00,"Tuesday, November 19, 2024",6:18:13 PM,100,63,1.7,2
1,149,2024-11-19 23:18:14+00:00,"Tuesday, November 19, 2024",6:18:14 PM,100,63,1.7,2
1,150,2024-11-19 23:18:15+00:00,"Tuesday, November 19, 2024",6:18:15 PM,99,63,1.7,2
1,151,2024-11-19 23:18:16+00:00,"Tuesday, November 19, 2024",6:18:16 PM,99,63,1.6,2
1,152,2024-11-19 23:18:17+00:00,"Tuesday, November 19, 2024",6:18:17 PM,99,62,1.5,2
1,153,2024-11-19 23:18:18+00:00,"Tuesday, November 19, 2024",6:18:18 PM,98,62,1.5,2
1,154,2024-11-19 23:18:19+00:00,"Tuesday, November 19, 2024",6:18:19 PM,98,61,1.6,2
1,155,2024-11-19 23:18:20+00:00,"Tuesday, November 19, 2024",6:18:20 PM,98,61,1.6,2
1,156,2024-11-19 23:18:21+00:00,"Tuesday, November 19, 2024",6:18:21 PM,98,61,1.6,2
1,157,2024-11-19 23:18:22+00:00,"Tuesday, November 19, 2024",6:18:22 PM,99,62,1.5,2
1,158,2024-11-19 23:18:23+00:00,"Tuesday, November 19, 2024",6:18:23 PM,99,64,1.5,2
1,159,2024-11-19 23:18:24+00:00,"Tuesday, November 19, 2024",6:18:24 PM,99,62,1.5,2
1,160,2024-11-19 23:18:25+00:00,"Tuesday, November 19, 2024",6:18:25 PM,99,61,1.5,2
1,161,2024-11-19 23:18:26+00:00,"Tuesday, November 19, 2024",6:18:26 PM,99,61,1.5,2
1,162,2024-11-19 23:18:27+00:00,"Tuesday, November 19, 2024",6:18:27 PM,99,62,1.4,2
1,163,2024-11-19 23:18:28+00:00,"Tuesday, November 19, 2024",6:18:28 PM,99,63,1.5,2
1,164,2024-11-19 23:18:29+00:00,"Tuesday, November 19, 2024",6:18:29 PM,99,64,1.5,2
1,165,2024-11-19 23:18:30+00:00,"Tuesday, November 19, 2024",6:18:30 PM,100,64,1.5,2
1,166,2024-11-19 23:18:31+00:00,"Tuesday, November 19, 2024",6:18:31 PM,100,63,1.5,2
1,167,2024-11-19 23:18:32+00:00,"Tuesday, November 19, 2024",6:18:32 PM,100,60,1.4,2
1,168,2024-11-19 23:18:33+00:00,"Tuesday, November 19, 2024",6:18:33 PM,100,60,1.4,2
1,169,2024-11-19 23:18:34+00:00,"Tuesday, November 19, 2024",6:18:34 PM,100,60,1.4,2
1,170,2024-11-19 23:18:35+00:00,"Tuesday, November 19, 2024",6:18:35 PM,--,--,--,2
1,171,2024-11-19 23:18:36+00:00,"Tuesday, November 19, 2024",6:18:36 PM,--,--,--,2
1,172,2024-11-19 23:18:37+00:00,"Tuesday, November 19, 2024",6:18:37 PM,--,--,--,2
1,173,2024-11-19 23:18:38+00:00,"Tuesday, November 19, 2024",6:18:38 PM,--,--,--,2
1,174,2024-11-19 23:18:39+00:00,"Tuesday, November 19, 2024",6:18:39 PM,--,--,--,2
1,175,2024-11-19 23:18:40+00:00,"Tuesday, November 19, 2024",6:18:40 PM,--,--,--,2
1,176,2024-11-19 23:18:41+00:00,"Tuesday, November 19, 2024",6:18:41 PM,--,--,--,2
1,177,2024-11-19 23:18:42+00:00,"Tuesday, November 19, 2024",6:18:42 PM,--,--,--,2
1,178,2024-11-19 23:18:43+00:00,"Tuesday, November 19, 2024",6:18:43 PM,--,--,0.00,2
1,179,2024-11-19 23:18:44+00:00,"Tuesday, November 19, 2024",6:18:44 PM,--,--,0.00,2
1,180,2024-11-19 23:18:45+00:00,"Tuesday, November 19, 2024",6:18:45 PM,100,63,0.72,2
1,181,2024-11-19 23:18:46+00:00,"Tuesday, November 19, 2024",6:18:46 PM,100,63,0.72,2
1,182,2024-11-19 23:18:47+00:00,"Tuesday, November 19, 2024",6:18:47 PM,100,63,0.72,2
1,183,2024-11-19 23:18:48+00:00,"Tuesday, November 19, 2024",6:18:48 PM,100,63,0.72,2
1,184,2024-11-19 23:18:49+00:00,"Tuesday, November 19, 2024",6:18:49 PM,100,63,0.98,2
1,185,2024-11-19 23:18:50+00:00,"Tuesday, November 19, 2024",6:18:50 PM,100,63,0.98,2
1,186,2024-11-19 23:18:51+00:00,"Tuesday, November 19, 2024",6:18:51 PM,100,62,1.1,2
1,187,2024-11-19 23:18:52+00:00,"Tuesday, November 19, 2024",6:18:52 PM,100,62,1.1,2
1,188,2024-11-19 23:18:53+00:00,"Tuesday, November 19, 2024",6:18:53 PM,100,62,1.2,2
1,189,2024-11-19 23:18:54+00:00,"Tuesday, November 19, 2024",6:18:54 PM,100,62,1.2,2
1,190,2024-11-19 23:18:55+00:00,"Tuesday, November 19, 2024",6:18:55 PM,100,59,1.2,2
1,191,2024-11-19 23:18:56+00:00,"Tuesday, November 19, 2024",6:18:56 PM,100,59,1.2,2
1,192,2024-11-19 23:18:57+00:00,"Tuesday, November 19, 2024",6:18:57 PM,100,58,1.3,2
1,193,2024-11-19 23:18:58+00:00,"Tuesday, November 19, 2024",6:18:58 PM,100,57,1.4,2
1,194,2024-11-19 23:18:59+00:00,"Tuesday, November 19, 2024",6:18:59 PM,100,57,1.4,2
1,195,2024-11-19 23:19:00+00:00,"Tuesday, November 19, 2024",6:19:00 PM,100,56,1.4,2
1,196,2024-11-19 23:19:01+00:00,"Tuesday, November 19, 2024",6:19:01 PM,100,56,1.4,2
1,197,2024-11-19 23:19:02+00:00,"Tuesday, November 19, 2024",6:19:02 PM,100,57,1.4,2
1,198,2024-11-19 23:19:03+00:00,"Tuesday, November 19, 2024",6:19:03 PM,100,61,1.4,2
1,199,2024-11-19 23:19:04+00:00,"Tuesday, November 19, 2024",6:19:04 PM,100,61,1.4,2
1,200,2024-11-19 23:19:05+00:00,"Tuesday, November 19, 2024",6:19:05 PM,100,60,1.4,2
1,201,2024-11-19 23:19:06+00:00,"Tuesday, November 19, 2024",6:19:06 PM,100,60,1.5,2
1,202,2024-11-19 23:19:07+00:00,"Tuesday, November 19, 2024",6:19:07 PM,100,60,1.5,2
1,203,2024-11-19 23:19:08+00:00,"Tuesday, November 19, 2024",6:19:08 PM,100,59,1.8,2
1,204,2024-11-19 23:19:09+00:00,"Tuesday, November 19, 2024",6:19:09 PM,100,58,1.5,2
1,205,2024-11-19 23:19:10+00:00,"Tuesday, November 19, 2024",6:19:10 PM,100,58,1.5,2
1,206,2024-11-19 23:19:11+00:00,"Tuesday, November 19, 2024",6:19:11 PM,100,58,1.6,2
1,207,2024-11-19 23:19:12+00:00,"Tuesday, November 19, 2024",6:19:12 PM,100,59,1.5,2
1,208,2024-11-19 23:19:13+00:00,"Tuesday, November 19, 2024",6:19:13 PM,100,60,1.4,2
1,209,2024-11-19 23:19:14+00:00,"Tuesday, November 19, 2024",6:19:14 PM,100,59,1.4,2
1,210,2024-11-19 23:19:15+00:00,"Tuesday, November 19, 2024",6:19:15 PM,100,60,1.3,2
1,211,2024-11-19 23:19:16+00:00,"Tuesday, November 19, 2024",6:19:16 PM,100,60,1.3,2
1,212,2024-11-19 23:19:17+00:00,"Tuesday, November 19, 2024",6:19:17 PM,100,61,1.3,2
1,213,2024-11-19 23:19:18+00:00,"Tuesday, November 19, 2024",6:19:18 PM,100,61,1.3,2
1,214,2024-11-19 23:19:19+00:00,"Tuesday, November 19, 2024",6:19:19 PM,100,62,1.3,2
1,215,2024-11-19 23:19:20+00:00,"Tuesday, November 19, 2024",6:19:20 PM,100,64,1.2,2
1,216,2024-11-19 23:19:21+00:00,"Tuesday, November 19, 2024",6:19:21 PM,100,65,1.2,2
1,217,2024-11-19 23:19:22+00:00,"Tuesday, November 19, 2024",6:19:22 PM,99,64,1.1,2
1,218,2024-11-19 23:19:23+00:00,"Tuesday, November 19, 2024",6:19:23 PM,99,64,1.1,2
1,219,2024-11-19 23:19:24+00:00,"Tuesday, November 19, 2024",6:19:24 PM,99,63,1.1,2
1,220,2024-11-19 23:19:25+00:00,"Tuesday, November 19, 2024",6:19:25 PM,99,63,1.1,2
1,221,2024-11-19 23:19:26+00:00,"Tuesday, November 19, 2024",6:19:26 PM,99,63,1.1,2
1,222,2024-11-19 23:19:27+00:00,"Tuesday, November 19, 2024",6:19:27 PM,99,64,1.2,2
1,223,2024-11-19 23:19:28+00:00,"Tuesday, November 19, 2024",6:19:28 PM,99,63,1.2,2
1,224,2024-11-19 23:19:29+00:00,"Tuesday, November 19, 2024",6:19:29 PM,99,64,1.2,2
1,225,2024-11-19 23:19:30+00:00,"Tuesday, November 19, 2024",6:19:30 PM,99,64,1.1,2
1,226,2024-11-19 23:19:31+00:00,"Tuesday, November 19, 2024",6:19:31 PM,99,64,1.1,2
1,227,2024-11-19 23:19:32+00:00,"Tuesday, November 19, 2024",6:19:32 PM,99,64,1.1,2
1,228,2024-11-19 23:19:33+00:00,"Tuesday, November 19, 2024",6:19:33 PM,99,63,1.0,2
1,229,2024-11-19 23:19:34+00:00,"Tuesday, November 19, 2024",6:19:34 PM,99,62,1.0,2
1,230,2024-11-19 23:19:35+00:00,"Tuesday, November 19, 2024",6:19:35 PM,99,62,1.0,2
1,231,2024-11-19 23:19:36+00:00,"Tuesday, November 19, 2024",6:19:36 PM,99,62,1.0,2
1,232,2024-11-19 23:19:37+00:00,"Tuesday, November 19, 2024",6:19:37 PM,99,65,1.00,2
1,233,2024-11-19 23:19:38+00:00,"Tuesday, November 19, 2024",6:19:38 PM,99,65,1.00,2
1,234,2024-11-19 23:19:39+00:00,"Tuesday, November 19, 2024",6:19:39 PM,99,66,0.97,2
1,235,2024-11-19 23:19:40+00:00,"Tuesday, November 19, 2024",6:19:40 PM,99,66,0.92,2
1,236,2024-11-19 23:19:41+00:00,"Tuesday, November 19, 2024",6:19:41 PM,99,66,0.87,2
1,237,2024-11-19 23:19:42+00:00,"Tuesday, November 19, 2024",6:19:42 PM,99,66,0.83,2
1,238,2024-11-19 23:19:43+00:00,"Tuesday, November 19, 2024",6:19:43 PM,99,66,0.83,2
1,239,2024-11-19 23:19:44+00:00,"Tuesday, November 19, 2024",6:19:44 PM,99,62,0.81,2
1,240,2024-11-19 23:19:45+00:00,"Tuesday, November 19, 2024",6:19:45 PM,99,61,0.81,2
1,241,2024-11-19 23:19:46+00:00,"Tuesday, November 19, 2024",6:19:46 PM,100,60,0.81,2
1,242,2024-11-19 23:19:47+00:00,"Tuesday, November 19, 2024",6:19:47 PM,100,60,0.81,2
1,243,2024-11-19 23:19:48+00:00,"Tuesday, November 19, 2024",6:19:48 PM,100,59,0.96,2
1,244,2024-11-19 23:19:49+00:00,"Tuesday, November 19, 2024",6:19:49 PM,100,58,1.0,2
1,245,2024-11-19 23:19:50+00:00,"Tuesday, November 19, 2024",6:19:50 PM,100,58,1.0,2
1,246,2024-11-19 23:19:51+00:00,"Tuesday, November 19, 2024",6:19:51 PM,100,58,1.0,2
1,247,2024-11-19 23:19:52+00:00,"Tuesday, November 19, 2024",6:19:52 PM,100,57,1.0,2
1,248,2024-11-19 23:19:53+00:00,"Tuesday, November 19, 2024",6:19:53 PM,100,58,1.00,2
1,249,2024-11-19 23:19:54+00:00,"Tuesday, November 19, 2024",6:19:54 PM,100,58,0.98,2
1,250,2024-11-19 23:19:55+00:00,"Tuesday, November 19, 2024",6:19:55 PM,100,58,0.97,2
1,251,2024-11-19 23:19:56+00:00,"Tuesday, November 19, 2024",6:19:56 PM,100,58,0.97,2
1,252,2024-11-19 23:19:57+00:00,"Tuesday, November 19, 2024",6:19:57 PM,100,59,0.93,2
1,253,2024-11-19 23:19:58+00:00,"Tuesday, November 19, 2024",6:19:58 PM,100,61,0.93,2
1,254,2024-11-19 23:19:59+00:00,"Tuesday, November 19, 2024",6:19:59 PM,100,61,0.94,2
1,255,2024-11-19 23:20:00+00:00,"Tuesday, November 19, 2024",6:20:00 PM,100,61,0.94,2
1,256,2024-11-19 23:20:01+00:00,"Tuesday, November 19, 2024",6:20:01 PM,100,60,0.93,2
1,257,2024-11-19 23:20:02+00:00,"Tuesday, November 19, 2024",6:20:02 PM,100,60,0.88,2
1,258,2024-11-19 23:20:03+00:00,"Tuesday, November 19, 2024",6:20:03 PM,100,60,0.93,2
1,259,2024-11-19 23:20:04+00:00,"Tuesday, November 19, 2024",6:20:04 PM,100,61,0.98,2
1,260,2024-11-19 23:20:05+00:00,"Tuesday, November 19, 2024",6:20:05 PM,100,63,0.99,2
1,261,2024-11-19 23:20:06+00:00,"Tuesday, November 19, 2024",6:20:06 PM,100,65,0.95,2
1,262,2024-11-19 23:20:07+00:00,"Tuesday, November 19, 2024",6:20:07 PM,100,66,0.87,2
1,263,2024-11-19 23:20:08+00:00,"Tuesday, November 19, 2024",6:20:08 PM,100,67,0.91,2
1,264,2024-11-19 23:20:09+00:00,"Tuesday, November 19, 2024",6:20:09 PM,100,67,0.91,2
1,265,2024-11-19 23:20:10+00:00,"Tuesday, November 19, 2024",6:20:10 PM,100,67,0.90,2
1,266,2024-11-19 23:20:11+00:00,"Tuesday, November 19, 2024",6:20:11 PM,100,65,0.94,2
1,267,2024-11-19 23:20:12+00:00,"Tuesday, November 19, 2024",6:20:12 PM,100,66,0.97,2
1,268,2024-11-19 23:20:13+00:00,"Tuesday, November 19, 2024",6:20:13 PM,100,66,1.0,2
1,269,2024-11-19 23:20:14+00:00,"Tuesday, November 19, 2024",6:20:14 PM,100,66,1.0,2
1,270,2024-11-19 23:20:15+00:00,"Tuesday, November 19, 2024",6:20:15 PM,100,65,1.0,2
1,271,2024-11-19 23:20:16+00:00,"Tuesday, November 19, 2024",6:20:16 PM,100,65,1.0,2
1,272,2024-11-19 23:20:17+00:00,"Tuesday, November 19, 2024",6:20:17 PM,100,65,1.0,2
1,273,2024-11-19 23:20:18+00:00,"Tuesday, November 19, 2024",6:20:18 PM,100,61,0.97,2
1,274,2024-11-19 23:20:19+00:00,"Tuesday, November 19, 2024",6:20:19 PM,100,60,0.95,2
1,275,2024-11-19 23:20:20+00:00,"Tuesday, November 19, 2024",6:20:20 PM,100,60,1.0,2
1,276,2024-11-19 23:20:21+00:00,"Tuesday, November 19, 2024",6:20:21 PM,100,60,1.0,2
1,277,2024-11-19 23:20:22+00:00,"Tuesday, November 19, 2024",6:20:22 PM,100,60,1.1,2
1,278,2024-11-19 23:20:23+00:00,"Tuesday, November 19, 2024",6:20:23 PM,100,61,1.2,2
1,279,2024-11-19 23:20:24+00:00,"Tuesday, November 19, 2024",6:20:24 PM,100,60,1.2,2
1,280,2024-11-19 23:20:25+00:00,"Tuesday, November 19, 2024",6:20:25 PM,100,59,1.1,2
1,281,2024-11-19 23:20:26+00:00,"Tuesday, November 19, 2024",6:20:26 PM,100,59,1.1,2
1,282,2024-11-19 23:20:27+00:00,"Tuesday, November 19, 2024",6:20:27 PM,100,58,1.1,2
1,283,2024-11-19 23:20:28+00:00,"Tuesday, November 19, 2024",6:20:28 PM,100,58,1.1,2
1,284,2024-11-19 23:20:29+00:00,"Tuesday, November 19, 2024",6:20:29 PM,100,58,1.2,2
1,285,2024-11-19 23:20:30+00:00,"Tuesday, November 19, 2024",6:20:30 PM,100,57,1.2,2
1,286,2024-11-19 23:20:31+00:00,"Tuesday, November 19, 2024",6:20:31 PM,100,59,1.2,2
1,287,2024-11-19 23:20:32+00:00,"Tuesday, November 19, 2024",6:20:32 PM,100,58,1.2,2
1,288,2024-11-19 23:20:33+00:00,"Tuesday, November 19, 2024",6:20:33 PM,100,58,1.2,2
1,289,2024-11-19 23:20:34+00:00,"Tuesday, November 19, 2024",6:20:34 PM,100,58,1.1,2
1,290,2024-11-19 23:20:35+00:00,"Tuesday, November 19, 2024",6:20:35 PM,100,57,1.1,2
1,291,2024-11-19 23:20:36+00:00,"Tuesday, November 19, 2024",6:20:36 PM,100,57,1.1,2
1,292,2024-11-19 23:20:37+00:00,"Tuesday, November 19, 2024",6:20:37 PM,100,57,1.2,2
1,293,2024-11-19 23:20:38+00:00,"Tuesday, November 19, 2024",6:20:38 PM,100,56,1.2,2
1,294,2024-11-19 23:20:39+00:00,"Tuesday, November 19, 2024",6:20:39 PM,100,56,1.1,2
1,295,2024-11-19 23:20:40+00:00,"Tuesday, November 19, 2024",6:20:40 PM,100,56,1.1,2
1,296,2024-11-19 23:20:41+00:00,"Tuesday, November 19, 2024",6:20:41 PM,100,55,1.0,2
1,297,2024-11-19 23:20:42+00:00,"Tuesday, November 19, 2024",6:20:42 PM,99,55,1.1,2
1,298,2024-11-19 23:20:43+00:00,"Tuesday, November 19, 2024",6:20:43 PM,99,54,1.0,2
1,299,2024-11-19 23:20:44+00:00,"Tuesday, November 19, 2024",6:20:44 PM,99,54,1.0,2
1,300,2024-11-19 23:20:45+00:00,"Tuesday, November 19, 2024",6:20:45 PM,99,55,1.0,2
1,301,2024-11-19 23:20:46+00:00,"Tuesday, November 19, 2024",6:20:46 PM,99,55,0.99,2
1,302,2024-11-19 23:20:47+00:00,"Tuesday, November 19, 2024",6:20:47 PM,99,56,0.99,2
1,303,2024-11-19 23:20:48+00:00,"Tuesday, November 19, 2024",6:20:48 PM,99,56,0.98,2
1,304,2024-11-19 23:20:49+00:00,"Tuesday, November 19, 2024",6:20:49 PM,99,58,0.97,2
1,305,2024-11-19 23:20:50+00:00,"Tuesday, November 19, 2024",6:20:50 PM,99,59,0.93,2
1,306,2024-11-19 23:20:51+00:00,"Tuesday, November 19, 2024",6:20:51 PM,99,59,0.93,2
1,307,2024-11-19 23:20:52+00:00,"Tuesday, November 19, 2024",6:20:52 PM,99,59,0.93,2
1,308,2024-11-19 23:20:53+00:00,"Tuesday, November 19, 2024",6:20:53 PM,99,59,1.0,2
1,309,2024-11-19 23:20:54+00:00,"Tuesday, November 19, 2024",6:20:54 PM,99,60,1.1,2
1,310,2024-11-19 23:20:55+00:00,"Tuesday, November 19, 2024",6:20:55 PM,99,60,1.1,2
1,311,2024-11-19 23:20:56+00:00,"Tuesday, November 19, 2024",6:20:56 PM,100,60,1.1,2
1,312,2024-11-19 23:20:57+00:00,"Tuesday, November 19, 2024",6:20:57 PM,100,59,1.1,2
1,313,2024-11-19 23:20:58+00:00,"Tuesday, November 19, 2024",6:20:58 PM,100,58,1.1,2
1,314,2024-11-19 23:20:59+00:00,"Tuesday, November 19, 2024",6:20:59 PM,100,58,1.1,2
1,315,2024-11-19 23:21:00+00:00,"Tuesday, November 19, 2024",6:21:00 PM,100,58,1.1,2
1,316,2024-11-19 23:21:01+00:00,"Tuesday, November 19, 2024",6:21:01 PM,100,57,1.1,2
1,317,2024-11-19 23:21:02+00:00,"Tuesday, November 19, 2024",6:21:02 PM,100,57,1.1,2
1,318,2024-11-19 23:21:03+00:00,"Tuesday, November 19, 2024",6:21:03 PM,100,57,1.2,2
1,319,2024-11-19 23:21:04+00:00,"Tuesday, November 19, 2024",6:21:04 PM,100,57,1.2,2
1,320,2024-11-19 23:21:05+00:00,"Tuesday, November 19, 2024",6:21:05 PM,99,58,1.2,2
1,321,2024-11-19 23:21:06+00:00,"Tuesday, November 19, 2024",6:21:06 PM,99,57,1.3,2
1,322,2024-11-19 23:21:07+00:00,"Tuesday, November 19, 2024",6:21:07 PM,99,56,1.5,2
1,323,2024-11-19 23:21:08+00:00,"Tuesday, November 19, 2024",6:21:08 PM,99,57,1.4,2
1,324,2024-11-19 23:21:09+00:00,"Tuesday, November 19, 2024",6:21:09 PM,99,60,1.5,2
1,325,2024-11-19 23:21:10+00:00,"Tuesday, November 19, 2024",6:21:10 PM,99,60,1.3,2
1,326,2024-11-19 23:21:11+00:00,"Tuesday, November 19, 2024",6:21:11 PM,99,60,1.3,2
1,327,2024-11-19 23:21:12+00:00,"Tuesday, November 19, 2024",6:21:12 PM,99,61,1.2,2
1,328,2024-11-19 23:21:13+00:00,"Tuesday, November 19, 2024",6:21:13 PM,99,60,1.2,2
1,329,2024-11-19 23:21:14+00:00,"Tuesday, November 19, 2024",6:21:14 PM,99,61,1.2,2
1,330,2024-11-19 23:21:15+00:00,"Tuesday, November 19, 2024",6:21:15 PM,99,62,1.1,2
1,331,2024-11-19 23:21:16+00:00,"Tuesday, November 19, 2024",6:21:16 PM,99,63,1.1,2
1,332,2024-11-19 23:21:17+00:00,"Tuesday, November 19, 2024",6:21:17 PM,99,62,1.1,2
1,333,2024-11-19 23:21:18+00:00,"Tuesday, November 19, 2024",6:21:18 PM,99,62,1.2,2
1,334,2024-11-19 23:21:19+00:00,"Tuesday, November 19, 2024",6:21:19 PM,99,61,1.2,2
1,335,2024-11-19 23:21:20+00:00,"Tuesday, November 19, 2024",6:21:20 PM,99,61,1.2,2
1,336,2024-11-19 23:21:21+00:00,"Tuesday, November 19, 2024",6:21:21 PM,99,60,1.2,2
1,337,2024-11-19 23:21:22+00:00,"Tuesday, November 19, 2024",6:21:22 PM,99,59,1.2,2
1,338,2024-11-19 23:21:23+00:00,"Tuesday, November 19, 2024",6:21:23 PM,99,59,1.2,2
1,339,2024-11-19 23:21:24+00:00,"Tuesday, November 19, 2024",6:21:24 PM,99,59,1.2,2
1,340,2024-11-19 23:21:25+00:00,"Tuesday, November 19, 2024",6:21:25 PM,99,58,1.2,2
1,341,2024-11-19 23:21:26+00:00,"Tuesday, November 19, 2024",6:21:26 PM,99,57,1.2,2
1,342,2024-11-19 23:21:27+00:00,"Tuesday, November 19, 2024",6:21:27 PM,99,56,1.2,2
1,343,2024-11-19 23:21:28+00:00,"Tuesday, November 19, 2024",6:21:28 PM,99,56,1.2,2
1,344,2024-11-19 23:21:29+00:00,"Tuesday, November 19, 2024",6:21:29 PM,99,56,1.2,2
1,345,2024-11-19 23:21:30+00:00,"Tuesday, November 19, 2024",6:21:30 PM,99,56,1.2,2
1,39,2024-11-19 23:23:33+00:00,"Tuesday, November 19, 2024",6:23:33 PM,97,67,0.59,3
1,40,2024-11-19 23:23:34+00:00,"Tuesday, November 19, 2024",6:23:34 PM,97,67,0.58,3
1,41,2024-11-19 23:23:35+00:00,"Tuesday, November 19, 2024",6:23:35 PM,97,68,0.61,3
1,42,2024-11-19 23:23:36+00:00,"Tuesday, November 19, 2024",6:23:36 PM,97,69,0.62,3
1,43,2024-11-19 23:23:37+00:00,"Tuesday, November 19, 2024",6:23:37 PM,97,69,0.62,3
1,44,2024-11-19 23:23:38+00:00,"Tuesday, November 19, 2024",6:23:38 PM,97,69,0.61,3
1,45,2024-11-19 23:23:39+00:00,"Tuesday, November 19, 2024",6:23:39 PM,97,69,0.61,3
1,46,2024-11-19 23:23:40+00:00,"Tuesday, November 19, 2024",6:23:40 PM,97,69,0.63,3
1,47,2024-11-19 23:23:41+00:00,"Tuesday, November 19, 2024",6:23:41 PM,97,70,0.59,3
1,48,2024-11-19 23:23:42+00:00,"Tuesday, November 19, 2024",6:23:42 PM,97,71,0.58,3
1,49,2024-11-19 23:23:43+00:00,"Tuesday, November 19, 2024",6:23:43 PM,97,72,0.56,3
1,50,2024-11-19 23:23:44+00:00,"Tuesday, November 19, 2024",6:23:44 PM,97,72,0.56,3
1,51,2024-11-19 23:23:45+00:00,"Tuesday, November 19, 2024",6:23:45 PM,97,76,0.55,3
1,52,2024-11-19 23:23:46+00:00,"Tuesday, November 19, 2024",6:23:46 PM,97,76,0.55,3
1,53,2024-11-19 23:23:47+00:00,"Tuesday, November 19, 2024",6:23:47 PM,97,76,0.55,3
1,54,2024-11-19 23:23:48+00:00,"Tuesday, November 19, 2024",6:23:48 PM,97,76,0.59,3
1,55,2024-11-19 23:23:49+00:00,"Tuesday, November 19, 2024",6:23:49 PM,97,76,0.59,3
1,56,2024-11-19 23:23:50+00:00,"Tuesday, November 19, 2024",6:23:50 PM,97,75,0.61,3
1,57,2024-11-19 23:23:51+00:00,"Tuesday, November 19, 2024",6:23:51 PM,97,74,0.62,3
1,58,2024-11-19 23:23:52+00:00,"Tuesday, November 19, 2024",6:23:52 PM,97,73,0.62,3
1,59,2024-11-19 23:23:53+00:00,"Tuesday, November 19, 2024",6:23:53 PM,97,71,0.62,3
1,60,2024-11-19 23:23:54+00:00,"Tuesday, November 19, 2024",6:23:54 PM,97,69,0.62,3
1,61,2024-11-19 23:23:55+00:00,"Tuesday, November 19, 2024",6:23:55 PM,97,68,0.64,3
1,62,2024-11-19 23:23:56+00:00,"Tuesday, November 19, 2024",6:23:56 PM,97,68,0.64,3
1,63,2024-11-19 23:23:57+00:00,"Tuesday, November 19, 2024",6:23:57 PM,97,67,0.65,3
1,64,2024-11-19 23:23:58+00:00,"Tuesday, November 19, 2024",6:23:58 PM,97,67,0.65,3
1,65,2024-11-19 23:23:59+00:00,"Tuesday, November 19, 2024",6:23:59 PM,97,67,0.65,3
1,66,2024-11-19 23:24:00+00:00,"Tuesday, November 19, 2024",6:24:00 PM,--,--,--,3
1,67,2024-11-19 23:24:01+00:00,"Tuesday, November 19, 2024",6:24:01 PM,--,--,--,3
1,68,2024-11-19 23:24:02+00:00,"Tuesday, November 19, 2024",6:24:02 PM,--,--,--,3
1,69,2024-11-19 23:24:03+00:00,"Tuesday, November 19, 2024",6:24:03 PM,--,--,--,3
1,70,2024-11-19 23:24:04+00:00,"Tuesday, November 19, 2024",6:24:04 PM,--,--,--,3
1,71,2024-11-19 23:24:05+00:00,"Tuesday, November 19, 2024",6:24:05 PM,--,--,--,3
1,72,2024-11-19 23:24:06+00:00,"Tuesday, November 19, 2024",6:24:06 PM,--,--,--,3
1,73,2024-11-19 23:24:07+00:00,"Tuesday, November 19, 2024",6:24:07 PM,--,--,--,3
1,74,2024-11-19 23:24:08+00:00,"Tuesday, November 19, 2024",6:24:08 PM,--,--,--,3
1,75,2024-11-19 23:24:09+00:00,"Tuesday, November 19, 2024",6:24:09 PM,--,--,--,3
1,76,2024-11-19 23:24:10+00:00,"Tuesday, November 19, 2024",6:24:10 PM,--,--,0.00,3
1,77,2024-11-19 23:24:11+00:00,"Tuesday, November 19, 2024",6:24:11 PM,--,--,0.00,3
1,78,2024-11-19 23:24:12+00:00,"Tuesday, November 19, 2024",6:24:12 PM,98,72,0.92,3
1,79,2024-11-19 23:24:13+00:00,"Tuesday, November 19, 2024",6:24:13 PM,98,72,0.92,3
1,80,2024-11-19 23:24:14+00:00,"Tuesday, November 19, 2024",6:24:14 PM,98,72,1.0,3
1,81,2024-11-19 23:24:15+00:00,"Tuesday, November 19, 2024",6:24:15 PM,98,72,1.0,3
1,82,2024-11-19 23:24:16+00:00,"Tuesday, November 19, 2024",6:24:16 PM,98,69,0.93,3
1,83,2024-11-19 23:24:17+00:00,"Tuesday, November 19, 2024",6:24:17 PM,98,69,0.93,3
1,84,2024-11-19 23:24:18+00:00,"Tuesday, November 19, 2024",6:24:18 PM,98,69,0.97,3
1,85,2024-11-19 23:24:19+00:00,"Tuesday, November 19, 2024",6:24:19 PM,98,69,0.97,3
1,86,2024-11-19 23:24:20+00:00,"Tuesday, November 19, 2024",6:24:20 PM,100,69,1.0,3
1,87,2024-11-19 23:24:21+00:00,"Tuesday, November 19, 2024",6:24:21 PM,100,69,1.0,3
1,88,2024-11-19 23:24:22+00:00,"Tuesday, November 19, 2024",6:24:22 PM,100,71,0.88,3
1,89,2024-11-19 23:24:23+00:00,"Tuesday, November 19, 2024",6:24:23 PM,100,70,0.99,3
1,90,2024-11-19 23:24:24+00:00,"Tuesday, November 19, 2024",6:24:24 PM,100,70,0.51,3
1,91,2024-11-19 23:24:25+00:00,"Tuesday, November 19, 2024",6:24:25 PM,100,70,0.51,3
1,92,2024-11-19 23:24:26+00:00,"Tuesday, November 19, 2024",6:24:26 PM,98,70,0.71,3
1,93,2024-11-19 23:24:27+00:00,"Tuesday, November 19, 2024",6:24:27 PM,98,70,0.79,3
1,94,2024-11-19 23:24:28+00:00,"Tuesday, November 19, 2024",6:24:28 PM,98,70,0.81,3
1,95,2024-11-19 23:24:29+00:00,"Tuesday, November 19, 2024",6:24:29 PM,98,70,0.81,3
1,96,2024-11-19 23:24:30+00:00,"Tuesday, November 19, 2024",6:24:30 PM,98,70,0.81,3
1,97,2024-11-19 23:24:31+00:00,"Tuesday, November 19, 2024",6:24:31 PM,98,69,0.81,3
1,98,2024-11-19 23:24:32+00:00,"Tuesday, November 19, 2024",6:24:32 PM,98,69,0.81,3
1,99,2024-11-19 23:24:33+00:00,"Tuesday, November 19, 2024",6:24:33 PM,98,69,0.81,3
1,100,2024-11-19 23:24:34+00:00,"Tuesday, November 19, 2024",6:24:34 PM,97,69,0.82,3
1,101,2024-11-19 23:24:35+00:00,"Tuesday, November 19, 2024",6:24:35 PM,97,69,0.82,3
1,102,2024-11-19 23:24:36+00:00,"Tuesday, November 19, 2024",6:24:36 PM,97,69,0.83,3
1,103,2024-11-19 23:24:37+00:00,"Tuesday, November 19, 2024",6:24:37 PM,97,69,0.83,3
1,104,2024-11-19 23:24:38+00:00,"Tuesday, November 19, 2024",6:24:38 PM,97,68,0.83,3
1,105,2024-11-19 23:24:39+00:00,"Tuesday, November 19, 2024",6:24:39 PM,97,68,0.83,3
1,106,2024-11-19 23:24:40+00:00,"Tuesday, November 19, 2024",6:24:40 PM,97,69,0.89,3
1,107,2024-11-19 23:24:41+00:00,"Tuesday, November 19, 2024",6:24:41 PM,97,69,0.91,3
1,108,2024-11-19 23:24:42+00:00,"Tuesday, November 19, 2024",6:24:42 PM,97,72,0.92,3
1,109,2024-11-19 23:24:43+00:00,"Tuesday, November 19, 2024",6:24:43 PM,97,75,0.92,3
1,110,2024-11-19 23:24:44+00:00,"Tuesday, November 19, 2024",6:24:44 PM,97,75,0.92,3
1,111,2024-11-19 23:24:45+00:00,"Tuesday, November 19, 2024",6:24:45 PM,97,76,0.92,3
1,112,2024-11-19 23:24:46+00:00,"Tuesday, November 19, 2024",6:24:46 PM,97,76,0.93,3
1,113,2024-11-19 23:24:47+00:00,"Tuesday, November 19, 2024",6:24:47 PM,97,76,0.95,3
1,114,2024-11-19 23:24:48+00:00,"Tuesday, November 19, 2024",6:24:48 PM,97,75,0.98,3
1,115,2024-11-19 23:24:49+00:00,"Tuesday, November 19, 2024",6:24:49 PM,97,75,0.98,3
1,116,2024-11-19 23:24:50+00:00,"Tuesday, November 19, 2024",6:24:50 PM,97,74,1.0,3
1,117,2024-11-19 23:24:51+00:00,"Tuesday, November 19, 2024",6:24:51 PM,97,72,1.1,3
1,118,2024-11-19 23:24:52+00:00,"Tuesday, November 19, 2024",6:24:52 PM,97,72,1.1,3
1,119,2024-11-19 23:24:53+00:00,"Tuesday, November 19, 2024",6:24:53 PM,97,69,1.1,3
1,120,2024-11-19 23:24:54+00:00,"Tuesday, November 19, 2024",6:24:54 PM,97,68,1.1,3
1,121,2024-11-19 23:24:55+00:00,"Tuesday, November 19, 2024",6:24:55 PM,97,68,1.1,3
1,122,2024-11-19 23:24:56+00:00,"Tuesday, November 19, 2024",6:24:56 PM,97,68,1.1,3
1,123,2024-11-19 23:24:57+00:00,"Tuesday, November 19, 2024",6:24:57 PM,97,68,1.1,3
1,124,2024-11-19 23:24:58+00:00,"Tuesday, November 19, 2024",6:24:58 PM,97,68,1.1,3
1,125,2024-11-19 23:24:59+00:00,"Tuesday, November 19, 2024",6:24:59 PM,97,68,1.0,3
1,126,2024-11-19 23:25:00+00:00,"Tuesday, November 19, 2024",6:25:00 PM,97,69,1.0,3
1,127,2024-11-19 23:25:01+00:00,"Tuesday, November 19, 2024",6:25:01 PM,97,69,1.0,3
1,128,2024-11-19 23:25:02+00:00,"Tuesday, November 19, 2024",6:25:02 PM,97,69,1.0,3
1,129,2024-11-19 23:25:03+00:00,"Tuesday, November 19, 2024",6:25:03 PM,97,69,1.0,3
1,130,2024-11-19 23:25:04+00:00,"Tuesday, November 19, 2024",6:25:04 PM,97,69,1.0,3
1,131,2024-11-19 23:25:05+00:00,"Tuesday, November 19, 2024",6:25:05 PM,97,69,1.0,3
1,132,2024-11-19 23:25:06+00:00,"Tuesday, November 19, 2024",6:25:06 PM,97,69,1.0,3
1,133,2024-11-19 23:25:07+00:00,"Tuesday, November 19, 2024",6:25:07 PM,97,69,1.0,3
1,134,2024-11-19 23:25:08+00:00,"Tuesday, November 19, 2024",6:25:08 PM,97,69,1.0,3
1,135,2024-11-19 23:25:09+00:00,"Tuesday, November 19, 2024",6:25:09 PM,97,68,1.0,3
1,136,2024-11-19 23:25:10+00:00,"Tuesday, November 19, 2024",6:25:10 PM,97,68,1.2,3
1,137,2024-11-19 23:25:11+00:00,"Tuesday, November 19, 2024",6:25:11 PM,97,67,1.3,3
1,138,2024-11-19 23:25:12+00:00,"Tuesday, November 19, 2024",6:25:12 PM,97,67,1.4,3
1,139,2024-11-19 23:25:13+00:00,"Tuesday, November 19, 2024",6:25:13 PM,97,67,1.4,3
1,140,2024-11-19 23:25:14+00:00,"Tuesday, November 19, 2024",6:25:14 PM,97,67,1.4,3
1,141,2024-11-19 23:25:15+00:00,"Tuesday, November 19, 2024",6:25:15 PM,97,67,1.4,3
1,142,2024-11-19 23:25:16+00:00,"Tuesday, November 19, 2024",6:25:16 PM,96,67,1.4,3
1,143,2024-11-19 23:25:17+00:00,"Tuesday, November 19, 2024",6:25:17 PM,96,67,1.4,3
1,144,2024-11-19 23:25:18+00:00,"Tuesday, November 19, 2024",6:25:18 PM,96,67,1.4,3
1,145,2024-11-19 23:25:19+00:00,"Tuesday, November 19, 2024",6:25:19 PM,96,68,1.4,3
1,146,2024-11-19 23:25:20+00:00,"Tuesday, November 19, 2024",6:25:20 PM,96,68,1.3,3
1,147,2024-11-19 23:25:21+00:00,"Tuesday, November 19, 2024",6:25:21 PM,96,68,1.4,3
1,148,2024-11-19 23:25:22+00:00,"Tuesday, November 19, 2024",6:25:22 PM,96,67,1.4,3
1,149,2024-11-19 23:25:23+00:00,"Tuesday, November 19, 2024",6:25:23 PM,96,67,1.4,3
1,150,2024-11-19 23:25:24+00:00,"Tuesday, November 19, 2024",6:25:24 PM,96,67,1.4,3
1,151,2024-11-19 23:25:25+00:00,"Tuesday, November 19, 2024",6:25:25 PM,97,66,1.3,3
1,152,2024-11-19 23:25:26+00:00,"Tuesday, November 19, 2024",6:25:26 PM,97,66,1.2,3
1,153,2024-11-19 23:25:27+00:00,"Tuesday, November 19, 2024",6:25:27 PM,97,66,1.2,3
1,154,2024-11-19 23:25:28+00:00,"Tuesday, November 19, 2024",6:25:28 PM,97,66,1.2,3
1,155,2024-11-19 23:25:29+00:00,"Tuesday, November 19, 2024",6:25:29 PM,97,66,1.2,3
1,156,2024-11-19 23:25:30+00:00,"Tuesday, November 19, 2024",6:25:30 PM,97,66,1.2,3
1,157,2024-11-19 23:25:31+00:00,"Tuesday, November 19, 2024",6:25:31 PM,97,67,1.2,3
1,158,2024-11-19 23:25:32+00:00,"Tuesday, November 19, 2024",6:25:32 PM,97,67,1.2,3
1,159,2024-11-19 23:25:33+00:00,"Tuesday, November 19, 2024",6:25:33 PM,97,68,1.2,3
1,160,2024-11-19 23:25:34+00:00,"Tuesday, November 19, 2024",6:25:34 PM,97,68,1.2,3
1,161,2024-11-19 23:25:35+00:00,"Tuesday, November 19, 2024",6:25:35 PM,97,68,1.2,3
1,162,2024-11-19 23:25:36+00:00,"Tuesday, November 19, 2024",6:25:36 PM,97,69,1.2,3
1,163,2024-11-19 23:25:37+00:00,"Tuesday, November 19, 2024",6:25:37 PM,97,69,1.2,3
1,164,2024-11-19 23:25:38+00:00,"Tuesday, November 19, 2024",6:25:38 PM,97,69,1.2,3
1,165,2024-11-19 23:25:39+00:00,"Tuesday, November 19, 2024",6:25:39 PM,97,69,1.2,3
1,166,2024-11-19 23:25:40+00:00,"Tuesday, November 19, 2024",6:25:40 PM,97,69,1.2,3
1,167,2024-11-19 23:25:41+00:00,"Tuesday, November 19, 2024",6:25:41 PM,97,68,1.2,3
1,168,2024-11-19 23:25:42+00:00,"Tuesday, November 19, 2024",6:25:42 PM,97,68,1.2,3
1,169,2024-11-19 23:25:43+00:00,"Tuesday, November 19, 2024",6:25:43 PM,97,68,1.2,3
1,170,2024-11-19 23:25:44+00:00,"Tuesday, November 19, 2024",6:25:44 PM,96,68,1.2,3
1,171,2024-11-19 23:25:45+00:00,"Tuesday, November 19, 2024",6:25:45 PM,96,67,1.2,3
1,172,2024-11-19 23:25:46+00:00,"Tuesday, November 19, 2024",6:25:46 PM,96,67,1.3,3
1,173,2024-11-19 23:25:47+00:00,"Tuesday, November 19, 2024",6:25:47 PM,96,67,1.3,3
1,174,2024-11-19 23:25:48+00:00,"Tuesday, November 19, 2024",6:25:48 PM,96,67,1.3,3
1,175,2024-11-19 23:25:49+00:00,"Tuesday, November 19, 2024",6:25:49 PM,96,67,1.3,3
1,176,2024-11-19 23:25:50+00:00,"Tuesday, November 19, 2024",6:25:50 PM,96,67,1.3,3
1,177,2024-11-19 23:25:51+00:00,"Tuesday, November 19, 2024",6:25:51 PM,96,67,1.3,3
1,178,2024-11-19 23:25:52+00:00,"Tuesday, November 19, 2024",6:25:52 PM,96,68,1.3,3
1,179,2024-11-19 23:25:53+00:00,"Tuesday, November 19, 2024",6:25:53 PM,96,68,1.3,3
1,180,2024-11-19 23:25:54+00:00,"Tuesday, November 19, 2024",6:25:54 PM,96,68,1.3,3
1,181,2024-11-19 23:25:55+00:00,"Tuesday, November 19, 2024",6:25:55 PM,96,68,1.4,3
1,182,2024-11-19 23:25:56+00:00,"Tuesday, November 19, 2024",6:25:56 PM,97,68,1.4,3
1,183,2024-11-19 23:25:57+00:00,"Tuesday, November 19, 2024",6:25:57 PM,97,68,1.4,3
1,184,2024-11-19 23:25:58+00:00,"Tuesday, November 19, 2024",6:25:58 PM,97,68,1.5,3
1,185,2024-11-19 23:25:59+00:00,"Tuesday, November 19, 2024",6:25:59 PM,97,68,1.5,3
1,186,2024-11-19 23:26:00+00:00,"Tuesday, November 19, 2024",6:26:00 PM,97,68,1.5,3
1,187,2024-11-19 23:26:01+00:00,"Tuesday, November 19, 2024",6:26:01 PM,97,68,1.5,3
1,188,2024-11-19 23:26:02+00:00,"Tuesday, November 19, 2024",6:26:02 PM,97,69,1.5,3
1,189,2024-11-19 23:26:03+00:00,"Tuesday, November 19, 2024",6:26:03 PM,97,69,1.6,3
1,190,2024-11-19 23:26:04+00:00,"Tuesday, November 19, 2024",6:26:04 PM,97,68,1.6,3
1,191,2024-11-19 23:26:05+00:00,"Tuesday, November 19, 2024",6:26:05 PM,97,70,1.6,3
1,192,2024-11-19 23:26:06+00:00,"Tuesday, November 19, 2024",6:26:06 PM,97,70,1.6,3
1,193,2024-11-19 23:26:07+00:00,"Tuesday, November 19, 2024",6:26:07 PM,96,72,1.6,3
1,194,2024-11-19 23:26:08+00:00,"Tuesday, November 19, 2024",6:26:08 PM,96,72,1.6,3
1,195,2024-11-19 23:26:09+00:00,"Tuesday, November 19, 2024",6:26:09 PM,96,74,1.6,3
1,196,2024-11-19 23:26:10+00:00,"Tuesday, November 19, 2024",6:26:10 PM,96,74,1.6,3
1,197,2024-11-19 23:26:11+00:00,"Tuesday, November 19, 2024",6:26:11 PM,96,75,1.6,3
1,198,2024-11-19 23:26:12+00:00,"Tuesday, November 19, 2024",6:26:12 PM,96,75,1.6,3
1,199,2024-11-19 23:26:13+00:00,"Tuesday, November 19, 2024",6:26:13 PM,96,75,1.6,3
1,200,2024-11-19 23:26:14+00:00,"Tuesday, November 19, 2024",6:26:14 PM,96,73,1.5,3
1,201,2024-11-19 23:26:15+00:00,"Tuesday, November 19, 2024",6:26:15 PM,96,73,1.5,3
1,202,2024-11-19 23:26:16+00:00,"Tuesday, November 19, 2024",6:26:16 PM,96,73,1.4,3
1,203,2024-11-19 23:26:17+00:00,"Tuesday, November 19, 2024",6:26:17 PM,96,72,1.4,3
1,204,2024-11-19 23:26:18+00:00,"Tuesday, November 19, 2024",6:26:18 PM,96,72,1.4,3
1,205,2024-11-19 23:26:19+00:00,"Tuesday, November 19, 2024",6:26:19 PM,96,72,1.3,3
1,206,2024-11-19 23:26:20+00:00,"Tuesday, November 19, 2024",6:26:20 PM,96,72,1.3,3
1,207,2024-11-19 23:26:21+00:00,"Tuesday, November 19, 2024",6:26:21 PM,96,72,1.3,3
1,208,2024-11-19 23:26:22+00:00,"Tuesday, November 19, 2024",6:26:22 PM,96,71,1.3,3
1,209,2024-11-19 23:26:23+00:00,"Tuesday, November 19, 2024",6:26:23 PM,97,70,1.3,3
1,210,2024-11-19 23:26:24+00:00,"Tuesday, November 19, 2024",6:26:24 PM,97,70,1.3,3
1,211,2024-11-19 23:26:25+00:00,"Tuesday, November 19, 2024",6:26:25 PM,97,70,1.3,3
1,212,2024-11-19 23:26:26+00:00,"Tuesday, November 19, 2024",6:26:26 PM,97,70,1.3,3
1,213,2024-11-19 23:26:27+00:00,"Tuesday, November 19, 2024",6:26:27 PM,97,69,1.3,3
1,214,2024-11-19 23:26:28+00:00,"Tuesday, November 19, 2024",6:26:28 PM,97,69,1.3,3
1,215,2024-11-19 23:26:29+00:00,"Tuesday, November 19, 2024",6:26:29 PM,97,69,1.2,3
1,216,2024-11-19 23:26:30+00:00,"Tuesday, November 19, 2024",6:26:30 PM,97,69,1.2,3
1,217,2024-11-19 23:26:31+00:00,"Tuesday, November 19, 2024",6:26:31 PM,96,69,1.2,3
1,218,2024-11-19 23:26:32+00:00,"Tuesday, November 19, 2024",6:26:32 PM,96,69,1.2,3
1,219,2024-11-19 23:26:33+00:00,"Tuesday, November 19, 2024",6:26:33 PM,96,69,1.2,3
2,41,2024-11-19 23:29:18+00:00,"Tuesday, November 19, 2024",6:29:18 PM,100,63,0.24,4
2,42,2024-11-19 23:29:19+00:00,"Tuesday, November 19, 2024",6:29:19 PM,100,63,0.23,4
2,43,2024-11-19 23:29:20+00:00,"Tuesday, November 19, 2024",6:29:20 PM,100,63,0.23,4
2,44,2024-11-19 23:29:21+00:00,"Tuesday, November 19, 2024",6:29:21 PM,100,62,0.23,4
2,45,2024-11-19 23:29:22+00:00,"Tuesday, November 19, 2024",6:29:22 PM,100,62,0.24,4
2,46,2024-11-19 23:29:23+00:00,"Tuesday, November 19, 2024",6:29:23 PM,100,62,0.24,4
2,47,2024-11-19 23:29:24+00:00,"Tuesday, November 19, 2024",6:29:24 PM,100,62,0.24,4
2,48,2024-11-19 23:29:25+00:00,"Tuesday, November 19, 2024",6:29:25 PM,100,61,0.23,4
2,49,2024-11-19 23:29:26+00:00,"Tuesday, November 19, 2024",6:29:26 PM,100,61,0.25,4
2,50,2024-11-19 23:29:27+00:00,"Tuesday, November 19, 2024",6:29:27 PM,100,61,0.25,4
2,51,2024-11-19 23:29:28+00:00,"Tuesday, November 19, 2024",6:29:28 PM,100,60,0.24,4
2,52,2024-11-19 23:29:29+00:00,"Tuesday, November 19, 2024",6:29:29 PM,100,60,0.25,4
2,53,2024-11-19 23:29:30+00:00,"Tuesday, November 19, 2024",6:29:30 PM,100,60,0.24,4
2,54,2024-11-19 23:29:31+00:00,"Tuesday, November 19, 2024",6:29:31 PM,100,60,0.23,4
2,55,2024-11-19 23:29:32+00:00,"Tuesday, November 19, 2024",6:29:32 PM,100,60,0.23,4
2,56,2024-11-19 23:29:33+00:00,"Tuesday, November 19, 2024",6:29:33 PM,100,61,0.23,4
2,57,2024-11-19 23:29:34+00:00,"Tuesday, November 19, 2024",6:29:34 PM,100,61,0.23,4
2,58,2024-11-19 23:29:35+00:00,"Tuesday, November 19, 2024",6:29:35 PM,100,62,0.23,4
2,59,2024-11-19 23:29:36+00:00,"Tuesday, November 19, 2024",6:29:36 PM,100,62,0.23,4
2,60,2024-11-19 23:29:37+00:00,"Tuesday, November 19, 2024",6:29:37 PM,100,61,0.23,4
2,61,2024-11-19 23:29:38+00:00,"Tuesday, November 19, 2024",6:29:38 PM,100,62,0.23,4
2,62,2024-11-19 23:29:39+00:00,"Tuesday, November 19, 2024",6:29:39 PM,100,62,0.23,4
2,63,2024-11-19 23:29:40+00:00,"Tuesday, November 19, 2024",6:29:40 PM,100,62,0.23,4
2,64,2024-11-19 23:29:41+00:00,"Tuesday, November 19, 2024",6:29:41 PM,100,61,0.22,4
2,65,2024-11-19 23:29:42+00:00,"Tuesday, November 19, 2024",6:29:42 PM,100,61,0.22,4
2,66,2024-11-19 23:29:43+00:00,"Tuesday, November 19, 2024",6:29:43 PM,100,61,0.22,4
2,67,2024-11-19 23:29:44+00:00,"Tuesday, November 19, 2024",6:29:44 PM,100,60,0.22,4
2,68,2024-11-19 23:29:45+00:00,"Tuesday, November 19, 2024",6:29:45 PM,100,61,0.22,4
2,69,2024-11-19 23:29:46+00:00,"Tuesday, November 19, 2024",6:29:46 PM,100,61,0.21,4
2,70,2024-11-19 23:29:47+00:00,"Tuesday, November 19, 2024",6:29:47 PM,100,61,0.21,4
2,71,2024-11-19 23:29:48+00:00,"Tuesday, November 19, 2024",6:29:48 PM,100,61,0.21,4
2,72,2024-11-19 23:29:49+00:00,"Tuesday, November 19, 2024",6:29:49 PM,100,62,0.21,4
2,73,2024-11-19 23:29:50+00:00,"Tuesday, November 19, 2024",6:29:50 PM,100,62,0.21,4
2,74,2024-11-19 23:29:51+00:00,"Tuesday, November 19, 2024",6:29:51 PM,100,61,0.21,4
2,75,2024-11-19 23:29:52+00:00,"Tuesday, November 19, 2024",6:29:52 PM,100,61,0.21,4
2,76,2024-11-19 23:29:53+00:00,"Tuesday, November 19, 2024",6:29:53 PM,100,61,0.21,4
2,77,2024-11-19 23:29:54+00:00,"Tuesday, November 19, 2024",6:29:54 PM,100,61,0.21,4
2,78,2024-11-19 23:29:55+00:00,"Tuesday, November 19, 2024",6:29:55 PM,100,61,0.21,4
2,79,2024-11-19 23:29:56+00:00,"Tuesday, November 19, 2024",6:29:56 PM,100,61,0.22,4
2,80,2024-11-19 23:29:57+00:00,"Tuesday, November 19, 2024",6:29:57 PM,100,61,0.20,4
2,81,2024-11-19 23:29:58+00:00,"Tuesday, November 19, 2024",6:29:58 PM,100,61,0.20,4
2,82,2024-11-19 23:29:59+00:00,"Tuesday, November 19, 2024",6:29:59 PM,100,61,0.21,4
2,83,2024-11-19 23:30:00+00:00,"Tuesday, November 19, 2024",6:30:00 PM,100,61,0.20,4
2,84,2024-11-19 23:30:01+00:00,"Tuesday, November 19, 2024",6:30:01 PM,100,62,0.20,4
2,85,2024-11-19 23:30:02+00:00,"Tuesday, November 19, 2024",6:30:02 PM,100,62,0.20,4
2,86,2024-11-19 23:30:03+00:00,"Tuesday, November 19, 2024",6:30:03 PM,100,62,0.20,4
2,87,2024-11-19 23:30:04+00:00,"Tuesday, November 19, 2024",6:30:04 PM,100,63,0.20,4
2,88,2024-11-19 23:30:05+00:00,"Tuesday, November 19, 2024",6:30:05 PM,100,63,0.20,4
2,89,2024-11-19 23:30:06+00:00,"Tuesday, November 19, 2024",6:30:06 PM,100,63,0.20,4
2,90,2024-11-19 23:30:07+00:00,"Tuesday, November 19, 2024",6:30:07 PM,100,63,0.20,4
2,91,2024-11-19 23:30:08+00:00,"Tuesday, November 19, 2024",6:30:08 PM,100,63,0.17,4
2,92,2024-11-19 23:30:09+00:00,"Tuesday, November 19, 2024",6:30:09 PM,100,63,0.16,4
2,93,2024-11-19 23:30:10+00:00,"Tuesday, November 19, 2024",6:30:10 PM,100,63,0.16,4
2,94,2024-11-19 23:30:11+00:00,"Tuesday, November 19, 2024",6:30:11 PM,100,63,0.16,4
2,95,2024-11-19 23:30:12+00:00,"Tuesday, November 19, 2024",6:30:12 PM,100,63,0.16,4
2,96,2024-11-19 23:30:13+00:00,"Tuesday, November 19, 2024",6:30:13 PM,100,64,0.17,4
2,97,2024-11-19 23:30:14+00:00,"Tuesday, November 19, 2024",6:30:14 PM,100,64,0.18,4
2,98,2024-11-19 23:30:15+00:00,"Tuesday, November 19, 2024",6:30:15 PM,100,65,0.18,4
2,99,2024-11-19 23:30:16+00:00,"Tuesday, November 19, 2024",6:30:16 PM,100,64,0.19,4
2,100,2024-11-19 23:30:17+00:00,"Tuesday, November 19, 2024",6:30:17 PM,100,64,0.19,4
2,101,2024-11-19 23:30:18+00:00,"Tuesday, November 19, 2024",6:30:18 PM,100,65,0.19,4
2,102,2024-11-19 23:30:19+00:00,"Tuesday, November 19, 2024",6:30:19 PM,100,64,0.20,4
2,103,2024-11-19 23:30:20+00:00,"Tuesday, November 19, 2024",6:30:20 PM,100,64,0.20,4
2,104,2024-11-19 23:30:21+00:00,"Tuesday, November 19, 2024",6:30:21 PM,100,64,0.20,4
2,105,2024-11-19 23:30:22+00:00,"Tuesday, November 19, 2024",6:30:22 PM,100,64,0.20,4
2,106,2024-11-19 23:30:23+00:00,"Tuesday, November 19, 2024",6:30:23 PM,100,63,0.20,4
2,107,2024-11-19 23:30:24+00:00,"Tuesday, November 19, 2024",6:30:24 PM,100,63,0.20,4
2,108,2024-11-19 23:30:25+00:00,"Tuesday, November 19, 2024",6:30:25 PM,100,63,0.20,4
2,109,2024-11-19 23:30:26+00:00,"Tuesday, November 19, 2024",6:30:26 PM,100,63,0.20,4
2,110,2024-11-19 23:30:27+00:00,"Tuesday, November 19, 2024",6:30:27 PM,100,63,0.19,4
2,111,2024-11-19 23:30:28+00:00,"Tuesday, November 19, 2024",6:30:28 PM,100,63,0.19,4
2,112,2024-11-19 23:30:29+00:00,"Tuesday, November 19, 2024",6:30:29 PM,100,63,0.19,4
2,113,2024-11-19 23:30:30+00:00,"Tuesday, November 19, 2024",6:30:30 PM,100,64,0.19,4
2,114,2024-11-19 23:30:31+00:00,"Tuesday, November 19, 2024",6:30:31 PM,100,64,0.18,4
2,115,2024-11-19 23:30:32+00:00,"Tuesday, November 19, 2024",6:30:32 PM,100,65,0.17,4
2,116,2024-11-19 23:30:33+00:00,"Tuesday, November 19, 2024",6:30:33 PM,100,65,0.17,4
2,117,2024-11-19 23:30:34+00:00,"Tuesday, November 19, 2024",6:30:34 PM,100,65,0.18,4
2,118,2024-11-19 23:30:35+00:00,"Tuesday, November 19, 2024",6:30:35 PM,100,65,0.17,4
2,119,2024-11-19 23:30:36+00:00,"Tuesday, November 19, 2024",6:30:36 PM,100,65,0.17,4
2,120,2024-11-19 23:30:37+00:00,"Tuesday, November 19, 2024",6:30:37 PM,100,65,0.18,4
2,121,2024-11-19 23:30:38+00:00,"Tuesday, November 19, 2024",6:30:38 PM,100,64,0.18,4
2,122,2024-11-19 23:30:39+00:00,"Tuesday, November 19, 2024",6:30:39 PM,100,65,0.18,4
2,123,2024-11-19 23:30:40+00:00,"Tuesday, November 19, 2024",6:30:40 PM,100,65,0.18,4
2,124,2024-11-19 23:30:41+00:00,"Tuesday, November 19, 2024",6:30:41 PM,100,65,0.18,4
2,125,2024-11-19 23:30:42+00:00,"Tuesday, November 19, 2024",6:30:42 PM,100,65,0.18,4
2,126,2024-11-19 23:30:43+00:00,"Tuesday, November 19, 2024",6:30:43 PM,100,64,0.18,4
2,127,2024-11-19 23:30:44+00:00,"Tuesday, November 19, 2024",6:30:44 PM,100,64,0.19,4
2,128,2024-11-19 23:30:45+00:00,"Tuesday, November 19, 2024",6:30:45 PM,100,64,0.19,4
2,129,2024-11-19 23:30:46+00:00,"Tuesday, November 19, 2024",6:30:46 PM,100,64,0.18,4
2,130,2024-11-19 23:30:47+00:00,"Tuesday, November 19, 2024",6:30:47 PM,100,64,0.19,4
2,131,2024-11-19 23:30:48+00:00,"Tuesday, November 19, 2024",6:30:48 PM,100,64,0.18,4
2,132,2024-11-19 23:30:49+00:00,"Tuesday, November 19, 2024",6:30:49 PM,100,64,0.18,4
2,133,2024-11-19 23:30:50+00:00,"Tuesday, November 19, 2024",6:30:50 PM,100,63,0.16,4
2,134,2024-11-19 23:30:51+00:00,"Tuesday, November 19, 2024",6:30:51 PM,100,63,0.16,4
2,135,2024-11-19 23:30:52+00:00,"Tuesday, November 19, 2024",6:30:52 PM,--,--,--,4
2,136,2024-11-19 23:30:53+00:00,"Tuesday, November 19, 2024",6:30:53 PM,--,--,--,4
2,137,2024-11-19 23:30:54+00:00,"Tuesday, November 19, 2024",6:30:54 PM,--,--,--,4
2,138,2024-11-19 23:30:55+00:00,"Tuesday, November 19, 2024",6:30:55 PM,--,--,--,4
2,139,2024-11-19 23:30:56+00:00,"Tuesday, November 19, 2024",6:30:56 PM,--,--,--,4
2,140,2024-11-19 23:30:57+00:00,"Tuesday, November 19, 2024",6:30:57 PM,--,--,--,4
2,141,2024-11-19 23:30:58+00:00,"Tuesday, November 19, 2024",6:30:58 PM,--,--,--,4
2,142,2024-11-19 23:30:59+00:00,"Tuesday, November 19, 2024",6:30:59 PM,--,--,--,4
2,143,2024-11-19 23:31:00+00:00,"Tuesday, November 19, 2024",6:31:00 PM,--,--,0.00,4
2,144,2024-11-19 23:31:01+00:00,"Tuesday, November 19, 2024",6:31:01 PM,--,--,0.00,4
2,145,2024-11-19 23:31:02+00:00,"Tuesday, November 19, 2024",6:31:02 PM,87,--,0.09,4
2,146,2024-11-19 23:31:03+00:00,"Tuesday, November 19, 2024",6:31:03 PM,87,--,0.09,4
2,147,2024-11-19 23:31:04+00:00,"Tuesday, November 19, 2024",6:31:04 PM,87,0,0.09,4
2,148,2024-11-19 23:31:05+00:00,"Tuesday, November 19, 2024",6:31:05 PM,87,0,0.09,4
2,149,2024-11-19 23:31:06+00:00,"Tuesday, November 19, 2024",6:31:06 PM,87,64,0.13,4
2,150,2024-11-19 23:31:07+00:00,"Tuesday, November 19, 2024",6:31:07 PM,87,64,0.13,4
2,151,2024-11-19 23:31:08+00:00,"Tuesday, November 19, 2024",6:31:08 PM,87,66,0.14,4
2,152,2024-11-19 23:31:09+00:00,"Tuesday, November 19, 2024",6:31:09 PM,87,66,0.14,4
2,153,2024-11-19 23:31:10+00:00,"Tuesday, November 19, 2024",6:31:10 PM,99,66,0.14,4
2,154,2024-11-19 23:31:11+00:00,"Tuesday, November 19, 2024",6:31:11 PM,99,66,0.14,4
2,155,2024-11-19 23:31:12+00:00,"Tuesday, November 19, 2024",6:31:12 PM,100,65,0.14,4
2,156,2024-11-19 23:31:13+00:00,"Tuesday, November 19, 2024",6:31:13 PM,100,65,0.14,4
2,157,2024-11-19 23:31:14+00:00,"Tuesday, November 19, 2024",6:31:14 PM,100,65,0.14,4
2,158,2024-11-19 23:31:15+00:00,"Tuesday, November 19, 2024",6:31:15 PM,100,65,0.14,4
2,159,2024-11-19 23:31:16+00:00,"Tuesday, November 19, 2024",6:31:16 PM,100,65,0.14,4
2,160,2024-11-19 23:31:17+00:00,"Tuesday, November 19, 2024",6:31:17 PM,100,64,0.14,4
2,161,2024-11-19 23:31:18+00:00,"Tuesday, November 19, 2024",6:31:18 PM,100,64,0.17,4
2,162,2024-11-19 23:31:19+00:00,"Tuesday, November 19, 2024",6:31:19 PM,100,64,0.17,4
2,163,2024-11-19 23:31:20+00:00,"Tuesday, November 19, 2024",6:31:20 PM,100,64,0.17,4
2,164,2024-11-19 23:31:21+00:00,"Tuesday, November 19, 2024",6:31:21 PM,100,63,0.18,4
2,165,2024-11-19 23:31:22+00:00,"Tuesday, November 19, 2024",6:31:22 PM,100,63,0.18,4
2,166,2024-11-19 23:31:23+00:00,"Tuesday, November 19, 2024",6:31:23 PM,100,63,0.17,4
2,167,2024-11-19 23:31:24+00:00,"Tuesday, November 19, 2024",6:31:24 PM,100,63,0.15,4
2,168,2024-11-19 23:31:25+00:00,"Tuesday, November 19, 2024",6:31:25 PM,100,63,0.14,4
2,169,2024-11-19 23:31:26+00:00,"Tuesday, November 19, 2024",6:31:26 PM,100,62,0.14,4
2,170,2024-11-19 23:31:27+00:00,"Tuesday, November 19, 2024",6:31:27 PM,100,62,0.14,4
2,171,2024-11-19 23:31:28+00:00,"Tuesday, November 19, 2024",6:31:28 PM,100,61,0.14,4
2,172,2024-11-19 23:31:29+00:00,"Tuesday, November 19, 2024",6:31:29 PM,100,61,0.14,4
2,173,2024-11-19 23:31:30+00:00,"Tuesday, November 19, 2024",6:31:30 PM,100,62,0.14,4
2,174,2024-11-19 23:31:31+00:00,"Tuesday, November 19, 2024",6:31:31 PM,100,62,0.15,4
2,175,2024-11-19 23:31:32+00:00,"Tuesday, November 19, 2024",6:31:32 PM,100,63,0.15,4
2,176,2024-11-19 23:31:33+00:00,"Tuesday, November 19, 2024",6:31:33 PM,100,64,0.14,4
2,177,2024-11-19 23:31:34+00:00,"Tuesday, November 19, 2024",6:31:34 PM,100,66,0.15,4
2,178,2024-11-19 23:31:35+00:00,"Tuesday, November 19, 2024",6:31:35 PM,100,65,0.15,4
2,179,2024-11-19 23:31:36+00:00,"Tuesday, November 19, 2024",6:31:36 PM,100,65,0.15,4
2,180,2024-11-19 23:31:37+00:00,"Tuesday, November 19, 2024",6:31:37 PM,100,65,0.15,4
2,181,2024-11-19 23:31:38+00:00,"Tuesday, November 19, 2024",6:31:38 PM,100,64,0.15,4
2,182,2024-11-19 23:31:39+00:00,"Tuesday, November 19, 2024",6:31:39 PM,100,65,0.15,4
2,183,2024-11-19 23:31:40+00:00,"Tuesday, November 19, 2024",6:31:40 PM,100,64,0.14,4
2,184,2024-11-19 23:31:41+00:00,"Tuesday, November 19, 2024",6:31:41 PM,100,64,0.14,4
2,185,2024-11-19 23:31:42+00:00,"Tuesday, November 19, 2024",6:31:42 PM,100,64,0.14,4
2,186,2024-11-19 23:31:43+00:00,"Tuesday, November 19, 2024",6:31:43 PM,100,63,0.13,4
2,187,2024-11-19 23:31:44+00:00,"Tuesday, November 19, 2024",6:31:44 PM,100,62,0.13,4
2,188,2024-11-19 23:31:45+00:00,"Tuesday, November 19, 2024",6:31:45 PM,100,61,0.13,4
2,189,2024-11-19 23:31:46+00:00,"Tuesday, November 19, 2024",6:31:46 PM,100,61,0.14,4
2,190,2024-11-19 23:31:47+00:00,"Tuesday, November 19, 2024",6:31:47 PM,100,61,0.17,4
2,191,2024-11-19 23:31:48+00:00,"Tuesday, November 19, 2024",6:31:48 PM,100,61,0.17,4
2,192,2024-11-19 23:31:49+00:00,"Tuesday, November 19, 2024",6:31:49 PM,100,61,0.17,4
2,193,2024-11-19 23:31:50+00:00,"Tuesday, November 19, 2024",6:31:50 PM,100,60,0.17,4
2,194,2024-11-19 23:31:51+00:00,"Tuesday, November 19, 2024",6:31:51 PM,100,60,0.17,4
2,195,2024-11-19 23:31:52+00:00,"Tuesday, November 19, 2024",6:31:52 PM,100,60,0.16,4
2,196,2024-11-19 23:31:53+00:00,"Tuesday, November 19, 2024",6:31:53 PM,100,60,0.15,4
2,197,2024-11-19 23:31:54+00:00,"Tuesday, November 19, 2024",6:31:54 PM,100,61,0.14,4
2,198,2024-11-19 23:31:55+00:00,"Tuesday, November 19, 2024",6:31:55 PM,100,61,0.14,4
2,199,2024-11-19 23:31:56+00:00,"Tuesday, November 19, 2024",6:31:56 PM,100,61,0.14,4
2,200,2024-11-19 23:31:57+00:00,"Tuesday, November 19, 2024",6:31:57 PM,100,61,0.15,4
2,201,2024-11-19 23:31:58+00:00,"Tuesday, November 19, 2024",6:31:58 PM,100,61,0.16,4
2,202,2024-11-19 23:31:59+00:00,"Tuesday, November 19, 2024",6:31:59 PM,100,61,0.16,4
2,203,2024-11-19 23:32:00+00:00,"Tuesday, November 19, 2024",6:32:00 PM,100,61,0.16,4
2,204,2024-11-19 23:32:01+00:00,"Tuesday, November 19, 2024",6:32:01 PM,100,61,0.16,4
2,205,2024-11-19 23:32:02+00:00,"Tuesday, November 19, 2024",6:32:02 PM,100,61,0.16,4
2,206,2024-11-19 23:32:03+00:00,"Tuesday, November 19, 2024",6:32:03 PM,100,61,0.15,4
2,207,2024-11-19 23:32:04+00:00,"Tuesday, November 19, 2024",6:32:04 PM,100,61,0.15,4
2,208,2024-11-19 23:32:05+00:00,"Tuesday, November 19, 2024",6:32:05 PM,100,61,0.14,4
2,209,2024-11-19 23:32:06+00:00,"Tuesday, November 19, 2024",6:32:06 PM,100,61,0.14,4
2,210,2024-11-19 23:32:07+00:00,"Tuesday, November 19, 2024",6:32:07 PM,100,61,0.14,4
2,211,2024-11-19 23:32:08+00:00,"Tuesday, November 19, 2024",6:32:08 PM,100,62,0.14,4
2,212,2024-11-19 23:32:09+00:00,"Tuesday, November 19, 2024",6:32:09 PM,100,62,0.14,4
2,213,2024-11-19 23:32:10+00:00,"Tuesday, November 19, 2024",6:32:10 PM,100,62,0.14,4
2,214,2024-11-19 23:32:11+00:00,"Tuesday, November 19, 2024",6:32:11 PM,100,62,0.14,4
2,215,2024-11-19 23:32:12+00:00,"Tuesday, November 19, 2024",6:32:12 PM,100,62,0.15,4
2,216,2024-11-19 23:32:13+00:00,"Tuesday, November 19, 2024",6:32:13 PM,100,62,0.15,4
2,217,2024-11-19 23:32:14+00:00,"Tuesday, November 19, 2024",6:32:14 PM,100,63,0.15,4
2,218,2024-11-19 23:32:15+00:00,"Tuesday, November 19, 2024",6:32:15 PM,100,62,0.15,4
2,219,2024-11-19 23:32:16+00:00,"Tuesday, November 19, 2024",6:32:16 PM,100,62,0.16,4
2,220,2024-11-19 23:32:17+00:00,"Tuesday, November 19, 2024",6:32:17 PM,100,62,0.16,4
2,221,2024-11-19 23:32:18+00:00,"Tuesday, November 19, 2024",6:32:18 PM,100,61,0.15,4
1,75,2024-11-19 23:34:40+00:00,"Tuesday, November 19, 2024",6:34:40 PM,--,--,--,5
1,76,2024-11-19 23:34:41+00:00,"Tuesday, November 19, 2024",6:34:41 PM,--,--,--,5
1,77,2024-11-19 23:34:42+00:00,"Tuesday, November 19, 2024",6:34:42 PM,--,--,0.00,5
1,78,2024-11-19 23:34:43+00:00,"Tuesday, November 19, 2024",6:34:43 PM,--,--,0.00,5
1,79,2024-11-19 23:34:44+00:00,"Tuesday, November 19, 2024",6:34:44 PM,85,54,0.14,5
1,80,2024-11-19 23:34:45+00:00,"Tuesday, November 19, 2024",6:34:45 PM,85,54,0.14,5
1,81,2024-11-19 23:34:46+00:00,"Tuesday, November 19, 2024",6:34:46 PM,85,53,0.20,5
1,82,2024-11-19 23:34:47+00:00,"Tuesday, November 19, 2024",6:34:47 PM,85,53,0.20,5
1,83,2024-11-19 23:34:48+00:00,"Tuesday, November 19, 2024",6:34:48 PM,85,53,0.20,5
1,84,2024-11-19 23:34:49+00:00,"Tuesday, November 19, 2024",6:34:49 PM,85,53,0.20,5
1,85,2024-11-19 23:34:50+00:00,"Tuesday, November 19, 2024",6:34:50 PM,85,53,0.22,5
1,86,2024-11-19 23:34:51+00:00,"Tuesday, November 19, 2024",6:34:51 PM,85,53,0.22,5
1,87,2024-11-19 23:34:52+00:00,"Tuesday, November 19, 2024",6:34:52 PM,85,53,0.22,5
1,88,2024-11-19 23:34:53+00:00,"Tuesday, November 19, 2024",6:34:53 PM,85,53,0.22,5
1,89,2024-11-19 23:34:54+00:00,"Tuesday, November 19, 2024",6:34:54 PM,85,54,0.22,5
1,90,2024-11-19 23:34:55+00:00,"Tuesday, November 19, 2024",6:34:55 PM,100,55,0.22,5
1,91,2024-11-19 23:34:56+00:00,"Tuesday, November 19, 2024",6:34:56 PM,100,55,0.22,5
1,92,2024-11-19 23:34:57+00:00,"Tuesday, November 19, 2024",6:34:57 PM,100,55,0.22,5
1,93,2024-11-19 23:34:58+00:00,"Tuesday, November 19, 2024",6:34:58 PM,100,55,0.22,5
1,94,2024-11-19 23:34:59+00:00,"Tuesday, November 19, 2024",6:34:59 PM,100,56,0.27,5
1,95,2024-11-19 23:35:00+00:00,"Tuesday, November 19, 2024",6:35:00 PM,100,56,0.29,5
1,96,2024-11-19 23:35:01+00:00,"Tuesday, November 19, 2024",6:35:01 PM,100,56,0.29,5
1,97,2024-11-19 23:35:02+00:00,"Tuesday, November 19, 2024",6:35:02 PM,100,57,0.29,5
1,98,2024-11-19 23:35:03+00:00,"Tuesday, November 19, 2024",6:35:03 PM,100,59,0.30,5
1,99,2024-11-19 23:35:04+00:00,"Tuesday, November 19, 2024",6:35:04 PM,100,60,0.30,5
1,100,2024-11-19 23:35:05+00:00,"Tuesday, November 19, 2024",6:35:05 PM,100,60,0.29,5
1,101,2024-11-19 23:35:06+00:00,"Tuesday, November 19, 2024",6:35:06 PM,100,60,0.25,5
1,102,2024-11-19 23:35:07+00:00,"Tuesday, November 19, 2024",6:35:07 PM,100,60,0.25,5
1,103,2024-11-19 23:35:08+00:00,"Tuesday, November 19, 2024",6:35:08 PM,100,60,0.29,5
1,104,2024-11-19 23:35:09+00:00,"Tuesday, November 19, 2024",6:35:09 PM,100,60,0.29,5
1,105,2024-11-19 23:35:10+00:00,"Tuesday, November 19, 2024",6:35:10 PM,100,60,0.29,5
1,106,2024-11-19 23:35:11+00:00,"Tuesday, November 19, 2024",6:35:11 PM,100,61,0.30,5
1,107,2024-11-19 23:35:12+00:00,"Tuesday, November 19, 2024",6:35:12 PM,100,61,0.31,5
1,108,2024-11-19 23:35:13+00:00,"Tuesday, November 19, 2024",6:35:13 PM,100,61,0.32,5
1,109,2024-11-19 23:35:14+00:00,"Tuesday, November 19, 2024",6:35:14 PM,100,61,0.33,5
1,110,2024-11-19 23:35:15+00:00,"Tuesday, November 19, 2024",6:35:15 PM,100,58,0.33,5
1,111,2024-11-19 23:35:16+00:00,"Tuesday, November 19, 2024",6:35:16 PM,100,58,0.33,5
1,112,2024-11-19 23:35:17+00:00,"Tuesday, November 19, 2024",6:35:17 PM,100,57,0.33,5
1,113,2024-11-19 23:35:18+00:00,"Tuesday, November 19, 2024",6:35:18 PM,100,57,0.33,5
1,114,2024-11-19 23:35:19+00:00,"Tuesday, November 19, 2024",6:35:19 PM,100,58,0.33,5
1,115,2024-11-19 23:35:20+00:00,"Tuesday, November 19, 2024",6:35:20 PM,100,58,0.33,5
1,116,2024-11-19 23:35:21+00:00,"Tuesday, November 19, 2024",6:35:21 PM,100,58,0.33,5
1,117,2024-11-19 23:35:22+00:00,"Tuesday, November 19, 2024",6:35:22 PM,100,58,0.33,5
1,118,2024-11-19 23:35:23+00:00,"Tuesday, November 19, 2024",6:35:23 PM,100,58,0.33,5
1,119,2024-11-19 23:35:24+00:00,"Tuesday, November 19, 2024",6:35:24 PM,100,58,0.33,5
1,120,2024-11-19 23:35:25+00:00,"Tuesday, November 19, 2024",6:35:25 PM,100,59,0.33,5
1,121,2024-11-19 23:35:26+00:00,"Tuesday, November 19, 2024",6:35:26 PM,100,59,0.33,5
1,122,2024-11-19 23:35:27+00:00,"Tuesday, November 19, 2024",6:35:27 PM,100,59,0.33,5
1,123,2024-11-19 23:35:28+00:00,"Tuesday, November 19, 2024",6:35:28 PM,100,59,0.34,5
1,124,2024-11-19 23:35:29+00:00,"Tuesday, November 19, 2024",6:35:29 PM,100,59,0.34,5
1,125,2024-11-19 23:35:30+00:00,"Tuesday, November 19, 2024",6:35:30 PM,100,59,0.35,5
1,126,2024-11-19 23:35:31+00:00,"Tuesday, November 19, 2024",6:35:31 PM,100,58,0.35,5
1,127,2024-11-19 23:35:32+00:00,"Tuesday, November 19, 2024",6:35:32 PM,100,58,0.35,5
1,128,2024-11-19 23:35:33+00:00,"Tuesday, November 19, 2024",6:35:33 PM,100,58,0.35,5
1,129,2024-11-19 23:35:34+00:00,"Tuesday, November 19, 2024",6:35:34 PM,100,59,0.35,5
1,130,2024-11-19 23:35:35+00:00,"Tuesday, November 19, 2024",6:35:35 PM,100,58,0.35,5
1,131,2024-11-19 23:35:36+00:00,"Tuesday, November 19, 2024",6:35:36 PM,100,58,0.34,5
1,132,2024-11-19 23:35:37+00:00,"Tuesday, November 19, 2024",6:35:37 PM,100,58,0.32,5
1,133,2024-11-19 23:35:38+00:00,"Tuesday, November 19, 2024",6:35:38 PM,100,58,0.33,5
1,134,2024-11-19 23:35:39+00:00,"Tuesday, November 19, 2024",6:35:39 PM,100,57,0.32,5
1,135,2024-11-19 23:35:40+00:00,"Tuesday, November 19, 2024",6:35:40 PM,100,57,0.32,5
1,136,2024-11-19 23:35:41+00:00,"Tuesday, November 19, 2024",6:35:41 PM,100,57,0.30,5
1,137,2024-11-19 23:35:42+00:00,"Tuesday, November 19, 2024",6:35:42 PM,100,57,0.30,5
1,138,2024-11-19 23:35:43+00:00,"Tuesday, November 19, 2024",6:35:43 PM,100,57,0.30,5
1,139,2024-11-19 23:35:44+00:00,"Tuesday, November 19, 2024",6:35:44 PM,100,57,0.31,5
1,140,2024-11-19 23:35:45+00:00,"Tuesday, November 19, 2024",6:35:45 PM,100,57,0.31,5
1,141,2024-11-19 23:35:46+00:00,"Tuesday, November 19, 2024",6:35:46 PM,100,57,0.31,5
1,142,2024-11-19 23:35:47+00:00,"Tuesday, November 19, 2024",6:35:47 PM,100,56,0.32,5
1,143,2024-11-19 23:35:48+00:00,"Tuesday, November 19, 2024",6:35:48 PM,100,56,0.33,5
1,144,2024-11-19 23:35:49+00:00,"Tuesday, November 19, 2024",6:35:49 PM,100,55,0.34,5
1,145,2024-11-19 23:35:50+00:00,"Tuesday, November 19, 2024",6:35:50 PM,100,55,0.35,5
1,146,2024-11-19 23:35:51+00:00,"Tuesday, November 19, 2024",6:35:51 PM,100,55,0.35,5
1,147,2024-11-19 23:35:52+00:00,"Tuesday, November 19, 2024",6:35:52 PM,100,55,0.33,5
1,148,2024-11-19 23:35:53+00:00,"Tuesday, November 19, 2024",6:35:53 PM,100,55,0.35,5
1,149,2024-11-19 23:35:54+00:00,"Tuesday, November 19, 2024",6:35:54 PM,100,55,0.34,5
1,150,2024-11-19 23:35:55+00:00,"Tuesday, November 19, 2024",6:35:55 PM,100,55,0.33,5
1,151,2024-11-19 23:35:56+00:00,"Tuesday, November 19, 2024",6:35:56 PM,100,54,0.33,5
1,152,2024-11-19 23:35:57+00:00,"Tuesday, November 19, 2024",6:35:57 PM,100,54,0.33,5
1,153,2024-11-19 23:35:58+00:00,"Tuesday, November 19, 2024",6:35:58 PM,100,54,0.33,5
1,154,2024-11-19 23:35:59+00:00,"Tuesday, November 19, 2024",6:35:59 PM,100,54,0.33,5
1,155,2024-11-19 23:36:00+00:00,"Tuesday, November 19, 2024",6:36:00 PM,100,55,0.33,5
1,156,2024-11-19 23:36:01+00:00,"Tuesday, November 19, 2024",6:36:01 PM,100,58,0.33,5
1,157,2024-11-19 23:36:02+00:00,"Tuesday, November 19, 2024",6:36:02 PM,100,57,0.33,5
1,158,2024-11-19 23:36:03+00:00,"Tuesday, November 19, 2024",6:36:03 PM,100,57,0.33,5
1,159,2024-11-19 23:36:04+00:00,"Tuesday, November 19, 2024",6:36:04 PM,100,57,0.33,5
1,160,2024-11-19 23:36:05+00:00,"Tuesday, November 19, 2024",6:36:05 PM,100,58,0.32,5
1,161,2024-11-19 23:36:06+00:00,"Tuesday, November 19, 2024",6:36:06 PM,100,58,0.32,5
1,162,2024-11-19 23:36:07+00:00,"Tuesday, November 19, 2024",6:36:07 PM,100,59,0.32,5
1,163,2024-11-19 23:36:08+00:00,"Tuesday, November 19, 2024",6:36:08 PM,100,58,0.32,5
1,164,2024-11-19 23:36:09+00:00,"Tuesday, November 19, 2024",6:36:09 PM,100,58,0.33,5
1,165,2024-11-19 23:36:10+00:00,"Tuesday, November 19, 2024",6:36:10 PM,100,57,0.33,5
1,166,2024-11-19 23:36:11+00:00,"Tuesday, November 19, 2024",6:36:11 PM,100,57,0.33,5
1,167,2024-11-19 23:36:12+00:00,"Tuesday, November 19, 2024",6:36:12 PM,100,55,0.33,5
1,168,2024-11-19 23:36:13+00:00,"Tuesday, November 19, 2024",6:36:13 PM,100,55,0.33,5
1,169,2024-11-19 23:36:14+00:00,"Tuesday, November 19, 2024",6:36:14 PM,100,55,0.32,5
1,170,2024-11-19 23:36:15+00:00,"Tuesday, November 19, 2024",6:36:15 PM,100,55,0.32,5
1,171,2024-11-19 23:36:16+00:00,"Tuesday, November 19, 2024",6:36:16 PM,100,55,0.32,5
1,172,2024-11-19 23:36:17+00:00,"Tuesday, November 19, 2024",6:36:17 PM,100,55,0.32,5
1,173,2024-11-19 23:36:18+00:00,"Tuesday, November 19, 2024",6:36:18 PM,100,55,0.32,5
1,174,2024-11-19 23:36:19+00:00,"Tuesday, November 19, 2024",6:36:19 PM,100,55,0.31,5
1,175,2024-11-19 23:36:20+00:00,"Tuesday, November 19, 2024",6:36:20 PM,100,55,0.31,5
1,176,2024-11-19 23:36:21+00:00,"Tuesday, November 19, 2024",6:36:21 PM,100,55,0.31,5
1,177,2024-11-19 23:36:22+00:00,"Tuesday, November 19, 2024",6:36:22 PM,100,56,0.31,5
1,178,2024-11-19 23:36:23+00:00,"Tuesday, November 19, 2024",6:36:23 PM,100,56,0.31,5
1,179,2024-11-19 23:36:24+00:00,"Tuesday, November 19, 2024",6:36:24 PM,100,56,0.31,5
1,180,2024-11-19 23:36:25+00:00,"Tuesday, November 19, 2024",6:36:25 PM,--,--,--,5
1,181,2024-11-19 23:36:26+00:00,"Tuesday, November 19, 2024",6:36:26 PM,--,--,--,5
1,182,2024-11-19 23:36:27+00:00,"Tuesday, November 19, 2024",6:36:27 PM,--,--,--,5
1,183,2024-11-19 23:36:28+00:00,"Tuesday, November 19, 2024",6:36:28 PM,--,--,--,5
1,184,2024-11-19 23:36:29+00:00,"Tuesday, November 19, 2024",6:36:29 PM,--,--,--,5
1,185,2024-11-19 23:36:30+00:00,"Tuesday, November 19, 2024",6:36:30 PM,--,--,--,5
1,186,2024-11-19 23:36:31+00:00,"Tuesday, November 19, 2024",6:36:31 PM,--,--,--,5
1,187,2024-11-19 23:36:32+00:00,"Tuesday, November 19, 2024",6:36:32 PM,--,--,--,5
1,188,2024-11-19 23:36:33+00:00,"Tuesday, November 19, 2024",6:36:33 PM,--,--,--,5
1,189,2024-11-19 23:36:34+00:00,"Tuesday, November 19, 2024",6:36:34 PM,--,--,--,5
1,190,2024-11-19 23:36:35+00:00,"Tuesday, November 19, 2024",6:36:35 PM,--,--,0.00,5
1,191,2024-11-19 23:36:36+00:00,"Tuesday, November 19, 2024",6:36:36 PM,--,--,0.00,5
1,192,2024-11-19 23:36:37+00:00,"Tuesday, November 19, 2024",6:36:37 PM,100,--,0.21,5
1,193,2024-11-19 23:36:38+00:00,"Tuesday, November 19, 2024",6:36:38 PM,100,--,0.21,5
1,194,2024-11-19 23:36:39+00:00,"Tuesday, November 19, 2024",6:36:39 PM,100,0,0.21,5
1,195,2024-11-19 23:36:40+00:00,"Tuesday, November 19, 2024",6:36:40 PM,100,0,0.21,5
1,196,2024-11-19 23:36:41+00:00,"Tuesday, November 19, 2024",6:36:41 PM,100,54,0.30,5
1,197,2024-11-19 23:36:42+00:00,"Tuesday, November 19, 2024",6:36:42 PM,100,54,0.30,5
1,198,2024-11-19 23:36:43+00:00,"Tuesday, November 19, 2024",6:36:43 PM,100,54,0.33,5
1,199,2024-11-19 23:36:44+00:00,"Tuesday, November 19, 2024",6:36:44 PM,100,54,0.33,5
1,200,2024-11-19 23:36:45+00:00,"Tuesday, November 19, 2024",6:36:45 PM,100,54,0.34,5
1,201,2024-11-19 23:36:46+00:00,"Tuesday, November 19, 2024",6:36:46 PM,100,54,0.34,5
1,202,2024-11-19 23:36:47+00:00,"Tuesday, November 19, 2024",6:36:47 PM,100,55,0.34,5
1,203,2024-11-19 23:36:48+00:00,"Tuesday, November 19, 2024",6:36:48 PM,100,56,0.34,5
1,204,2024-11-19 23:36:49+00:00,"Tuesday, November 19, 2024",6:36:49 PM,100,56,0.34,5
1,205,2024-11-19 23:36:50+00:00,"Tuesday, November 19, 2024",6:36:50 PM,100,56,0.34,5
1,206,2024-11-19 23:36:51+00:00,"Tuesday, November 19, 2024",6:36:51 PM,100,57,0.33,5
1,207,2024-11-19 23:36:52+00:00,"Tuesday, November 19, 2024",6:36:52 PM,100,58,0.33,5
1,208,2024-11-19 23:36:53+00:00,"Tuesday, November 19, 2024",6:36:53 PM,100,57,0.33,5
1,209,2024-11-19 23:36:54+00:00,"Tuesday, November 19, 2024",6:36:54 PM,100,57,0.34,5
1,210,2024-11-19 23:36:55+00:00,"Tuesday, November 19, 2024",6:36:55 PM,100,57,0.34,5
1,211,2024-11-19 23:36:56+00:00,"Tuesday, November 19, 2024",6:36:56 PM,100,58,0.35,5
1,212,2024-11-19 23:36:57+00:00,"Tuesday, November 19, 2024",6:36:57 PM,100,58,0.35,5
1,213,2024-11-19 23:36:58+00:00,"Tuesday, November 19, 2024",6:36:58 PM,--,--,--,5
1,214,2024-11-19 23:36:59+00:00,"Tuesday, November 19, 2024",6:36:59 PM,--,--,--,5
1,215,2024-11-19 23:37:00+00:00,"Tuesday, November 19, 2024",6:37:00 PM,--,--,--,5
1,216,2024-11-19 23:37:01+00:00,"Tuesday, November 19, 2024",6:37:01 PM,--,--,--,5
1,217,2024-11-19 23:37:02+00:00,"Tuesday, November 19, 2024",6:37:02 PM,--,--,--,5
1,218,2024-11-19 23:37:03+00:00,"Tuesday, November 19, 2024",6:37:03 PM,--,--,--,5
1,219,2024-11-19 23:37:04+00:00,"Tuesday, November 19, 2024",6:37:04 PM,--,--,--,5
1,220,2024-11-19 23:37:05+00:00,"Tuesday, November 19, 2024",6:37:05 PM,--,--,--,5
1,221,2024-11-19 23:37:06+00:00,"Tuesday, November 19, 2024",6:37:06 PM,--,--,--,5
1,222,2024-11-19 23:37:07+00:00,"Tuesday, November 19, 2024",6:37:07 PM,--,--,--,5
1,223,2024-11-19 23:37:08+00:00,"Tuesday, November 19, 2024",6:37:08 PM,--,--,0.00,5
1,224,2024-11-19 23:37:09+00:00,"Tuesday, November 19, 2024",6:37:09 PM,--,--,0.00,5
1,225,2024-11-19 23:37:10+00:00,"Tuesday, November 19, 2024",6:37:10 PM,100,57,0.20,5
1,226,2024-11-19 23:37:11+00:00,"Tuesday, November 19, 2024",6:37:11 PM,100,57,0.20,5
1,227,2024-11-19 23:37:12+00:00,"Tuesday, November 19, 2024",6:37:12 PM,100,57,0.20,5
1,228,2024-11-19 23:37:13+00:00,"Tuesday, November 19, 2024",6:37:13 PM,100,57,0.20,5
1,229,2024-11-19 23:37:14+00:00,"Tuesday, November 19, 2024",6:37:14 PM,100,56,0.27,5
1,230,2024-11-19 23:37:15+00:00,"Tuesday, November 19, 2024",6:37:15 PM,100,56,0.27,5
1,231,2024-11-19 23:37:16+00:00,"Tuesday, November 19, 2024",6:37:16 PM,100,56,0.30,5
1,232,2024-11-19 23:37:17+00:00,"Tuesday, November 19, 2024",6:37:17 PM,100,56,0.30,5
1,233,2024-11-19 23:37:18+00:00,"Tuesday, November 19, 2024",6:37:18 PM,100,55,0.30,5
1,234,2024-11-19 23:37:19+00:00,"Tuesday, November 19, 2024",6:37:19 PM,100,55,0.30,5
1,235,2024-11-19 23:37:20+00:00,"Tuesday, November 19, 2024",6:37:20 PM,100,55,0.30,5
1,236,2024-11-19 23:37:21+00:00,"Tuesday, November 19, 2024",6:37:21 PM,100,55,0.30,5
1,237,2024-11-19 23:37:22+00:00,"Tuesday, November 19, 2024",6:37:22 PM,100,55,0.30,5
1,238,2024-11-19 23:37:23+00:00,"Tuesday, November 19, 2024",6:37:23 PM,100,56,0.30,5
1,239,2024-11-19 23:37:24+00:00,"Tuesday, November 19, 2024",6:37:24 PM,100,56,0.30,5
1,240,2024-11-19 23:37:25+00:00,"Tuesday, November 19, 2024",6:37:25 PM,--,--,--,5
1,241,2024-11-19 23:37:26+00:00,"Tuesday, November 19, 2024",6:37:26 PM,--,--,--,5
1,242,2024-11-19 23:37:27+00:00,"Tuesday, November 19, 2024",6:37:27 PM,--,--,--,5
1,243,2024-11-19 23:37:28+00:00,"Tuesday, November 19, 2024",6:37:28 PM,--,--,--,5
1,244,2024-11-19 23:37:29+00:00,"Tuesday, November 19, 2024",6:37:29 PM,--,--,--,5
1,245,2024-11-19 23:37:30+00:00,"Tuesday, November 19, 2024",6:37:30 PM,--,--,--,5
1,246,2024-11-19 23:37:31+00:00,"Tuesday, November 19, 2024",6:37:31 PM,--,--,--,5
1,247,2024-11-19 23:37:32+00:00,"Tuesday, November 19, 2024",6:37:32 PM,--,--,--,5
1,248,2024-11-19 23:37:33+00:00,"Tuesday, November 19, 2024",6:37:33 PM,--,--,--,5
1,249,2024-11-19 23:37:34+00:00,"Tuesday, November 19, 2024",6:37:34 PM,--,--,--,5
1,250,2024-11-19 23:37:35+00:00,"Tuesday, November 19, 2024",6:37:35 PM,--,--,0.00,5
1,251,2024-11-19 23:37:36+00:00,"Tuesday, November 19, 2024",6:37:36 PM,--,--,0.00,5
1,252,2024-11-19 23:37:37+00:00,"Tuesday, November 19, 2024",6:37:37 PM,98,60,0.21,5
1,253,2024-11-19 23:37:38+00:00,"Tuesday, November 19, 2024",6:37:38 PM,98,60,0.21,5
1,254,2024-11-19 23:37:39+00:00,"Tuesday, November 19, 2024",6:37:39 PM,98,60,0.21,5
1,255,2024-11-19 23:37:40+00:00,"Tuesday, November 19, 2024",6:37:40 PM,98,60,0.21,5
1,47,2024-11-19 23:39:30+00:00,"Tuesday, November 19, 2024",6:39:30 PM,97,78,3.0,6
1,48,2024-11-19 23:39:31+00:00,"Tuesday, November 19, 2024",6:39:31 PM,97,79,3.0,6
1,49,2024-11-19 23:39:32+00:00,"Tuesday, November 19, 2024",6:39:32 PM,97,79,3.0,6
1,50,2024-11-19 23:39:33+00:00,"Tuesday, November 19, 2024",6:39:33 PM,97,80,3.0,6
1,51,2024-11-19 23:39:34+00:00,"Tuesday, November 19, 2024",6:39:34 PM,97,80,3.0,6
1,52,2024-11-19 23:39:35+00:00,"Tuesday, November 19, 2024",6:39:35 PM,97,82,3.0,6
1,53,2024-11-19 23:39:36+00:00,"Tuesday, November 19, 2024",6:39:36 PM,97,86,3.1,6
1,54,2024-11-19 23:39:37+00:00,"Tuesday, November 19, 2024",6:39:37 PM,97,85,3.1,6
1,55,2024-11-19 23:39:38+00:00,"Tuesday, November 19, 2024",6:39:38 PM,97,85,3.2,6
1,56,2024-11-19 23:39:39+00:00,"Tuesday, November 19, 2024",6:39:39 PM,97,84,3.2,6
1,57,2024-11-19 23:39:40+00:00,"Tuesday, November 19, 2024",6:39:40 PM,97,84,3.2,6
1,58,2024-11-19 23:39:41+00:00,"Tuesday, November 19, 2024",6:39:41 PM,97,82,3.3,6
1,59,2024-11-19 23:39:42+00:00,"Tuesday, November 19, 2024",6:39:42 PM,97,82,3.2,6
1,60,2024-11-19 23:39:43+00:00,"Tuesday, November 19, 2024",6:39:43 PM,97,81,3.2,6
1,61,2024-11-19 23:39:44+00:00,"Tuesday, November 19, 2024",6:39:44 PM,97,81,3.2,6
1,62,2024-11-19 23:39:45+00:00,"Tuesday, November 19, 2024",6:39:45 PM,97,80,3.1,6
1,63,2024-11-19 23:39:46+00:00,"Tuesday, November 19, 2024",6:39:46 PM,97,82,3.0,6
1,64,2024-11-19 23:39:47+00:00,"Tuesday, November 19, 2024",6:39:47 PM,97,82,2.9,6
1,65,2024-11-19 23:39:48+00:00,"Tuesday, November 19, 2024",6:39:48 PM,97,82,2.9,6
1,66,2024-11-19 23:39:49+00:00,"Tuesday, November 19, 2024",6:39:49 PM,97,82,2.9,6
1,67,2024-11-19 23:39:50+00:00,"Tuesday, November 19, 2024",6:39:50 PM,97,84,2.9,6
1,68,2024-11-19 23:39:51+00:00,"Tuesday, November 19, 2024",6:39:51 PM,97,84,2.9,6
1,69,2024-11-19 23:39:52+00:00,"Tuesday, November 19, 2024",6:39:52 PM,97,82,2.9,6
1,70,2024-11-19 23:39:53+00:00,"Tuesday, November 19, 2024",6:39:53 PM,97,80,2.9,6
1,71,2024-11-19 23:39:54+00:00,"Tuesday, November 19, 2024",6:39:54 PM,97,80,3.0,6
1,72,2024-11-19 23:39:55+00:00,"Tuesday, November 19, 2024",6:39:55 PM,97,80,3.3,6
1,73,2024-11-19 23:39:56+00:00,"Tuesday, November 19, 2024",6:39:56 PM,97,80,3.3,6
1,74,2024-11-19 23:39:57+00:00,"Tuesday, November 19, 2024",6:39:57 PM,97,83,3.4,6
1,75,2024-11-19 23:39:58+00:00,"Tuesday, November 19, 2024",6:39:58 PM,97,81,3.5,6
1,76,2024-11-19 23:39:59+00:00,"Tuesday, November 19, 2024",6:39:59 PM,97,80,3.6,6
1,77,2024-11-19 23:40:00+00:00,"Tuesday, November 19, 2024",6:40:00 PM,97,81,3.7,6
1,78,2024-11-19 23:40:01+00:00,"Tuesday, November 19, 2024",6:40:01 PM,97,82,3.8,6
1,79,2024-11-19 23:40:02+00:00,"Tuesday, November 19, 2024",6:40:02 PM,97,86,3.8,6
1,80,2024-11-19 23:40:03+00:00,"Tuesday, November 19, 2024",6:40:03 PM,97,86,3.8,6
1,81,2024-11-19 23:40:04+00:00,"Tuesday, November 19, 2024",6:40:04 PM,97,89,3.8,6
1,82,2024-11-19 23:40:05+00:00,"Tuesday, November 19, 2024",6:40:05 PM,97,91,3.6,6
1,83,2024-11-19 23:40:06+00:00,"Tuesday, November 19, 2024",6:40:06 PM,97,95,3.3,6
1,84,2024-11-19 23:40:07+00:00,"Tuesday, November 19, 2024",6:40:07 PM,97,99,3.2,6
1,85,2024-11-19 23:40:08+00:00,"Tuesday, November 19, 2024",6:40:08 PM,97,100,3.2,6
1,86,2024-11-19 23:40:09+00:00,"Tuesday, November 19, 2024",6:40:09 PM,96,96,3.2,6
1,87,2024-11-19 23:40:10+00:00,"Tuesday, November 19, 2024",6:40:10 PM,96,96,3.2,6
1,88,2024-11-19 23:40:11+00:00,"Tuesday, November 19, 2024",6:40:11 PM,96,92,3.2,6
1,89,2024-11-19 23:40:12+00:00,"Tuesday, November 19, 2024",6:40:12 PM,96,91,3.4,6
1,90,2024-11-19 23:40:13+00:00,"Tuesday, November 19, 2024",6:40:13 PM,96,89,3.7,6
1,91,2024-11-19 23:40:14+00:00,"Tuesday, November 19, 2024",6:40:14 PM,96,88,3.8,6
1,92,2024-11-19 23:40:15+00:00,"Tuesday, November 19, 2024",6:40:15 PM,96,88,3.8,6
1,93,2024-11-19 23:40:16+00:00,"Tuesday, November 19, 2024",6:40:16 PM,97,86,3.8,6
1,94,2024-11-19 23:40:17+00:00,"Tuesday, November 19, 2024",6:40:17 PM,97,86,3.8,6
1,95,2024-11-19 23:40:18+00:00,"Tuesday, November 19, 2024",6:40:18 PM,97,84,3.8,6
1,96,2024-11-19 23:40:19+00:00,"Tuesday, November 19, 2024",6:40:19 PM,97,86,3.8,6
1,97,2024-11-19 23:40:20+00:00,"Tuesday, November 19, 2024",6:40:20 PM,97,87,3.6,6
1,98,2024-11-19 23:40:21+00:00,"Tuesday, November 19, 2024",6:40:21 PM,97,87,3.3,6
1,99,2024-11-19 23:40:22+00:00,"Tuesday, November 19, 2024",6:40:22 PM,97,87,3.3,6
1,100,2024-11-19 23:40:23+00:00,"Tuesday, November 19, 2024",6:40:23 PM,97,88,3.2,6
1,101,2024-11-19 23:40:24+00:00,"Tuesday, November 19, 2024",6:40:24 PM,97,89,3.2,6
1,102,2024-11-19 23:40:25+00:00,"Tuesday, November 19, 2024",6:40:25 PM,97,94,3.3,6
1,103,2024-11-19 23:40:26+00:00,"Tuesday, November 19, 2024",6:40:26 PM,97,94,3.6,6
1,104,2024-11-19 23:40:27+00:00,"Tuesday, November 19, 2024",6:40:27 PM,97,95,3.7,6
1,105,2024-11-19 23:40:28+00:00,"Tuesday, November 19, 2024",6:40:28 PM,97,95,3.8,6
1,106,2024-11-19 23:40:29+00:00,"Tuesday, November 19, 2024",6:40:29 PM,97,95,3.8,6
1,107,2024-11-19 23:40:30+00:00,"Tuesday, November 19, 2024",6:40:30 PM,97,93,3.8,6
1,108,2024-11-19 23:40:31+00:00,"Tuesday, November 19, 2024",6:40:31 PM,97,89,3.9,6
1,109,2024-11-19 23:40:32+00:00,"Tuesday, November 19, 2024",6:40:32 PM,97,88,4.0,6
1,110,2024-11-19 23:40:33+00:00,"Tuesday, November 19, 2024",6:40:33 PM,97,86,4.0,6
1,111,2024-11-19 23:40:34+00:00,"Tuesday, November 19, 2024",6:40:34 PM,97,86,4.0,6
1,112,2024-11-19 23:40:35+00:00,"Tuesday, November 19, 2024",6:40:35 PM,97,84,4.1,6
1,113,2024-11-19 23:40:36+00:00,"Tuesday, November 19, 2024",6:40:36 PM,97,82,4.2,6
1,114,2024-11-19 23:40:37+00:00,"Tuesday, November 19, 2024",6:40:37 PM,97,82,4.3,6
1,115,2024-11-19 23:40:38+00:00,"Tuesday, November 19, 2024",6:40:38 PM,97,82,4.4,6
1,116,2024-11-19 23:40:39+00:00,"Tuesday, November 19, 2024",6:40:39 PM,97,83,4.6,6
1,117,2024-11-19 23:40:40+00:00,"Tuesday, November 19, 2024",6:40:40 PM,97,84,4.7,6
1,118,2024-11-19 23:40:41+00:00,"Tuesday, November 19, 2024",6:40:41 PM,97,84,4.7,6
1,119,2024-11-19 23:40:42+00:00,"Tuesday, November 19, 2024",6:40:42 PM,97,83,4.8,6
1,120,2024-11-19 23:40:43+00:00,"Tuesday, November 19, 2024",6:40:43 PM,97,83,4.9,6
1,121,2024-11-19 23:40:44+00:00,"Tuesday, November 19, 2024",6:40:44 PM,97,81,5.0,6
1,122,2024-11-19 23:40:45+00:00,"Tuesday, November 19, 2024",6:40:45 PM,97,82,5.0,6
1,123,2024-11-19 23:40:46+00:00,"Tuesday, November 19, 2024",6:40:46 PM,97,82,5.0,6
1,124,2024-11-19 23:40:47+00:00,"Tuesday, November 19, 2024",6:40:47 PM,96,81,5.0,6
1,125,2024-11-19 23:40:48+00:00,"Tuesday, November 19, 2024",6:40:48 PM,96,81,5.0,6
1,126,2024-11-19 23:40:49+00:00,"Tuesday, November 19, 2024",6:40:49 PM,96,81,5.0,6
1,127,2024-11-19 23:40:50+00:00,"Tuesday, November 19, 2024",6:40:50 PM,96,82,4.9,6
1,128,2024-11-19 23:40:51+00:00,"Tuesday, November 19, 2024",6:40:51 PM,96,82,4.8,6
1,129,2024-11-19 23:40:52+00:00,"Tuesday, November 19, 2024",6:40:52 PM,96,83,4.8,6
1,130,2024-11-19 23:40:53+00:00,"Tuesday, November 19, 2024",6:40:53 PM,96,84,4.8,6
1,131,2024-11-19 23:40:54+00:00,"Tuesday, November 19, 2024",6:40:54 PM,96,84,4.8,6
1,132,2024-11-19 23:40:55+00:00,"Tuesday, November 19, 2024",6:40:55 PM,96,86,4.9,6
1,133,2024-11-19 23:40:56+00:00,"Tuesday, November 19, 2024",6:40:56 PM,96,88,4.9,6
1,134,2024-11-19 23:40:57+00:00,"Tuesday, November 19, 2024",6:40:57 PM,96,91,4.5,6
1,135,2024-11-19 23:40:58+00:00,"Tuesday, November 19, 2024",6:40:58 PM,96,90,4.3,6
1,136,2024-11-19 23:40:59+00:00,"Tuesday, November 19, 2024",6:40:59 PM,96,89,4.2,6
1,137,2024-11-19 23:41:00+00:00,"Tuesday, November 19, 2024",6:41:00 PM,96,89,4.1,6
1,138,2024-11-19 23:41:01+00:00,"Tuesday, November 19, 2024",6:41:01 PM,96,89,4.1,6
1,139,2024-11-19 23:41:02+00:00,"Tuesday, November 19, 2024",6:41:02 PM,96,88,3.7,6
1,140,2024-11-19 23:41:03+00:00,"Tuesday, November 19, 2024",6:41:03 PM,96,86,3.7,6
1,141,2024-11-19 23:41:04+00:00,"Tuesday, November 19, 2024",6:41:04 PM,96,85,3.5,6
1,142,2024-11-19 23:41:05+00:00,"Tuesday, November 19, 2024",6:41:05 PM,96,81,3.5,6
1,143,2024-11-19 23:41:06+00:00,"Tuesday, November 19, 2024",6:41:06 PM,96,81,3.5,6
1,144,2024-11-19 23:41:07+00:00,"Tuesday, November 19, 2024",6:41:07 PM,96,84,3.5,6
1,145,2024-11-19 23:41:08+00:00,"Tuesday, November 19, 2024",6:41:08 PM,96,84,3.5,6
1,146,2024-11-19 23:41:09+00:00,"Tuesday, November 19, 2024",6:41:09 PM,96,84,3.5,6
1,147,2024-11-19 23:41:10+00:00,"Tuesday, November 19, 2024",6:41:10 PM,97,83,3.6,6
1,148,2024-11-19 23:41:11+00:00,"Tuesday, November 19, 2024",6:41:11 PM,97,82,3.6,6
1,149,2024-11-19 23:41:12+00:00,"Tuesday, November 19, 2024",6:41:12 PM,97,84,3.8,6
1,150,2024-11-19 23:41:13+00:00,"Tuesday, November 19, 2024",6:41:13 PM,97,84,3.8,6
1,151,2024-11-19 23:41:14+00:00,"Tuesday, November 19, 2024",6:41:14 PM,97,83,4.0,6
1,152,2024-11-19 23:41:15+00:00,"Tuesday, November 19, 2024",6:41:15 PM,97,83,4.1,6
1,153,2024-11-19 23:41:16+00:00,"Tuesday, November 19, 2024",6:41:16 PM,97,83,4.3,6
1,154,2024-11-19 23:41:17+00:00,"Tuesday, November 19, 2024",6:41:17 PM,97,83,4.4,6
1,155,2024-11-19 23:41:18+00:00,"Tuesday, November 19, 2024",6:41:18 PM,97,84,4.5,6
1,156,2024-11-19 23:41:19+00:00,"Tuesday, November 19, 2024",6:41:19 PM,97,84,4.6,6
1,157,2024-11-19 23:41:20+00:00,"Tuesday, November 19, 2024",6:41:20 PM,97,86,4.6,6
1,158,2024-11-19 23:41:21+00:00,"Tuesday, November 19, 2024",6:41:21 PM,97,86,4.6,6
1,159,2024-11-19 23:41:22+00:00,"Tuesday, November 19, 2024",6:41:22 PM,97,88,4.7,6
1,160,2024-11-19 23:41:23+00:00,"Tuesday, November 19, 2024",6:41:23 PM,97,89,4.7,6
1,161,2024-11-19 23:41:24+00:00,"Tuesday, November 19, 2024",6:41:24 PM,97,88,4.6,6
1,162,2024-11-19 23:41:25+00:00,"Tuesday, November 19, 2024",6:41:25 PM,97,88,4.6,6
1,163,2024-11-19 23:41:26+00:00,"Tuesday, November 19, 2024",6:41:26 PM,97,88,4.5,6
1,164,2024-11-19 23:41:27+00:00,"Tuesday, November 19, 2024",6:41:27 PM,97,90,4.6,6
1,165,2024-11-19 23:41:28+00:00,"Tuesday, November 19, 2024",6:41:28 PM,97,91,4.6,6
1,166,2024-11-19 23:41:29+00:00,"Tuesday, November 19, 2024",6:41:29 PM,97,91,4.6,6
1,167,2024-11-19 23:41:30+00:00,"Tuesday, November 19, 2024",6:41:30 PM,96,94,4.7,6
1,168,2024-11-19 23:41:31+00:00,"Tuesday, November 19, 2024",6:41:31 PM,96,96,4.7,6
1,169,2024-11-19 23:41:32+00:00,"Tuesday, November 19, 2024",6:41:32 PM,96,96,4.7,6
1,170,2024-11-19 23:41:33+00:00,"Tuesday, November 19, 2024",6:41:33 PM,96,96,4.7,6
1,171,2024-11-19 23:41:34+00:00,"Tuesday, November 19, 2024",6:41:34 PM,96,95,4.7,6
1,172,2024-11-19 23:41:35+00:00,"Tuesday, November 19, 2024",6:41:35 PM,96,91,4.7,6
1,173,2024-11-19 23:41:36+00:00,"Tuesday, November 19, 2024",6:41:36 PM,96,90,5.0,6
1,174,2024-11-19 23:41:37+00:00,"Tuesday, November 19, 2024",6:41:37 PM,96,90,5.0,6
1,175,2024-11-19 23:41:38+00:00,"Tuesday, November 19, 2024",6:41:38 PM,96,88,5.3,6
1,176,2024-11-19 23:41:39+00:00,"Tuesday, November 19, 2024",6:41:39 PM,96,87,5.4,6
1,177,2024-11-19 23:41:40+00:00,"Tuesday, November 19, 2024",6:41:40 PM,96,87,5.5,6
1,178,2024-11-19 23:41:41+00:00,"Tuesday, November 19, 2024",6:41:41 PM,96,86,5.4,6
1,179,2024-11-19 23:41:42+00:00,"Tuesday, November 19, 2024",6:41:42 PM,96,84,5.1,6
1,180,2024-11-19 23:41:43+00:00,"Tuesday, November 19, 2024",6:41:43 PM,96,85,4.7,6
1,181,2024-11-19 23:41:44+00:00,"Tuesday, November 19, 2024",6:41:44 PM,96,85,4.7,6
1,182,2024-11-19 23:41:45+00:00,"Tuesday, November 19, 2024",6:41:45 PM,96,85,4.4,6
1,183,2024-11-19 23:41:46+00:00,"Tuesday, November 19, 2024",6:41:46 PM,96,86,4.2,6
1,184,2024-11-19 23:41:47+00:00,"Tuesday, November 19, 2024",6:41:47 PM,96,87,4.1,6
1,185,2024-11-19 23:41:48+00:00,"Tuesday, November 19, 2024",6:41:48 PM,96,87,4.1,6
1,186,2024-11-19 23:41:49+00:00,"Tuesday, November 19, 2024",6:41:49 PM,--,--,--,6
1,187,2024-11-19 23:41:50+00:00,"Tuesday, November 19, 2024",6:41:50 PM,--,--,--,6
1,188,2024-11-19 23:41:51+00:00,"Tuesday, November 19, 2024",6:41:51 PM,--,--,--,6
1,189,2024-11-19 23:41:52+00:00,"Tuesday, November 19, 2024",6:41:52 PM,--,--,--,6
1,190,2024-11-19 23:41:53+00:00,"Tuesday, November 19, 2024",6:41:53 PM,--,--,--,6
1,191,2024-11-19 23:41:54+00:00,"Tuesday, November 19, 2024",6:41:54 PM,--,--,--,6
1,192,2024-11-19 23:41:55+00:00,"Tuesday, November 19, 2024",6:41:55 PM,--,--,--,6
1,193,2024-11-19 23:41:56+00:00,"Tuesday, November 19, 2024",6:41:56 PM,--,--,--,6
1,194,2024-11-19 23:41:57+00:00,"Tuesday, November 19, 2024",6:41:57 PM,--,--,--,6
1,195,2024-11-19 23:41:58+00:00,"Tuesday, November 19, 2024",6:41:58 PM,--,--,--,6
1,196,2024-11-19 23:41:59+00:00,"Tuesday, November 19, 2024",6:41:59 PM,--,--,0.00,6
1,197,2024-11-19 23:42:00+00:00,"Tuesday, November 19, 2024",6:42:00 PM,--,--,0.00,6
1,198,2024-11-19 23:42:01+00:00,"Tuesday, November 19, 2024",6:42:01 PM,96,80,3.9,6
1,199,2024-11-19 23:42:02+00:00,"Tuesday, November 19, 2024",6:42:02 PM,96,80,3.9,6
1,200,2024-11-19 23:42:03+00:00,"Tuesday, November 19, 2024",6:42:03 PM,96,80,5.5,6
1,201,2024-11-19 23:42:04+00:00,"Tuesday, November 19, 2024",6:42:04 PM,96,80,5.5,6
1,202,2024-11-19 23:42:05+00:00,"Tuesday, November 19, 2024",6:42:05 PM,96,80,5.5,6
1,203,2024-11-19 23:42:06+00:00,"Tuesday, November 19, 2024",6:42:06 PM,96,80,5.5,6
1,204,2024-11-19 23:42:07+00:00,"Tuesday, November 19, 2024",6:42:07 PM,96,82,6.1,6
1,205,2024-11-19 23:42:08+00:00,"Tuesday, November 19, 2024",6:42:08 PM,96,82,6.1,6
1,206,2024-11-19 23:42:09+00:00,"Tuesday, November 19, 2024",6:42:09 PM,96,83,6.4,6
1,207,2024-11-19 23:42:10+00:00,"Tuesday, November 19, 2024",6:42:10 PM,96,83,6.4,6
1,208,2024-11-19 23:42:11+00:00,"Tuesday, November 19, 2024",6:42:11 PM,96,87,6.5,6
1,209,2024-11-19 23:42:12+00:00,"Tuesday, November 19, 2024",6:42:12 PM,96,90,6.6,6
1,210,2024-11-19 23:42:13+00:00,"Tuesday, November 19, 2024",6:42:13 PM,96,89,6.7,6
1,211,2024-11-19 23:42:14+00:00,"Tuesday, November 19, 2024",6:42:14 PM,96,89,6.7,6
1,212,2024-11-19 23:42:15+00:00,"Tuesday, November 19, 2024",6:42:15 PM,96,87,6.8,6
1,213,2024-11-19 23:42:16+00:00,"Tuesday, November 19, 2024",6:42:16 PM,96,85,6.9,6
1,214,2024-11-19 23:42:17+00:00,"Tuesday, November 19, 2024",6:42:17 PM,96,84,7.1,6
1,215,2024-11-19 23:42:18+00:00,"Tuesday, November 19, 2024",6:42:18 PM,96,83,7.3,6
1,216,2024-11-19 23:42:19+00:00,"Tuesday, November 19, 2024",6:42:19 PM,96,83,7.3,6
1,217,2024-11-19 23:42:20+00:00,"Tuesday, November 19, 2024",6:42:20 PM,96,83,7.3,6
1,218,2024-11-19 23:42:21+00:00,"Tuesday, November 19, 2024",6:42:21 PM,96,84,7.2,6
1,219,2024-11-19 23:42:22+00:00,"Tuesday, November 19, 2024",6:42:22 PM,96,89,7.2,6
1,220,2024-11-19 23:42:23+00:00,"Tuesday, November 19, 2024",6:42:23 PM,96,90,7.0,6
1,221,2024-11-19 23:42:24+00:00,"Tuesday, November 19, 2024",6:42:24 PM,96,92,7.0,6
1,222,2024-11-19 23:42:25+00:00,"Tuesday, November 19, 2024",6:42:25 PM,96,94,6.9,6
1,223,2024-11-19 23:42:26+00:00,"Tuesday, November 19, 2024",6:42:26 PM,96,94,6.9,6
1,224,2024-11-19 23:42:27+00:00,"Tuesday, November 19, 2024",6:42:27 PM,96,94,6.8,6
1,225,2024-11-19 23:42:28+00:00,"Tuesday, November 19, 2024",6:42:28 PM,96,94,6.8,6
1,226,2024-11-19 23:42:29+00:00,"Tuesday, November 19, 2024",6:42:29 PM,96,94,6.7,6
1,227,2024-11-19 23:42:30+00:00,"Tuesday, November 19, 2024",6:42:30 PM,96,93,6.7,6
11,47,2024-11-19 23:46:00+00:00,"Tuesday, November 19, 2024",6:46:00 PM,96,93,2.5,7
11,48,2024-11-19 23:46:01+00:00,"Tuesday, November 19, 2024",6:46:01 PM,96,93,2.5,7
11,49,2024-11-19 23:46:02+00:00,"Tuesday, November 19, 2024",6:46:02 PM,97,94,2.5,7
11,50,2024-11-19 23:46:03+00:00,"Tuesday, November 19, 2024",6:46:03 PM,97,94,2.4,7
11,51,2024-11-19 23:46:04+00:00,"Tuesday, November 19, 2024",6:46:04 PM,97,94,2.3,7
11,52,2024-11-19 23:46:05+00:00,"Tuesday, November 19, 2024",6:46:05 PM,97,94,2.3,7
11,53,2024-11-19 23:46:06+00:00,"Tuesday, November 19, 2024",6:46:06 PM,97,95,2.2,7
11,54,2024-11-19 23:46:07+00:00,"Tuesday, November 19, 2024",6:46:07 PM,97,96,2.2,7
11,55,2024-11-19 23:46:08+00:00,"Tuesday, November 19, 2024",6:46:08 PM,97,96,2.2,7
11,56,2024-11-19 23:46:09+00:00,"Tuesday, November 19, 2024",6:46:09 PM,97,96,2.2,7
11,57,2024-11-19 23:46:10+00:00,"Tuesday, November 19, 2024",6:46:10 PM,97,96,2.3,7
11,58,2024-11-19 23:46:11+00:00,"Tuesday, November 19, 2024",6:46:11 PM,97,96,2.3,7
11,59,2024-11-19 23:46:12+00:00,"Tuesday, November 19, 2024",6:46:12 PM,97,97,2.4,7
11,60,2024-11-19 23:46:13+00:00,"Tuesday, November 19, 2024",6:46:13 PM,97,97,2.4,7
11,61,2024-11-19 23:46:14+00:00,"Tuesday, November 19, 2024",6:46:14 PM,97,98,2.4,7
11,62,2024-11-19 23:46:15+00:00,"Tuesday, November 19, 2024",6:46:15 PM,97,98,2.4,7
11,63,2024-11-19 23:46:16+00:00,"Tuesday, November 19, 2024",6:46:16 PM,97,98,2.5,7
11,64,2024-11-19 23:46:17+00:00,"Tuesday, November 19, 2024",6:46:17 PM,97,97,2.5,7
11,65,2024-11-19 23:46:18+00:00,"Tuesday, November 19, 2024",6:46:18 PM,97,95,2.7,7
11,66,2024-11-19 23:46:19+00:00,"Tuesday, November 19, 2024",6:46:19 PM,97,94,2.8,7
11,67,2024-11-19 23:46:20+00:00,"Tuesday, November 19, 2024",6:46:20 PM,97,94,2.8,7
11,68,2024-11-19 23:46:21+00:00,"Tuesday, November 19, 2024",6:46:21 PM,97,92,2.9,7
11,69,2024-11-19 23:46:22+00:00,"Tuesday, November 19, 2024",6:46:22 PM,97,90,3.0,7
11,70,2024-11-19 23:46:23+00:00,"Tuesday, November 19, 2024",6:46:23 PM,97,90,3.1,7
11,71,2024-11-19 23:46:24+00:00,"Tuesday, November 19, 2024",6:46:24 PM,97,92,3.1,7
11,72,2024-11-19 23:46:25+00:00,"Tuesday, November 19, 2024",6:46:25 PM,97,92,3.2,7
11,73,2024-11-19 23:46:26+00:00,"Tuesday, November 19, 2024",6:46:26 PM,97,93,3.2,7
11,74,2024-11-19 23:46:27+00:00,"Tuesday, November 19, 2024",6:46:27 PM,97,93,3.2,7
11,75,2024-11-19 23:46:28+00:00,"Tuesday, November 19, 2024",6:46:28 PM,97,92,3.2,7
11,76,2024-11-19 23:46:29+00:00,"Tuesday, November 19, 2024",6:46:29 PM,97,92,3.2,7
11,77,2024-11-19 23:46:30+00:00,"Tuesday, November 19, 2024",6:46:30 PM,97,91,3.2,7
11,78,2024-11-19 23:46:31+00:00,"Tuesday, November 19, 2024",6:46:31 PM,97,90,3.2,7
11,79,2024-11-19 23:46:32+00:00,"Tuesday, November 19, 2024",6:46:32 PM,97,90,3.2,7
11,80,2024-11-19 23:46:33+00:00,"Tuesday, November 19, 2024",6:46:33 PM,97,90,3.2,7
11,81,2024-11-19 23:46:34+00:00,"Tuesday, November 19, 2024",6:46:34 PM,97,89,3.2,7
11,82,2024-11-19 23:46:35+00:00,"Tuesday, November 19, 2024",6:46:35 PM,97,89,3.2,7
11,83,2024-11-19 23:46:36+00:00,"Tuesday, November 19, 2024",6:46:36 PM,97,91,3.2,7
11,84,2024-11-19 23:46:37+00:00,"Tuesday, November 19, 2024",6:46:37 PM,97,91,3.2,7
11,85,2024-11-19 23:46:38+00:00,"Tuesday, November 19, 2024",6:46:38 PM,97,92,3.3,7
11,86,2024-11-19 23:46:39+00:00,"Tuesday, November 19, 2024",6:46:39 PM,97,92,3.3,7
11,87,2024-11-19 23:46:40+00:00,"Tuesday, November 19, 2024",6:46:40 PM,97,93,3.3,7
11,88,2024-11-19 23:46:41+00:00,"Tuesday, November 19, 2024",6:46:41 PM,97,94,3.3,7
11,89,2024-11-19 23:46:42+00:00,"Tuesday, November 19, 2024",6:46:42 PM,97,94,3.4,7
11,90,2024-11-19 23:46:43+00:00,"Tuesday, November 19, 2024",6:46:43 PM,97,94,3.4,7
11,91,2024-11-19 23:46:44+00:00,"Tuesday, November 19, 2024",6:46:44 PM,97,94,3.5,7
11,92,2024-11-19 23:46:45+00:00,"Tuesday, November 19, 2024",6:46:45 PM,96,94,3.5,7
11,93,2024-11-19 23:46:46+00:00,"Tuesday, November 19, 2024",6:46:46 PM,96,94,3.5,7
11,94,2024-11-19 23:46:47+00:00,"Tuesday, November 19, 2024",6:46:47 PM,96,94,3.5,7
11,95,2024-11-19 23:46:48+00:00,"Tuesday, November 19, 2024",6:46:48 PM,96,94,3.5,7
11,96,2024-11-19 23:46:49+00:00,"Tuesday, November 19, 2024",6:46:49 PM,96,92,3.5,7
11,97,2024-11-19 23:46:50+00:00,"Tuesday, November 19, 2024",6:46:50 PM,96,91,3.5,7
11,98,2024-11-19 23:46:51+00:00,"Tuesday, November 19, 2024",6:46:51 PM,96,91,3.5,7
11,99,2024-11-19 23:46:52+00:00,"Tuesday, November 19, 2024",6:46:52 PM,96,91,3.5,7
11,100,2024-11-19 23:46:53+00:00,"Tuesday, November 19, 2024",6:46:53 PM,96,90,3.5,7
11,101,2024-11-19 23:46:54+00:00,"Tuesday, November 19, 2024",6:46:54 PM,96,89,3.5,7
11,102,2024-11-19 23:46:55+00:00,"Tuesday, November 19, 2024",6:46:55 PM,96,89,3.5,7
11,103,2024-11-19 23:46:56+00:00,"Tuesday, November 19, 2024",6:46:56 PM,96,89,3.6,7
11,104,2024-11-19 23:46:57+00:00,"Tuesday, November 19, 2024",6:46:57 PM,96,90,3.6,7
11,105,2024-11-19 23:46:58+00:00,"Tuesday, November 19, 2024",6:46:58 PM,96,90,3.6,7
11,106,2024-11-19 23:46:59+00:00,"Tuesday, November 19, 2024",6:46:59 PM,96,91,3.6,7
11,107,2024-11-19 23:47:00+00:00,"Tuesday, November 19, 2024",6:47:00 PM,96,92,3.6,7
11,108,2024-11-19 23:47:01+00:00,"Tuesday, November 19, 2024",6:47:01 PM,96,93,3.5,7
11,109,2024-11-19 23:47:02+00:00,"Tuesday, November 19, 2024",6:47:02 PM,96,94,3.5,7
11,110,2024-11-19 23:47:03+00:00,"Tuesday, November 19, 2024",6:47:03 PM,96,94,3.6,7
11,111,2024-11-19 23:47:04+00:00,"Tuesday, November 19, 2024",6:47:04 PM,96,94,3.7,7
11,112,2024-11-19 23:47:05+00:00,"Tuesday, November 19, 2024",6:47:05 PM,96,94,3.7,7
11,113,2024-11-19 23:47:06+00:00,"Tuesday, November 19, 2024",6:47:06 PM,96,94,3.8,7
11,114,2024-11-19 23:47:07+00:00,"Tuesday, November 19, 2024",6:47:07 PM,96,94,3.8,7
11,115,2024-11-19 23:47:08+00:00,"Tuesday, November 19, 2024",6:47:08 PM,96,94,3.8,7
11,116,2024-11-19 23:47:09+00:00,"Tuesday, November 19, 2024",6:47:09 PM,96,93,3.8,7
11,117,2024-11-19 23:47:10+00:00,"Tuesday, November 19, 2024",6:47:10 PM,96,93,3.8,7
11,118,2024-11-19 23:47:11+00:00,"Tuesday, November 19, 2024",6:47:11 PM,96,93,3.7,7
11,119,2024-11-19 23:47:12+00:00,"Tuesday, November 19, 2024",6:47:12 PM,96,93,3.7,7
11,120,2024-11-19 23:47:13+00:00,"Tuesday, November 19, 2024",6:47:13 PM,96,92,3.7,7
11,121,2024-11-19 23:47:14+00:00,"Tuesday, November 19, 2024",6:47:14 PM,96,92,3.6,7
11,122,2024-11-19 23:47:15+00:00,"Tuesday, November 19, 2024",6:47:15 PM,96,92,3.6,7
11,123,2024-11-19 23:47:16+00:00,"Tuesday, November 19, 2024",6:47:16 PM,96,93,3.6,7
11,124,2024-11-19 23:47:17+00:00,"Tuesday, November 19, 2024",6:47:17 PM,96,93,3.6,7
11,125,2024-11-19 23:47:18+00:00,"Tuesday, November 19, 2024",6:47:18 PM,96,95,3.6,7
11,126,2024-11-19 23:47:19+00:00,"Tuesday, November 19, 2024",6:47:19 PM,96,95,3.6,7
11,127,2024-11-19 23:47:20+00:00,"Tuesday, November 19, 2024",6:47:20 PM,96,97,3.6,7
11,128,2024-11-19 23:47:21+00:00,"Tuesday, November 19, 2024",6:47:21 PM,96,99,3.5,7
11,129,2024-11-19 23:47:22+00:00,"Tuesday, November 19, 2024",6:47:22 PM,96,99,3.5,7
11,130,2024-11-19 23:47:23+00:00,"Tuesday, November 19, 2024",6:47:23 PM,96,98,3.5,7
11,131,2024-11-19 23:47:24+00:00,"Tuesday, November 19, 2024",6:47:24 PM,96,98,3.5,7
11,132,2024-11-19 23:47:25+00:00,"Tuesday, November 19, 2024",6:47:25 PM,96,97,3.5,7
11,133,2024-11-19 23:47:26+00:00,"Tuesday, November 19, 2024",6:47:26 PM,96,97,3.5,7
11,134,2024-11-19 23:47:27+00:00,"Tuesday, November 19, 2024",6:47:27 PM,96,94,3.5,7
11,135,2024-11-19 23:47:28+00:00,"Tuesday, November 19, 2024",6:47:28 PM,96,92,3.5,7
11,136,2024-11-19 23:47:29+00:00,"Tuesday, November 19, 2024",6:47:29 PM,96,90,3.7,7
11,137,2024-11-19 23:47:30+00:00,"Tuesday, November 19, 2024",6:47:30 PM,96,90,3.7,7
11,138,2024-11-19 23:47:31+00:00,"Tuesday, November 19, 2024",6:47:31 PM,96,88,3.8,7
11,139,2024-11-19 23:47:32+00:00,"Tuesday, November 19, 2024",6:47:32 PM,96,88,3.8,7
11,140,2024-11-19 23:47:33+00:00,"Tuesday, November 19, 2024",6:47:33 PM,96,88,3.9,7
11,141,2024-11-19 23:47:34+00:00,"Tuesday, November 19, 2024",6:47:34 PM,96,88,3.9,7
11,142,2024-11-19 23:47:35+00:00,"Tuesday, November 19, 2024",6:47:35 PM,96,89,3.9,7
11,143,2024-11-19 23:47:36+00:00,"Tuesday, November 19, 2024",6:47:36 PM,96,89,3.9,7
11,144,2024-11-19 23:47:37+00:00,"Tuesday, November 19, 2024",6:47:37 PM,96,89,3.9,7
11,145,2024-11-19 23:47:38+00:00,"Tuesday, November 19, 2024",6:47:38 PM,96,89,3.9,7
11,146,2024-11-19 23:47:39+00:00,"Tuesday, November 19, 2024",6:47:39 PM,96,89,3.8,7
11,147,2024-11-19 23:47:40+00:00,"Tuesday, November 19, 2024",6:47:40 PM,96,89,3.8,7
11,148,2024-11-19 23:47:41+00:00,"Tuesday, November 19, 2024",6:47:41 PM,96,90,3.8,7
11,149,2024-11-19 23:47:42+00:00,"Tuesday, November 19, 2024",6:47:42 PM,96,90,3.8,7
11,150,2024-11-19 23:47:43+00:00,"Tuesday, November 19, 2024",6:47:43 PM,96,90,3.8,7
11,151,2024-11-19 23:47:44+00:00,"Tuesday, November 19, 2024",6:47:44 PM,96,90,3.9,7
11,152,2024-11-19 23:47:45+00:00,"Tuesday, November 19, 2024",6:47:45 PM,97,90,3.9,7
11,153,2024-11-19 23:47:46+00:00,"Tuesday, November 19, 2024",6:47:46 PM,97,90,4.0,7
11,154,2024-11-19 23:47:47+00:00,"Tuesday, November 19, 2024",6:47:47 PM,97,91,4.0,7
11,155,2024-11-19 23:47:48+00:00,"Tuesday, November 19, 2024",6:47:48 PM,96,90,4.0,7
11,156,2024-11-19 23:47:49+00:00,"Tuesday, November 19, 2024",6:47:49 PM,96,90,4.0,7
11,157,2024-11-19 23:47:50+00:00,"Tuesday, November 19, 2024",6:47:50 PM,96,90,4.0,7
11,158,2024-11-19 23:47:51+00:00,"Tuesday, November 19, 2024",6:47:51 PM,96,91,4.0,7
11,159,2024-11-19 23:47:52+00:00,"Tuesday, November 19, 2024",6:47:52 PM,96,91,4.0,7
11,160,2024-11-19 23:47:53+00:00,"Tuesday, November 19, 2024",6:47:53 PM,96,89,4.0,7
11,161,2024-11-19 23:47:54+00:00,"Tuesday, November 19, 2024",6:47:54 PM,96,89,4.0,7
11,162,2024-11-19 23:47:55+00:00,"Tuesday, November 19, 2024",6:47:55 PM,96,89,4.0,7
11,163,2024-11-19 23:47:56+00:00,"Tuesday, November 19, 2024",6:47:56 PM,96,89,4.0,7
11,164,2024-11-19 23:47:57+00:00,"Tuesday, November 19, 2024",6:47:57 PM,96,89,3.9,7
11,165,2024-11-19 23:47:58+00:00,"Tuesday, November 19, 2024",6:47:58 PM,96,88,3.9,7
11,166,2024-11-19 23:47:59+00:00,"Tuesday, November 19, 2024",6:47:59 PM,96,88,3.9,7
11,167,2024-11-19 23:48:00+00:00,"Tuesday, November 19, 2024",6:48:00 PM,96,89,3.9,7
11,168,2024-11-19 23:48:01+00:00,"Tuesday, November 19, 2024",6:48:01 PM,96,89,3.9,7
11,169,2024-11-19 23:48:02+00:00,"Tuesday, November 19, 2024",6:48:02 PM,97,90,3.8,7
11,170,2024-11-19 23:48:03+00:00,"Tuesday, November 19, 2024",6:48:03 PM,97,91,3.8,7
11,171,2024-11-19 23:48:04+00:00,"Tuesday, November 19, 2024",6:48:04 PM,97,91,3.7,7
11,172,2024-11-19 23:48:05+00:00,"Tuesday, November 19, 2024",6:48:05 PM,97,91,3.8,7
11,173,2024-11-19 23:48:06+00:00,"Tuesday, November 19, 2024",6:48:06 PM,97,90,3.9,7
11,174,2024-11-19 23:48:07+00:00,"Tuesday, November 19, 2024",6:48:07 PM,97,89,4.0,7
11,175,2024-11-19 23:48:08+00:00,"Tuesday, November 19, 2024",6:48:08 PM,97,89,4.0,7
11,176,2024-11-19 23:48:09+00:00,"Tuesday, November 19, 2024",6:48:09 PM,97,89,4.1,7
11,177,2024-11-19 23:48:10+00:00,"Tuesday, November 19, 2024",6:48:10 PM,97,87,4.2,7
11,178,2024-11-19 23:48:11+00:00,"Tuesday, November 19, 2024",6:48:11 PM,97,85,4.4,7
11,179,2024-11-19 23:48:12+00:00,"Tuesday, November 19, 2024",6:48:12 PM,96,85,4.5,7
11,180,2024-11-19 23:48:13+00:00,"Tuesday, November 19, 2024",6:48:13 PM,96,87,4.5,7
11,181,2024-11-19 23:48:14+00:00,"Tuesday, November 19, 2024",6:48:14 PM,96,87,4.4,7
11,182,2024-11-19 23:48:15+00:00,"Tuesday, November 19, 2024",6:48:15 PM,96,88,4.4,7
11,183,2024-11-19 23:48:16+00:00,"Tuesday, November 19, 2024",6:48:16 PM,96,88,4.3,7
11,184,2024-11-19 23:48:17+00:00,"Tuesday, November 19, 2024",6:48:17 PM,96,87,4.2,7
11,185,2024-11-19 23:48:18+00:00,"Tuesday, November 19, 2024",6:48:18 PM,96,88,4.1,7
11,186,2024-11-19 23:48:19+00:00,"Tuesday, November 19, 2024",6:48:19 PM,96,88,3.9,7
11,187,2024-11-19 23:48:20+00:00,"Tuesday, November 19, 2024",6:48:20 PM,96,88,3.9,7
11,188,2024-11-19 23:48:21+00:00,"Tuesday, November 19, 2024",6:48:21 PM,96,88,3.8,7
11,189,2024-11-19 23:48:22+00:00,"Tuesday, November 19, 2024",6:48:22 PM,96,87,3.7,7
11,190,2024-11-19 23:48:23+00:00,"Tuesday, November 19, 2024",6:48:23 PM,96,88,3.7,7
11,191,2024-11-19 23:48:24+00:00,"Tuesday, November 19, 2024",6:48:24 PM,96,89,3.7,7
11,192,2024-11-19 23:48:25+00:00,"Tuesday, November 19, 2024",6:48:25 PM,96,89,3.7,7
11,193,2024-11-19 23:48:26+00:00,"Tuesday, November 19, 2024",6:48:26 PM,96,89,3.7,7
11,194,2024-11-19 23:48:27+00:00,"Tuesday, November 19, 2024",6:48:27 PM,96,89,3.7,7
11,195,2024-11-19 23:48:28+00:00,"Tuesday, November 19, 2024",6:48:28 PM,96,89,3.6,7
11,196,2024-11-19 23:48:29+00:00,"Tuesday, November 19, 2024",6:48:29 PM,96,89,3.6,7
11,197,2024-11-19 23:48:30+00:00,"Tuesday, November 19, 2024",6:48:30 PM,96,88,3.6,7
11,198,2024-11-19 23:48:31+00:00,"Tuesday, November 19, 2024",6:48:31 PM,97,87,3.7,7
11,199,2024-11-19 23:48:32+00:00,"Tuesday, November 19, 2024",6:48:32 PM,97,87,3.7,7
11,200,2024-11-19 23:48:33+00:00,"Tuesday, November 19, 2024",6:48:33 PM,97,87,3.8,7
11,201,2024-11-19 23:48:34+00:00,"Tuesday, November 19, 2024",6:48:34 PM,97,88,3.8,7
11,202,2024-11-19 23:48:35+00:00,"Tuesday, November 19, 2024",6:48:35 PM,97,88,3.9,7
11,203,2024-11-19 23:48:36+00:00,"Tuesday, November 19, 2024",6:48:36 PM,97,88,3.9,7
11,204,2024-11-19 23:48:37+00:00,"Tuesday, November 19, 2024",6:48:37 PM,97,89,3.9,7
11,205,2024-11-19 23:48:38+00:00,"Tuesday, November 19, 2024",6:48:38 PM,97,90,3.9,7
11,206,2024-11-19 23:48:39+00:00,"Tuesday, November 19, 2024",6:48:39 PM,97,90,3.9,7
11,207,2024-11-19 23:48:40+00:00,"Tuesday, November 19, 2024",6:48:40 PM,97,89,3.9,7
11,208,2024-11-19 23:48:41+00:00,"Tuesday, November 19, 2024",6:48:41 PM,97,88,3.9,7
11,209,2024-11-19 23:48:42+00:00,"Tuesday, November 19, 2024",6:48:42 PM,97,88,3.9,7
11,210,2024-11-19 23:48:43+00:00,"Tuesday, November 19, 2024",6:48:43 PM,97,89,4.0,7
11,211,2024-11-19 23:48:44+00:00,"Tuesday, November 19, 2024",6:48:44 PM,96,89,4.1,7
11,212,2024-11-19 23:48:45+00:00,"Tuesday, November 19, 2024",6:48:45 PM,96,89,4.1,7
11,213,2024-11-19 23:48:46+00:00,"Tuesday, November 19, 2024",6:48:46 PM,96,89,4.1,7
11,214,2024-11-19 23:48:47+00:00,"Tuesday, November 19, 2024",6:48:47 PM,96,90,4.1,7
11,215,2024-11-19 23:48:48+00:00,"Tuesday, November 19, 2024",6:48:48 PM,96,90,4.1,7
11,216,2024-11-19 23:48:49+00:00,"Tuesday, November 19, 2024",6:48:49 PM,96,90,4.1,7
11,217,2024-11-19 23:48:50+00:00,"Tuesday, November 19, 2024",6:48:50 PM,96,90,4.1,7
11,218,2024-11-19 23:48:51+00:00,"Tuesday, November 19, 2024",6:48:51 PM,96,90,4.1,7
11,219,2024-11-19 23:48:52+00:00,"Tuesday, November 19, 2024",6:48:52 PM,96,90,4.1,7
11,220,2024-11-19 23:48:53+00:00,"Tuesday, November 19, 2024",6:48:53 PM,96,89,4.0,7
11,221,2024-11-19 23:48:54+00:00,"Tuesday, November 19, 2024",6:48:54 PM,96,89,3.9,7
11,222,2024-11-19 23:48:55+00:00,"Tuesday, November 19, 2024",6:48:55 PM,97,89,3.9,7
11,223,2024-11-19 23:48:56+00:00,"Tuesday, November 19, 2024",6:48:56 PM,97,89,3.9,7
11,224,2024-11-19 23:48:57+00:00,"Tuesday, November 19, 2024",6:48:57 PM,97,89,3.9,7
11,225,2024-11-19 23:48:58+00:00,"Tuesday, November 19, 2024",6:48:58 PM,97,89,3.9,7
11,226,2024-11-19 23:48:59+00:00,"Tuesday, November 19, 2024",6:48:59 PM,97,89,3.9,7
11,227,2024-11-19 23:49:00+00:00,"Tuesday, November 19, 2024",6:49:00 PM,97,89,3.9,7
